filename,split,poly_wafer,crack,inactive
/Users/heyanfeng/Desktop/STUDY/科研/基于 RGB-Thermal 双模态融合的光伏组件缺陷检测与热斑识别/平台系统_完整版/training_pipeline_v2/prepared/cell_anomaly/images/test/cell2209.png,test,0,0,0
/Users/heyanfeng/Desktop/STUDY/科研/基于 RGB-Thermal 双模态融合的光伏组件缺陷检测与热斑识别/平台系统_完整版/training_pipeline_v2/prepared/cell_anomaly/images/test/cell0984.png,test,0,0,0
/Users/heyanfeng/Desktop/STUDY/科研/基于 RGB-Thermal 双模态融合的光伏组件缺陷检测与热斑识别/平台系统_完整版/training_pipeline_v2/prepared/cell_anomaly/images/test/cell1258.png,test,0,0,0
/Users/heyanfeng/Desktop/STUDY/科研/基于 RGB-Thermal 双模态融合的光伏组件缺陷检测与热斑识别/平台系统_完整版/training_pipeline_v2/prepared/cell_anomaly/images/test/cell1006.png,test,0,0,0
/Users/heyanfeng/Desktop/STUDY/科研/基于 RGB-Thermal 双模态融合的光伏组件缺陷检测与热斑识别/平台系统_完整版/training_pipeline_v2/prepared/cell_anomaly/images/test/cell1491.png,test,0,0,0
/Users/heyanfeng/Desktop/STUDY/科研/基于 RGB-Thermal 双模态融合的光伏组件缺陷检测与热斑识别/平台系统_完整版/training_pipeline_v2/prepared/cell_anomaly/images/test/cell1000.png,test,0,0,0
/Users/heyanfeng/Desktop/STUDY/科研/基于 RGB-Thermal 双模态融合的光伏组件缺陷检测与热斑识别/平台系统_完整版/training_pipeline_v2/prepared/cell_anomaly/images/test/cell1539.png,test,0,0,0
/Users/heyanfeng/Desktop/STUDY/科研/基于 RGB-Thermal 双模态融合的光伏组件缺陷检测与热斑识别/平台系统_完整版/training_pipeline_v2/prepared/cell_anomaly/images/test/cell1566.png,test,0,0,0
/Users/heyanfeng/Desktop/STUDY/科研/基于 RGB-Thermal 双模态融合的光伏组件缺陷检测与热斑识别/平台系统_完整版/training_pipeline_v2/prepared/cell_anomaly/images/test/cell1203.png,test,0,0,0
/Users/heyanfeng/Desktop/STUDY/科研/基于 RGB-Thermal 双模态融合的光伏组件缺陷检测与热斑识别/平台系统_完整版/training_pipeline_v2/prepared/cell_anomaly/images/test/cell0968.png,test,0,0,0
/Users/heyanfeng/Desktop/STUDY/科研/基于 RGB-Thermal 双模态融合的光伏组件缺陷检测与热斑识别/平台系统_完整版/training_pipeline_v2/prepared/cell_anomaly/images/test/cell1198.png,test,0,0,0
/Users/heyanfeng/Desktop/STUDY/科研/基于 RGB-Thermal 双模态融合的光伏组件缺陷检测与热斑识别/平台系统_完整版/training_pipeline_v2/prepared/cell_anomaly/images/test/cell1594.png,test,0,0,0
/Users/heyanfeng/Desktop/STUDY/科研/基于 RGB-Thermal 双模态融合的光伏组件缺陷检测与热斑识别/平台系统_完整版/training_pipeline_v2/prepared/cell_anomaly/images/test/cell1604.png,test,0,0,0
/Users/heyanfeng/Desktop/STUDY/科研/基于 RGB-Thermal 双模态融合的光伏组件缺陷检测与热斑识别/平台系统_完整版/training_pipeline_v2/prepared/cell_anomaly/images/test/cell1515.png,test,0,0,0
/Users/heyanfeng/Desktop/STUDY/科研/基于 RGB-Thermal 双模态融合的光伏组件缺陷检测与热斑识别/平台系统_完整版/training_pipeline_v2/prepared/cell_anomaly/images/test/cell1249.png,test,0,0,0
/Users/heyanfeng/Desktop/STUDY/科研/基于 RGB-Thermal 双模态融合的光伏组件缺陷检测与热斑识别/平台系统_完整版/training_pipeline_v2/prepared/cell_anomaly/images/test/cell2407.png,test,0,0,0
/Users/heyanfeng/Desktop/STUDY/科研/基于 RGB-Thermal 双模态融合的光伏组件缺陷检测与热斑识别/平台系统_完整版/training_pipeline_v2/prepared/cell_anomaly/images/test/cell1492.png,test,0,0,0
/Users/heyanfeng/Desktop/STUDY/科研/基于 RGB-Thermal 双模态融合的光伏组件缺陷检测与热斑识别/平台系统_完整版/training_pipeline_v2/prepared/cell_anomaly/images/test/cell1273.png,test,0,0,0
/Users/heyanfeng/Desktop/STUDY/科研/基于 RGB-Thermal 双模态融合的光伏组件缺陷检测与热斑识别/平台系统_完整版/training_pipeline_v2/prepared/cell_anomaly/images/test/cell0538.png,test,0,0,0
/Users/heyanfeng/Desktop/STUDY/科研/基于 RGB-Thermal 双模态融合的光伏组件缺陷检测与热斑识别/平台系统_完整版/training_pipeline_v2/prepared/cell_anomaly/images/test/cell1525.png,test,0,0,0
/Users/heyanfeng/Desktop/STUDY/科研/基于 RGB-Thermal 双模态融合的光伏组件缺陷检测与热斑识别/平台系统_完整版/training_pipeline_v2/prepared/cell_anomaly/images/test/cell1186.png,test,0,0,0
/Users/heyanfeng/Desktop/STUDY/科研/基于 RGB-Thermal 双模态融合的光伏组件缺陷检测与热斑识别/平台系统_完整版/training_pipeline_v2/prepared/cell_anomaly/images/test/cell1522.png,test,0,0,0
/Users/heyanfeng/Desktop/STUDY/科研/基于 RGB-Thermal 双模态融合的光伏组件缺陷检测与热斑识别/平台系统_完整版/training_pipeline_v2/prepared/cell_anomaly/images/test/cell1056.png,test,0,0,0
/Users/heyanfeng/Desktop/STUDY/科研/基于 RGB-Thermal 双模态融合的光伏组件缺陷检测与热斑识别/平台系统_完整版/training_pipeline_v2/prepared/cell_anomaly/images/test/cell0925.png,test,0,0,0
/Users/heyanfeng/Desktop/STUDY/科研/基于 RGB-Thermal 双模态融合的光伏组件缺陷检测与热斑识别/平台系统_完整版/training_pipeline_v2/prepared/cell_anomaly/images/test/cell1614.png,test,0,0,0
/Users/heyanfeng/Desktop/STUDY/科研/基于 RGB-Thermal 双模态融合的光伏组件缺陷检测与热斑识别/平台系统_完整版/training_pipeline_v2/prepared/cell_anomaly/images/test/cell1271.png,test,0,0,0
/Users/heyanfeng/Desktop/STUDY/科研/基于 RGB-Thermal 双模态融合的光伏组件缺陷检测与热斑识别/平台系统_完整版/training_pipeline_v2/prepared/cell_anomaly/images/test/cell1208.png,test,0,0,0
/Users/heyanfeng/Desktop/STUDY/科研/基于 RGB-Thermal 双模态融合的光伏组件缺陷检测与热斑识别/平台系统_完整版/training_pipeline_v2/prepared/cell_anomaly/images/test/cell1220.png,test,0,0,0
/Users/heyanfeng/Desktop/STUDY/科研/基于 RGB-Thermal 双模态融合的光伏组件缺陷检测与热斑识别/平台系统_完整版/training_pipeline_v2/prepared/cell_anomaly/images/test/cell1243.png,test,0,0,0
/Users/heyanfeng/Desktop/STUDY/科研/基于 RGB-Thermal 双模态融合的光伏组件缺陷检测与热斑识别/平台系统_完整版/training_pipeline_v2/prepared/cell_anomaly/images/test/cell0971.png,test,0,0,0
/Users/heyanfeng/Desktop/STUDY/科研/基于 RGB-Thermal 双模态融合的光伏组件缺陷检测与热斑识别/平台系统_完整版/training_pipeline_v2/prepared/cell_anomaly/images/test/cell2194.png,test,0,0,0
/Users/heyanfeng/Desktop/STUDY/科研/基于 RGB-Thermal 双模态融合的光伏组件缺陷检测与热斑识别/平台系统_完整版/training_pipeline_v2/prepared/cell_anomaly/images/test/cell1461.png,test,0,0,0
/Users/heyanfeng/Desktop/STUDY/科研/基于 RGB-Thermal 双模态融合的光伏组件缺陷检测与热斑识别/平台系统_完整版/training_pipeline_v2/prepared/cell_anomaly/images/test/cell1177.png,test,0,0,0
/Users/heyanfeng/Desktop/STUDY/科研/基于 RGB-Thermal 双模态融合的光伏组件缺陷检测与热斑识别/平台系统_完整版/training_pipeline_v2/prepared/cell_anomaly/images/test/cell2408.png,test,0,0,0
/Users/heyanfeng/Desktop/STUDY/科研/基于 RGB-Thermal 双模态融合的光伏组件缺陷检测与热斑识别/平台系统_完整版/training_pipeline_v2/prepared/cell_anomaly/images/test/cell1117.png,test,0,0,0
/Users/heyanfeng/Desktop/STUDY/科研/基于 RGB-Thermal 双模态融合的光伏组件缺陷检测与热斑识别/平台系统_完整版/training_pipeline_v2/prepared/cell_anomaly/images/test/cell1427.png,test,0,0,0
/Users/heyanfeng/Desktop/STUDY/科研/基于 RGB-Thermal 双模态融合的光伏组件缺陷检测与热斑识别/平台系统_完整版/training_pipeline_v2/prepared/cell_anomaly/images/test/cell0518.png,test,0,0,0
/Users/heyanfeng/Desktop/STUDY/科研/基于 RGB-Thermal 双模态融合的光伏组件缺陷检测与热斑识别/平台系统_完整版/training_pipeline_v2/prepared/cell_anomaly/images/test/cell1402.png,test,0,0,0
/Users/heyanfeng/Desktop/STUDY/科研/基于 RGB-Thermal 双模态融合的光伏组件缺陷检测与热斑识别/平台系统_完整版/training_pipeline_v2/prepared/cell_anomaly/images/test/cell1523.png,test,0,0,0
/Users/heyanfeng/Desktop/STUDY/科研/基于 RGB-Thermal 双模态融合的光伏组件缺陷检测与热斑识别/平台系统_完整版/training_pipeline_v2/prepared/cell_anomaly/images/test/cell1426.png,test,0,0,0
/Users/heyanfeng/Desktop/STUDY/科研/基于 RGB-Thermal 双模态融合的光伏组件缺陷检测与热斑识别/平台系统_完整版/training_pipeline_v2/prepared/cell_anomaly/images/test/cell0033.png,test,0,0,0
/Users/heyanfeng/Desktop/STUDY/科研/基于 RGB-Thermal 双模态融合的光伏组件缺陷检测与热斑识别/平台系统_完整版/training_pipeline_v2/prepared/cell_anomaly/images/test/cell1476.png,test,0,0,0
/Users/heyanfeng/Desktop/STUDY/科研/基于 RGB-Thermal 双模态融合的光伏组件缺陷检测与热斑识别/平台系统_完整版/training_pipeline_v2/prepared/cell_anomaly/images/test/cell1490.png,test,0,0,0
/Users/heyanfeng/Desktop/STUDY/科研/基于 RGB-Thermal 双模态融合的光伏组件缺陷检测与热斑识别/平台系统_完整版/training_pipeline_v2/prepared/cell_anomaly/images/test/cell1196.png,test,0,0,0
/Users/heyanfeng/Desktop/STUDY/科研/基于 RGB-Thermal 双模态融合的光伏组件缺陷检测与热斑识别/平台系统_完整版/training_pipeline_v2/prepared/cell_anomaly/images/test/cell0954.png,test,0,0,0
/Users/heyanfeng/Desktop/STUDY/科研/基于 RGB-Thermal 双模态融合的光伏组件缺陷检测与热斑识别/平台系统_完整版/training_pipeline_v2/prepared/cell_anomaly/images/test/cell1549.png,test,0,0,0
/Users/heyanfeng/Desktop/STUDY/科研/基于 RGB-Thermal 双模态融合的光伏组件缺陷检测与热斑识别/平台系统_完整版/training_pipeline_v2/prepared/cell_anomaly/images/test/cell1084.png,test,0,0,0
/Users/heyanfeng/Desktop/STUDY/科研/基于 RGB-Thermal 双模态融合的光伏组件缺陷检测与热斑识别/平台系统_完整版/training_pipeline_v2/prepared/cell_anomaly/images/test/cell1091.png,test,0,0,0
/Users/heyanfeng/Desktop/STUDY/科研/基于 RGB-Thermal 双模态融合的光伏组件缺陷检测与热斑识别/平台系统_完整版/training_pipeline_v2/prepared/cell_anomaly/images/test/cell2173.png,test,0,0,0
/Users/heyanfeng/Desktop/STUDY/科研/基于 RGB-Thermal 双模态融合的光伏组件缺陷检测与热斑识别/平台系统_完整版/training_pipeline_v2/prepared/cell_anomaly/images/test/cell1279.png,test,0,0,0
/Users/heyanfeng/Desktop/STUDY/科研/基于 RGB-Thermal 双模态融合的光伏组件缺陷检测与热斑识别/平台系统_完整版/training_pipeline_v2/prepared/cell_anomaly/images/test/cell1601.png,test,0,0,0
/Users/heyanfeng/Desktop/STUDY/科研/基于 RGB-Thermal 双模态融合的光伏组件缺陷检测与热斑识别/平台系统_完整版/training_pipeline_v2/prepared/cell_anomaly/images/test/cell1326.png,test,0,0,0
/Users/heyanfeng/Desktop/STUDY/科研/基于 RGB-Thermal 双模态融合的光伏组件缺陷检测与热斑识别/平台系统_完整版/training_pipeline_v2/prepared/cell_anomaly/images/test/cell1569.png,test,0,0,0
/Users/heyanfeng/Desktop/STUDY/科研/基于 RGB-Thermal 双模态融合的光伏组件缺陷检测与热斑识别/平台系统_完整版/training_pipeline_v2/prepared/cell_anomaly/images/test/cell0999.png,test,0,0,0
/Users/heyanfeng/Desktop/STUDY/科研/基于 RGB-Thermal 双模态融合的光伏组件缺陷检测与热斑识别/平台系统_完整版/training_pipeline_v2/prepared/cell_anomaly/images/test/cell1281.png,test,0,0,0
/Users/heyanfeng/Desktop/STUDY/科研/基于 RGB-Thermal 双模态融合的光伏组件缺陷检测与热斑识别/平台系统_完整版/training_pipeline_v2/prepared/cell_anomaly/images/test/cell0990.png,test,0,0,0
/Users/heyanfeng/Desktop/STUDY/科研/基于 RGB-Thermal 双模态融合的光伏组件缺陷检测与热斑识别/平台系统_完整版/training_pipeline_v2/prepared/cell_anomaly/images/test/cell1251.png,test,0,0,0
/Users/heyanfeng/Desktop/STUDY/科研/基于 RGB-Thermal 双模态融合的光伏组件缺陷检测与热斑识别/平台系统_完整版/training_pipeline_v2/prepared/cell_anomaly/images/test/cell0997.png,test,0,0,0
/Users/heyanfeng/Desktop/STUDY/科研/基于 RGB-Thermal 双模态融合的光伏组件缺陷检测与热斑识别/平台系统_完整版/training_pipeline_v2/prepared/cell_anomaly/images/test/cell1120.png,test,0,0,0
/Users/heyanfeng/Desktop/STUDY/科研/基于 RGB-Thermal 双模态融合的光伏组件缺陷检测与热斑识别/平台系统_完整版/training_pipeline_v2/prepared/cell_anomaly/images/test/cell0998.png,test,0,0,0
/Users/heyanfeng/Desktop/STUDY/科研/基于 RGB-Thermal 双模态融合的光伏组件缺陷检测与热斑识别/平台系统_完整版/training_pipeline_v2/prepared/cell_anomaly/images/test/cell0905.png,test,0,0,0
/Users/heyanfeng/Desktop/STUDY/科研/基于 RGB-Thermal 双模态融合的光伏组件缺陷检测与热斑识别/平台系统_完整版/training_pipeline_v2/prepared/cell_anomaly/images/test/cell0945.png,test,0,0,0
/Users/heyanfeng/Desktop/STUDY/科研/基于 RGB-Thermal 双模态融合的光伏组件缺陷检测与热斑识别/平台系统_完整版/training_pipeline_v2/prepared/cell_anomaly/images/test/cell1509.png,test,0,0,0
/Users/heyanfeng/Desktop/STUDY/科研/基于 RGB-Thermal 双模态融合的光伏组件缺陷检测与热斑识别/平台系统_完整版/training_pipeline_v2/prepared/cell_anomaly/images/test/cell1060.png,test,0,0,0
/Users/heyanfeng/Desktop/STUDY/科研/基于 RGB-Thermal 双模态融合的光伏组件缺陷检测与热斑识别/平台系统_完整版/training_pipeline_v2/prepared/cell_anomaly/images/test/cell1095.png,test,0,0,0
/Users/heyanfeng/Desktop/STUDY/科研/基于 RGB-Thermal 双模态融合的光伏组件缺陷检测与热斑识别/平台系统_完整版/training_pipeline_v2/prepared/cell_anomaly/images/test/cell2160.png,test,0,0,0
/Users/heyanfeng/Desktop/STUDY/科研/基于 RGB-Thermal 双模态融合的光伏组件缺陷检测与热斑识别/平台系统_完整版/training_pipeline_v2/prepared/cell_anomaly/images/test/cell1087.png,test,0,0,0
/Users/heyanfeng/Desktop/STUDY/科研/基于 RGB-Thermal 双模态融合的光伏组件缺陷检测与热斑识别/平台系统_完整版/training_pipeline_v2/prepared/cell_anomaly/images/test/cell1611.png,test,0,0,0
/Users/heyanfeng/Desktop/STUDY/科研/基于 RGB-Thermal 双模态融合的光伏组件缺陷检测与热斑识别/平台系统_完整版/training_pipeline_v2/prepared/cell_anomaly/images/test/cell1141.png,test,0,0,0
/Users/heyanfeng/Desktop/STUDY/科研/基于 RGB-Thermal 双模态融合的光伏组件缺陷检测与热斑识别/平台系统_完整版/training_pipeline_v2/prepared/cell_anomaly/images/test/cell0902.png,test,0,0,0
/Users/heyanfeng/Desktop/STUDY/科研/基于 RGB-Thermal 双模态融合的光伏组件缺陷检测与热斑识别/平台系统_完整版/training_pipeline_v2/prepared/cell_anomaly/images/test/cell0987.png,test,0,0,0
/Users/heyanfeng/Desktop/STUDY/科研/基于 RGB-Thermal 双模态融合的光伏组件缺陷检测与热斑识别/平台系统_完整版/training_pipeline_v2/prepared/cell_anomaly/images/test/cell2213.png,test,0,0,0
/Users/heyanfeng/Desktop/STUDY/科研/基于 RGB-Thermal 双模态融合的光伏组件缺陷检测与热斑识别/平台系统_完整版/training_pipeline_v2/prepared/cell_anomaly/images/test/cell0937.png,test,0,0,0
/Users/heyanfeng/Desktop/STUDY/科研/基于 RGB-Thermal 双模态融合的光伏组件缺陷检测与热斑识别/平台系统_完整版/training_pipeline_v2/prepared/cell_anomaly/images/test/cell1094.png,test,0,0,0
/Users/heyanfeng/Desktop/STUDY/科研/基于 RGB-Thermal 双模态融合的光伏组件缺陷检测与热斑识别/平台系统_完整版/training_pipeline_v2/prepared/cell_anomaly/images/test/cell1366.png,test,0,0,0
/Users/heyanfeng/Desktop/STUDY/科研/基于 RGB-Thermal 双模态融合的光伏组件缺陷检测与热斑识别/平台系统_完整版/training_pipeline_v2/prepared/cell_anomaly/images/test/cell1452.png,test,0,0,0
/Users/heyanfeng/Desktop/STUDY/科研/基于 RGB-Thermal 双模态融合的光伏组件缺陷检测与热斑识别/平台系统_完整版/training_pipeline_v2/prepared/cell_anomaly/images/test/cell1412.png,test,0,0,0
/Users/heyanfeng/Desktop/STUDY/科研/基于 RGB-Thermal 双模态融合的光伏组件缺陷检测与热斑识别/平台系统_完整版/training_pipeline_v2/prepared/cell_anomaly/images/test/cell1428.png,test,0,0,0
/Users/heyanfeng/Desktop/STUDY/科研/基于 RGB-Thermal 双模态融合的光伏组件缺陷检测与热斑识别/平台系统_完整版/training_pipeline_v2/prepared/cell_anomaly/images/test/cell1606.png,test,0,0,0
/Users/heyanfeng/Desktop/STUDY/科研/基于 RGB-Thermal 双模态融合的光伏组件缺陷检测与热斑识别/平台系统_完整版/training_pipeline_v2/prepared/cell_anomaly/images/test/cell1570.png,test,0,0,0
/Users/heyanfeng/Desktop/STUDY/科研/基于 RGB-Thermal 双模态融合的光伏组件缺陷检测与热斑识别/平台系统_完整版/training_pipeline_v2/prepared/cell_anomaly/images/test/cell1596.png,test,0,0,0
/Users/heyanfeng/Desktop/STUDY/科研/基于 RGB-Thermal 双模态融合的光伏组件缺陷检测与热斑识别/平台系统_完整版/training_pipeline_v2/prepared/cell_anomaly/images/test/cell0993.png,test,0,0,0
/Users/heyanfeng/Desktop/STUDY/科研/基于 RGB-Thermal 双模态融合的光伏组件缺陷检测与热斑识别/平台系统_完整版/training_pipeline_v2/prepared/cell_anomaly/images/test/cell1020.png,test,0,0,0
/Users/heyanfeng/Desktop/STUDY/科研/基于 RGB-Thermal 双模态融合的光伏组件缺陷检测与热斑识别/平台系统_完整版/training_pipeline_v2/prepared/cell_anomaly/images/test/cell1538.png,test,0,0,0
/Users/heyanfeng/Desktop/STUDY/科研/基于 RGB-Thermal 双模态融合的光伏组件缺陷检测与热斑识别/平台系统_完整版/training_pipeline_v2/prepared/cell_anomaly/images/test/cell1519.png,test,0,0,0
/Users/heyanfeng/Desktop/STUDY/科研/基于 RGB-Thermal 双模态融合的光伏组件缺陷检测与热斑识别/平台系统_完整版/training_pipeline_v2/prepared/cell_anomaly/images/test/cell0956.png,test,0,0,0
/Users/heyanfeng/Desktop/STUDY/科研/基于 RGB-Thermal 双模态融合的光伏组件缺陷检测与热斑识别/平台系统_完整版/training_pipeline_v2/prepared/cell_anomaly/images/test/cell1469.png,test,0,0,0
/Users/heyanfeng/Desktop/STUDY/科研/基于 RGB-Thermal 双模态融合的光伏组件缺陷检测与热斑识别/平台系统_完整版/training_pipeline_v2/prepared/cell_anomaly/images/test/cell1037.png,test,0,0,0
/Users/heyanfeng/Desktop/STUDY/科研/基于 RGB-Thermal 双模态融合的光伏组件缺陷检测与热斑识别/平台系统_完整版/training_pipeline_v2/prepared/cell_anomaly/images/test/cell2184.png,test,0,0,0
/Users/heyanfeng/Desktop/STUDY/科研/基于 RGB-Thermal 双模态融合的光伏组件缺陷检测与热斑识别/平台系统_完整版/training_pipeline_v2/prepared/cell_anomaly/images/test/cell1185.png,test,0,0,0
/Users/heyanfeng/Desktop/STUDY/科研/基于 RGB-Thermal 双模态融合的光伏组件缺陷检测与热斑识别/平台系统_完整版/training_pipeline_v2/prepared/cell_anomaly/images/test/cell1348.png,test,0,0,0
/Users/heyanfeng/Desktop/STUDY/科研/基于 RGB-Thermal 双模态融合的光伏组件缺陷检测与热斑识别/平台系统_完整版/training_pipeline_v2/prepared/cell_anomaly/images/test/cell0960.png,test,0,0,0
/Users/heyanfeng/Desktop/STUDY/科研/基于 RGB-Thermal 双模态融合的光伏组件缺陷检测与热斑识别/平台系统_完整版/training_pipeline_v2/prepared/cell_anomaly/images/test/cell1350.png,test,0,0,0
/Users/heyanfeng/Desktop/STUDY/科研/基于 RGB-Thermal 双模态融合的光伏组件缺陷检测与热斑识别/平台系统_完整版/training_pipeline_v2/prepared/cell_anomaly/images/test/cell1401.png,test,0,0,0
/Users/heyanfeng/Desktop/STUDY/科研/基于 RGB-Thermal 双模态融合的光伏组件缺陷检测与热斑识别/平台系统_完整版/training_pipeline_v2/prepared/cell_anomaly/images/val/cell0043.png,val,0,0,0
/Users/heyanfeng/Desktop/STUDY/科研/基于 RGB-Thermal 双模态融合的光伏组件缺陷检测与热斑识别/平台系统_完整版/training_pipeline_v2/prepared/cell_anomaly/images/val/cell1048.png,val,0,0,0
/Users/heyanfeng/Desktop/STUDY/科研/基于 RGB-Thermal 双模态融合的光伏组件缺陷检测与热斑识别/平台系统_完整版/training_pipeline_v2/prepared/cell_anomaly/images/val/cell2166.png,val,0,0,0
/Users/heyanfeng/Desktop/STUDY/科研/基于 RGB-Thermal 双模态融合的光伏组件缺陷检测与热斑识别/平台系统_完整版/training_pipeline_v2/prepared/cell_anomaly/images/val/cell1093.png,val,0,0,0
/Users/heyanfeng/Desktop/STUDY/科研/基于 RGB-Thermal 双模态融合的光伏组件缺陷检测与热斑识别/平台系统_完整版/training_pipeline_v2/prepared/cell_anomaly/images/val/cell1130.png,val,0,0,0
/Users/heyanfeng/Desktop/STUDY/科研/基于 RGB-Thermal 双模态融合的光伏组件缺陷检测与热斑识别/平台系统_完整版/training_pipeline_v2/prepared/cell_anomaly/images/val/cell2146.png,val,0,0,0
/Users/heyanfeng/Desktop/STUDY/科研/基于 RGB-Thermal 双模态融合的光伏组件缺陷检测与热斑识别/平台系统_完整版/training_pipeline_v2/prepared/cell_anomaly/images/val/cell1152.png,val,0,0,0
/Users/heyanfeng/Desktop/STUDY/科研/基于 RGB-Thermal 双模态融合的光伏组件缺陷检测与热斑识别/平台系统_完整版/training_pipeline_v2/prepared/cell_anomaly/images/val/cell1497.png,val,0,0,0
/Users/heyanfeng/Desktop/STUDY/科研/基于 RGB-Thermal 双模态融合的光伏组件缺陷检测与热斑识别/平台系统_完整版/training_pipeline_v2/prepared/cell_anomaly/images/val/cell1347.png,val,0,0,0
/Users/heyanfeng/Desktop/STUDY/科研/基于 RGB-Thermal 双模态融合的光伏组件缺陷检测与热斑识别/平台系统_完整版/training_pipeline_v2/prepared/cell_anomaly/images/val/cell1564.png,val,0,0,0
/Users/heyanfeng/Desktop/STUDY/科研/基于 RGB-Thermal 双模态融合的光伏组件缺陷检测与热斑识别/平台系统_完整版/training_pipeline_v2/prepared/cell_anomaly/images/val/cell1471.png,val,0,0,0
/Users/heyanfeng/Desktop/STUDY/科研/基于 RGB-Thermal 双模态融合的光伏组件缺陷检测与热斑识别/平台系统_完整版/training_pipeline_v2/prepared/cell_anomaly/images/val/cell1422.png,val,0,0,0
/Users/heyanfeng/Desktop/STUDY/科研/基于 RGB-Thermal 双模态融合的光伏组件缺陷检测与热斑识别/平台系统_完整版/training_pipeline_v2/prepared/cell_anomaly/images/val/cell2415.png,val,0,0,0
/Users/heyanfeng/Desktop/STUDY/科研/基于 RGB-Thermal 双模态融合的光伏组件缺陷检测与热斑识别/平台系统_完整版/training_pipeline_v2/prepared/cell_anomaly/images/val/cell1445.png,val,0,0,0
/Users/heyanfeng/Desktop/STUDY/科研/基于 RGB-Thermal 双模态融合的光伏组件缺陷检测与热斑识别/平台系统_完整版/training_pipeline_v2/prepared/cell_anomaly/images/val/cell1436.png,val,0,0,0
/Users/heyanfeng/Desktop/STUDY/科研/基于 RGB-Thermal 双模态融合的光伏组件缺陷检测与热斑识别/平台系统_完整版/training_pipeline_v2/prepared/cell_anomaly/images/val/cell1311.png,val,0,0,0
/Users/heyanfeng/Desktop/STUDY/科研/基于 RGB-Thermal 双模态融合的光伏组件缺陷检测与热斑识别/平台系统_完整版/training_pipeline_v2/prepared/cell_anomaly/images/val/cell1077.png,val,0,0,0
/Users/heyanfeng/Desktop/STUDY/科研/基于 RGB-Thermal 双模态融合的光伏组件缺陷检测与热斑识别/平台系统_完整版/training_pipeline_v2/prepared/cell_anomaly/images/val/cell1507.png,val,0,0,0
/Users/heyanfeng/Desktop/STUDY/科研/基于 RGB-Thermal 双模态融合的光伏组件缺陷检测与热斑识别/平台系统_完整版/training_pipeline_v2/prepared/cell_anomaly/images/val/cell2165.png,val,0,0,0
/Users/heyanfeng/Desktop/STUDY/科研/基于 RGB-Thermal 双模态融合的光伏组件缺陷检测与热斑识别/平台系统_完整版/training_pipeline_v2/prepared/cell_anomaly/images/val/cell1330.png,val,0,0,0
/Users/heyanfeng/Desktop/STUDY/科研/基于 RGB-Thermal 双模态融合的光伏组件缺陷检测与热斑识别/平台系统_完整版/training_pipeline_v2/prepared/cell_anomaly/images/val/cell1324.png,val,0,0,0
/Users/heyanfeng/Desktop/STUDY/科研/基于 RGB-Thermal 双模态融合的光伏组件缺陷检测与热斑识别/平台系统_完整版/training_pipeline_v2/prepared/cell_anomaly/images/val/cell1439.png,val,0,0,0
/Users/heyanfeng/Desktop/STUDY/科研/基于 RGB-Thermal 双模态融合的光伏组件缺陷检测与热斑识别/平台系统_完整版/training_pipeline_v2/prepared/cell_anomaly/images/val/cell1400.png,val,0,0,0
/Users/heyanfeng/Desktop/STUDY/科研/基于 RGB-Thermal 双模态融合的光伏组件缺陷检测与热斑识别/平台系统_完整版/training_pipeline_v2/prepared/cell_anomaly/images/val/cell1116.png,val,0,0,0
/Users/heyanfeng/Desktop/STUDY/科研/基于 RGB-Thermal 双模态融合的光伏组件缺陷检测与热斑识别/平台系统_完整版/training_pipeline_v2/prepared/cell_anomaly/images/val/cell1246.png,val,0,0,0
/Users/heyanfeng/Desktop/STUDY/科研/基于 RGB-Thermal 双模态融合的光伏组件缺陷检测与热斑识别/平台系统_完整版/training_pipeline_v2/prepared/cell_anomaly/images/val/cell2422.png,val,0,0,0
/Users/heyanfeng/Desktop/STUDY/科研/基于 RGB-Thermal 双模态融合的光伏组件缺陷检测与热斑识别/平台系统_完整版/training_pipeline_v2/prepared/cell_anomaly/images/val/cell0978.png,val,0,0,0
/Users/heyanfeng/Desktop/STUDY/科研/基于 RGB-Thermal 双模态融合的光伏组件缺陷检测与热斑识别/平台系统_完整版/training_pipeline_v2/prepared/cell_anomaly/images/val/cell0914.png,val,0,0,0
/Users/heyanfeng/Desktop/STUDY/科研/基于 RGB-Thermal 双模态融合的光伏组件缺陷检测与热斑识别/平台系统_完整版/training_pipeline_v2/prepared/cell_anomaly/images/val/cell1425.png,val,0,0,0
/Users/heyanfeng/Desktop/STUDY/科研/基于 RGB-Thermal 双模态融合的光伏组件缺陷检测与热斑识别/平台系统_完整版/training_pipeline_v2/prepared/cell_anomaly/images/val/cell1312.png,val,0,0,0
/Users/heyanfeng/Desktop/STUDY/科研/基于 RGB-Thermal 双模态融合的光伏组件缺陷检测与热斑识别/平台系统_完整版/training_pipeline_v2/prepared/cell_anomaly/images/val/cell2171.png,val,0,0,0
/Users/heyanfeng/Desktop/STUDY/科研/基于 RGB-Thermal 双模态融合的光伏组件缺陷检测与热斑识别/平台系统_完整版/training_pipeline_v2/prepared/cell_anomaly/images/val/cell1467.png,val,0,0,0
/Users/heyanfeng/Desktop/STUDY/科研/基于 RGB-Thermal 双模态融合的光伏组件缺陷检测与热斑识别/平台系统_完整版/training_pipeline_v2/prepared/cell_anomaly/images/val/cell1463.png,val,0,0,0
/Users/heyanfeng/Desktop/STUDY/科研/基于 RGB-Thermal 双模态融合的光伏组件缺陷检测与热斑识别/平台系统_完整版/training_pipeline_v2/prepared/cell_anomaly/images/val/cell1484.png,val,0,0,0
/Users/heyanfeng/Desktop/STUDY/科研/基于 RGB-Thermal 双模态融合的光伏组件缺陷检测与热斑识别/平台系统_完整版/training_pipeline_v2/prepared/cell_anomaly/images/val/cell1532.png,val,0,0,0
/Users/heyanfeng/Desktop/STUDY/科研/基于 RGB-Thermal 双模态融合的光伏组件缺陷检测与热斑识别/平台系统_完整版/training_pipeline_v2/prepared/cell_anomaly/images/val/cell1172.png,val,0,0,0
/Users/heyanfeng/Desktop/STUDY/科研/基于 RGB-Thermal 双模态融合的光伏组件缺陷检测与热斑识别/平台系统_完整版/training_pipeline_v2/prepared/cell_anomaly/images/val/cell1107.png,val,0,0,0
/Users/heyanfeng/Desktop/STUDY/科研/基于 RGB-Thermal 双模态融合的光伏组件缺陷检测与热斑识别/平台系统_完整版/training_pipeline_v2/prepared/cell_anomaly/images/val/cell0031.png,val,0,0,0
/Users/heyanfeng/Desktop/STUDY/科研/基于 RGB-Thermal 双模态融合的光伏组件缺陷检测与热斑识别/平台系统_完整版/training_pipeline_v2/prepared/cell_anomaly/images/val/cell0986.png,val,0,0,0
/Users/heyanfeng/Desktop/STUDY/科研/基于 RGB-Thermal 双模态融合的光伏组件缺陷检测与热斑识别/平台系统_完整版/training_pipeline_v2/prepared/cell_anomaly/images/val/cell1524.png,val,0,0,0
/Users/heyanfeng/Desktop/STUDY/科研/基于 RGB-Thermal 双模态融合的光伏组件缺陷检测与热斑识别/平台系统_完整版/training_pipeline_v2/prepared/cell_anomaly/images/val/cell1605.png,val,0,0,0
/Users/heyanfeng/Desktop/STUDY/科研/基于 RGB-Thermal 双模态融合的光伏组件缺陷检测与热斑识别/平台系统_完整版/training_pipeline_v2/prepared/cell_anomaly/images/val/cell1480.png,val,0,0,0
/Users/heyanfeng/Desktop/STUDY/科研/基于 RGB-Thermal 双模态融合的光伏组件缺陷检测与热斑识别/平台系统_完整版/training_pipeline_v2/prepared/cell_anomaly/images/val/cell0958.png,val,0,0,0
/Users/heyanfeng/Desktop/STUDY/科研/基于 RGB-Thermal 双模态融合的光伏组件缺陷检测与热斑识别/平台系统_完整版/training_pipeline_v2/prepared/cell_anomaly/images/val/cell1472.png,val,0,0,0
/Users/heyanfeng/Desktop/STUDY/科研/基于 RGB-Thermal 双模态融合的光伏组件缺陷检测与热斑识别/平台系统_完整版/training_pipeline_v2/prepared/cell_anomaly/images/val/cell1149.png,val,0,0,0
/Users/heyanfeng/Desktop/STUDY/科研/基于 RGB-Thermal 双模态融合的光伏组件缺陷检测与热斑识别/平台系统_完整版/training_pipeline_v2/prepared/cell_anomaly/images/val/cell1290.png,val,0,0,0
/Users/heyanfeng/Desktop/STUDY/科研/基于 RGB-Thermal 双模态融合的光伏组件缺陷检测与热斑识别/平台系统_完整版/training_pipeline_v2/prepared/cell_anomaly/images/val/cell1535.png,val,0,0,0
/Users/heyanfeng/Desktop/STUDY/科研/基于 RGB-Thermal 双模态融合的光伏组件缺陷检测与热斑识别/平台系统_完整版/training_pipeline_v2/prepared/cell_anomaly/images/val/cell1228.png,val,0,0,0
/Users/heyanfeng/Desktop/STUDY/科研/基于 RGB-Thermal 双模态融合的光伏组件缺陷检测与热斑识别/平台系统_完整版/training_pipeline_v2/prepared/cell_anomaly/images/val/cell0912.png,val,0,0,0
/Users/heyanfeng/Desktop/STUDY/科研/基于 RGB-Thermal 双模态融合的光伏组件缺陷检测与热斑识别/平台系统_完整版/training_pipeline_v2/prepared/cell_anomaly/images/val/cell1367.png,val,0,0,0
/Users/heyanfeng/Desktop/STUDY/科研/基于 RGB-Thermal 双模态融合的光伏组件缺陷检测与热斑识别/平台系统_完整版/training_pipeline_v2/prepared/cell_anomaly/images/val/cell0926.png,val,0,0,0
/Users/heyanfeng/Desktop/STUDY/科研/基于 RGB-Thermal 双模态融合的光伏组件缺陷检测与热斑识别/平台系统_完整版/training_pipeline_v2/prepared/cell_anomaly/images/val/cell2406.png,val,0,0,0
/Users/heyanfeng/Desktop/STUDY/科研/基于 RGB-Thermal 双模态融合的光伏组件缺陷检测与热斑识别/平台系统_完整版/training_pipeline_v2/prepared/cell_anomaly/images/val/cell1231.png,val,0,0,0
/Users/heyanfeng/Desktop/STUDY/科研/基于 RGB-Thermal 双模态融合的光伏组件缺陷检测与热斑识别/平台系统_完整版/training_pipeline_v2/prepared/cell_anomaly/images/val/cell1184.png,val,0,0,0
/Users/heyanfeng/Desktop/STUDY/科研/基于 RGB-Thermal 双模态融合的光伏组件缺陷检测与热斑识别/平台系统_完整版/training_pipeline_v2/prepared/cell_anomaly/images/val/cell0972.png,val,0,0,0
/Users/heyanfeng/Desktop/STUDY/科研/基于 RGB-Thermal 双模态融合的光伏组件缺陷检测与热斑识别/平台系统_完整版/training_pipeline_v2/prepared/cell_anomaly/images/val/cell1481.png,val,0,0,0
/Users/heyanfeng/Desktop/STUDY/科研/基于 RGB-Thermal 双模态融合的光伏组件缺陷检测与热斑识别/平台系统_完整版/training_pipeline_v2/prepared/cell_anomaly/images/val/cell2158.png,val,0,0,0
/Users/heyanfeng/Desktop/STUDY/科研/基于 RGB-Thermal 双模态融合的光伏组件缺陷检测与热斑识别/平台系统_完整版/training_pipeline_v2/prepared/cell_anomaly/images/val/cell1256.png,val,0,0,0
/Users/heyanfeng/Desktop/STUDY/科研/基于 RGB-Thermal 双模态融合的光伏组件缺陷检测与热斑识别/平台系统_完整版/training_pipeline_v2/prepared/cell_anomaly/images/val/cell1150.png,val,0,0,0
/Users/heyanfeng/Desktop/STUDY/科研/基于 RGB-Thermal 双模态融合的光伏组件缺陷检测与热斑识别/平台系统_完整版/training_pipeline_v2/prepared/cell_anomaly/images/val/cell1343.png,val,0,0,0
/Users/heyanfeng/Desktop/STUDY/科研/基于 RGB-Thermal 双模态融合的光伏组件缺陷检测与热斑识别/平台系统_完整版/training_pipeline_v2/prepared/cell_anomaly/images/val/cell0923.png,val,0,0,0
/Users/heyanfeng/Desktop/STUDY/科研/基于 RGB-Thermal 双模态融合的光伏组件缺陷检测与热斑识别/平台系统_完整版/training_pipeline_v2/prepared/cell_anomaly/images/val/cell1257.png,val,0,0,0
/Users/heyanfeng/Desktop/STUDY/科研/基于 RGB-Thermal 双模态融合的光伏组件缺陷检测与热斑识别/平台系统_完整版/training_pipeline_v2/prepared/cell_anomaly/images/val/cell1169.png,val,0,0,0
/Users/heyanfeng/Desktop/STUDY/科研/基于 RGB-Thermal 双模态融合的光伏组件缺陷检测与热斑识别/平台系统_完整版/training_pipeline_v2/prepared/cell_anomaly/images/val/cell1235.png,val,0,0,0
/Users/heyanfeng/Desktop/STUDY/科研/基于 RGB-Thermal 双模态融合的光伏组件缺陷检测与热斑识别/平台系统_完整版/training_pipeline_v2/prepared/cell_anomaly/images/val/cell1588.png,val,0,0,0
/Users/heyanfeng/Desktop/STUDY/科研/基于 RGB-Thermal 双模态融合的光伏组件缺陷检测与热斑识别/平台系统_完整版/training_pipeline_v2/prepared/cell_anomaly/images/val/cell1353.png,val,0,0,0
/Users/heyanfeng/Desktop/STUDY/科研/基于 RGB-Thermal 双模态融合的光伏组件缺陷检测与热斑识别/平台系统_完整版/training_pipeline_v2/prepared/cell_anomaly/images/val/cell1521.png,val,0,0,0
/Users/heyanfeng/Desktop/STUDY/科研/基于 RGB-Thermal 双模态融合的光伏组件缺陷检测与热斑识别/平台系统_完整版/training_pipeline_v2/prepared/cell_anomaly/images/val/cell0532.png,val,0,0,0
/Users/heyanfeng/Desktop/STUDY/科研/基于 RGB-Thermal 双模态融合的光伏组件缺陷检测与热斑识别/平台系统_完整版/training_pipeline_v2/prepared/cell_anomaly/images/val/cell2191.png,val,0,0,0
/Users/heyanfeng/Desktop/STUDY/科研/基于 RGB-Thermal 双模态融合的光伏组件缺陷检测与热斑识别/平台系统_完整版/training_pipeline_v2/prepared/cell_anomaly/images/val/cell1478.png,val,0,0,0
/Users/heyanfeng/Desktop/STUDY/科研/基于 RGB-Thermal 双模态融合的光伏组件缺陷检测与热斑识别/平台系统_完整版/training_pipeline_v2/prepared/cell_anomaly/images/val/cell2412.png,val,0,0,0
/Users/heyanfeng/Desktop/STUDY/科研/基于 RGB-Thermal 双模态融合的光伏组件缺陷检测与热斑识别/平台系统_完整版/training_pipeline_v2/prepared/cell_anomaly/images/val/cell1373.png,val,0,0,0
/Users/heyanfeng/Desktop/STUDY/科研/基于 RGB-Thermal 双模态融合的光伏组件缺陷检测与热斑识别/平台系统_完整版/training_pipeline_v2/prepared/cell_anomaly/images/val/cell2186.png,val,0,0,0
/Users/heyanfeng/Desktop/STUDY/科研/基于 RGB-Thermal 双模态融合的光伏组件缺陷检测与热斑识别/平台系统_完整版/training_pipeline_v2/prepared/cell_anomaly/images/val/cell1541.png,val,0,0,0
/Users/heyanfeng/Desktop/STUDY/科研/基于 RGB-Thermal 双模态融合的光伏组件缺陷检测与热斑识别/平台系统_完整版/training_pipeline_v2/prepared/cell_anomaly/images/val/cell2434.png,val,0,0,0
/Users/heyanfeng/Desktop/STUDY/科研/基于 RGB-Thermal 双模态融合的光伏组件缺陷检测与热斑识别/平台系统_完整版/training_pipeline_v2/prepared/cell_anomaly/images/val/cell1603.png,val,0,0,0
/Users/heyanfeng/Desktop/STUDY/科研/基于 RGB-Thermal 双模态融合的光伏组件缺陷检测与热斑识别/平台系统_完整版/training_pipeline_v2/prepared/cell_anomaly/images/val/cell2441.png,val,0,0,0
/Users/heyanfeng/Desktop/STUDY/科研/基于 RGB-Thermal 双模态融合的光伏组件缺陷检测与热斑识别/平台系统_完整版/training_pipeline_v2/prepared/cell_anomaly/images/val/cell1505.png,val,0,0,0
/Users/heyanfeng/Desktop/STUDY/科研/基于 RGB-Thermal 双模态融合的光伏组件缺陷检测与热斑识别/平台系统_完整版/training_pipeline_v2/prepared/cell_anomaly/images/val/cell2421.png,val,0,0,0
/Users/heyanfeng/Desktop/STUDY/科研/基于 RGB-Thermal 双模态融合的光伏组件缺陷检测与热斑识别/平台系统_完整版/training_pipeline_v2/prepared/cell_anomaly/images/val/cell0917.png,val,0,0,0
/Users/heyanfeng/Desktop/STUDY/科研/基于 RGB-Thermal 双模态融合的光伏组件缺陷检测与热斑识别/平台系统_完整版/training_pipeline_v2/prepared/cell_anomaly/images/val/cell1165.png,val,0,0,0
/Users/heyanfeng/Desktop/STUDY/科研/基于 RGB-Thermal 双模态融合的光伏组件缺陷检测与热斑识别/平台系统_完整版/training_pipeline_v2/prepared/cell_anomaly/images/val/cell0982.png,val,0,0,0
/Users/heyanfeng/Desktop/STUDY/科研/基于 RGB-Thermal 双模态融合的光伏组件缺陷检测与热斑识别/平台系统_完整版/training_pipeline_v2/prepared/cell_anomaly/images/val/cell1132.png,val,0,0,0
/Users/heyanfeng/Desktop/STUDY/科研/基于 RGB-Thermal 双模态融合的光伏组件缺陷检测与热斑识别/平台系统_完整版/training_pipeline_v2/prepared/cell_anomaly/images/val/cell2198.png,val,0,0,0
/Users/heyanfeng/Desktop/STUDY/科研/基于 RGB-Thermal 双模态融合的光伏组件缺陷检测与热斑识别/平台系统_完整版/training_pipeline_v2/prepared/cell_anomaly/images/val/cell1528.png,val,0,0,0
/Users/heyanfeng/Desktop/STUDY/科研/基于 RGB-Thermal 双模态融合的光伏组件缺陷检测与热斑识别/平台系统_完整版/training_pipeline_v2/prepared/cell_anomaly/images/val/cell0009.png,val,0,0,0
/Users/heyanfeng/Desktop/STUDY/科研/基于 RGB-Thermal 双模态融合的光伏组件缺陷检测与热斑识别/平台系统_完整版/training_pipeline_v2/prepared/cell_anomaly/images/val/cell1320.png,val,0,0,0
/Users/heyanfeng/Desktop/STUDY/科研/基于 RGB-Thermal 双模态融合的光伏组件缺陷检测与热斑识别/平台系统_完整版/training_pipeline_v2/prepared/cell_anomaly/images/val/cell2155.png,val,0,0,0
/Users/heyanfeng/Desktop/STUDY/科研/基于 RGB-Thermal 双模态融合的光伏组件缺陷检测与热斑识别/平台系统_完整版/training_pipeline_v2/prepared/cell_anomaly/images/val/cell2180.png,val,0,0,0
/Users/heyanfeng/Desktop/STUDY/科研/基于 RGB-Thermal 双模态融合的光伏组件缺陷检测与热斑识别/平台系统_完整版/training_pipeline_v2/prepared/cell_anomaly/images/val/cell2442.png,val,0,0,0
/Users/heyanfeng/Desktop/STUDY/科研/基于 RGB-Thermal 双模态融合的光伏组件缺陷检测与热斑识别/平台系统_完整版/training_pipeline_v2/prepared/cell_anomaly/images/val/cell1295.png,val,0,0,0
/Users/heyanfeng/Desktop/STUDY/科研/基于 RGB-Thermal 双模态融合的光伏组件缺陷检测与热斑识别/平台系统_完整版/training_pipeline_v2/prepared/cell_anomaly/images/val/cell1011.png,val,0,0,0
/Users/heyanfeng/Desktop/STUDY/科研/基于 RGB-Thermal 双模态融合的光伏组件缺陷检测与热斑识别/平台系统_完整版/training_pipeline_v2/prepared/cell_anomaly/images/val/cell1321.png,val,0,0,0
/Users/heyanfeng/Desktop/STUDY/科研/基于 RGB-Thermal 双模态融合的光伏组件缺陷检测与热斑识别/平台系统_完整版/training_pipeline_v2/prepared/cell_anomaly/images/val/cell0522.png,val,0,0,0
/Users/heyanfeng/Desktop/STUDY/科研/基于 RGB-Thermal 双模态融合的光伏组件缺陷检测与热斑识别/平台系统_完整版/training_pipeline_v2/prepared/cell_anomaly/images/train/cell2404.png,train,0,0,0
/Users/heyanfeng/Desktop/STUDY/科研/基于 RGB-Thermal 双模态融合的光伏组件缺陷检测与热斑识别/平台系统_完整版/training_pipeline_v2/prepared/cell_anomaly/images/train/cell1100.png,train,0,0,0
/Users/heyanfeng/Desktop/STUDY/科研/基于 RGB-Thermal 双模态融合的光伏组件缺陷检测与热斑识别/平台系统_完整版/training_pipeline_v2/prepared/cell_anomaly/images/train/cell0014.png,train,0,0,0
/Users/heyanfeng/Desktop/STUDY/科研/基于 RGB-Thermal 双模态融合的光伏组件缺陷检测与热斑识别/平台系统_完整版/training_pipeline_v2/prepared/cell_anomaly/images/train/cell1459.png,train,0,0,0
/Users/heyanfeng/Desktop/STUDY/科研/基于 RGB-Thermal 双模态融合的光伏组件缺陷检测与热斑识别/平台系统_完整版/training_pipeline_v2/prepared/cell_anomaly/images/train/cell0981.png,train,0,0,0
/Users/heyanfeng/Desktop/STUDY/科研/基于 RGB-Thermal 双模态融合的光伏组件缺陷检测与热斑识别/平台系统_完整版/training_pipeline_v2/prepared/cell_anomaly/images/train/cell0983.png,train,0,0,0
/Users/heyanfeng/Desktop/STUDY/科研/基于 RGB-Thermal 双模态融合的光伏组件缺陷检测与热斑识别/平台系统_完整版/training_pipeline_v2/prepared/cell_anomaly/images/train/cell2414.png,train,0,0,0
/Users/heyanfeng/Desktop/STUDY/科研/基于 RGB-Thermal 双模态融合的光伏组件缺陷检测与热斑识别/平台系统_完整版/training_pipeline_v2/prepared/cell_anomaly/images/train/cell1168.png,train,0,0,0
/Users/heyanfeng/Desktop/STUDY/科研/基于 RGB-Thermal 双模态融合的光伏组件缺陷检测与热斑识别/平台系统_完整版/training_pipeline_v2/prepared/cell_anomaly/images/train/cell1543.png,train,0,0,0
/Users/heyanfeng/Desktop/STUDY/科研/基于 RGB-Thermal 双模态融合的光伏组件缺陷检测与热斑识别/平台系统_完整版/training_pipeline_v2/prepared/cell_anomaly/images/train/cell1612.png,train,0,0,0
/Users/heyanfeng/Desktop/STUDY/科研/基于 RGB-Thermal 双模态融合的光伏组件缺陷检测与热斑识别/平台系统_完整版/training_pipeline_v2/prepared/cell_anomaly/images/train/cell1125.png,train,0,0,0
/Users/heyanfeng/Desktop/STUDY/科研/基于 RGB-Thermal 双模态融合的光伏组件缺陷检测与热斑识别/平台系统_完整版/training_pipeline_v2/prepared/cell_anomaly/images/train/cell1552.png,train,0,0,0
/Users/heyanfeng/Desktop/STUDY/科研/基于 RGB-Thermal 双模态融合的光伏组件缺陷检测与热斑识别/平台系统_完整版/training_pipeline_v2/prepared/cell_anomaly/images/train/cell1466.png,train,0,0,0
/Users/heyanfeng/Desktop/STUDY/科研/基于 RGB-Thermal 双模态融合的光伏组件缺陷检测与热斑识别/平台系统_完整版/training_pipeline_v2/prepared/cell_anomaly/images/train/cell1090.png,train,0,0,0
/Users/heyanfeng/Desktop/STUDY/科研/基于 RGB-Thermal 双模态融合的光伏组件缺陷检测与热斑识别/平台系统_完整版/training_pipeline_v2/prepared/cell_anomaly/images/train/cell1413.png,train,0,0,0
/Users/heyanfeng/Desktop/STUDY/科研/基于 RGB-Thermal 双模态融合的光伏组件缺陷检测与热斑识别/平台系统_完整版/training_pipeline_v2/prepared/cell_anomaly/images/train/cell1542.png,train,0,0,0
/Users/heyanfeng/Desktop/STUDY/科研/基于 RGB-Thermal 双模态融合的光伏组件缺陷检测与热斑识别/平台系统_完整版/training_pipeline_v2/prepared/cell_anomaly/images/train/cell1263.png,train,0,0,0
/Users/heyanfeng/Desktop/STUDY/科研/基于 RGB-Thermal 双模态融合的光伏组件缺陷检测与热斑识别/平台系统_完整版/training_pipeline_v2/prepared/cell_anomaly/images/train/cell1015.png,train,0,0,0
/Users/heyanfeng/Desktop/STUDY/科研/基于 RGB-Thermal 双模态融合的光伏组件缺陷检测与热斑识别/平台系统_完整版/training_pipeline_v2/prepared/cell_anomaly/images/train/cell0979.png,train,0,0,0
/Users/heyanfeng/Desktop/STUDY/科研/基于 RGB-Thermal 双模态融合的光伏组件缺陷检测与热斑识别/平台系统_完整版/training_pipeline_v2/prepared/cell_anomaly/images/train/cell1239.png,train,0,0,0
/Users/heyanfeng/Desktop/STUDY/科研/基于 RGB-Thermal 双模态融合的光伏组件缺陷检测与热斑识别/平台系统_完整版/training_pipeline_v2/prepared/cell_anomaly/images/train/cell2438.png,train,0,0,0
/Users/heyanfeng/Desktop/STUDY/科研/基于 RGB-Thermal 双模态融合的光伏组件缺陷检测与热斑识别/平台系统_完整版/training_pipeline_v2/prepared/cell_anomaly/images/train/cell0909.png,train,0,0,0
/Users/heyanfeng/Desktop/STUDY/科研/基于 RGB-Thermal 双模态融合的光伏组件缺陷检测与热斑识别/平台系统_完整版/training_pipeline_v2/prepared/cell_anomaly/images/train/cell1408.png,train,0,0,0
/Users/heyanfeng/Desktop/STUDY/科研/基于 RGB-Thermal 双模态融合的光伏组件缺陷检测与热斑识别/平台系统_完整版/training_pipeline_v2/prepared/cell_anomaly/images/train/cell1440.png,train,0,0,0
/Users/heyanfeng/Desktop/STUDY/科研/基于 RGB-Thermal 双模态融合的光伏组件缺陷检测与热斑识别/平台系统_完整版/training_pipeline_v2/prepared/cell_anomaly/images/train/cell0060.png,train,0,0,0
/Users/heyanfeng/Desktop/STUDY/科研/基于 RGB-Thermal 双模态融合的光伏组件缺陷检测与热斑识别/平台系统_完整版/training_pipeline_v2/prepared/cell_anomaly/images/train/cell2156.png,train,0,0,0
/Users/heyanfeng/Desktop/STUDY/科研/基于 RGB-Thermal 双模态融合的光伏组件缺陷检测与热斑识别/平台系统_完整版/training_pipeline_v2/prepared/cell_anomaly/images/train/cell1238.png,train,0,0,0
/Users/heyanfeng/Desktop/STUDY/科研/基于 RGB-Thermal 双模态融合的光伏组件缺陷检测与热斑识别/平台系统_完整版/training_pipeline_v2/prepared/cell_anomaly/images/train/cell0950.png,train,0,0,0
/Users/heyanfeng/Desktop/STUDY/科研/基于 RGB-Thermal 双模态融合的光伏组件缺陷检测与热斑识别/平台系统_完整版/training_pipeline_v2/prepared/cell_anomaly/images/train/cell0967.png,train,0,0,0
/Users/heyanfeng/Desktop/STUDY/科研/基于 RGB-Thermal 双模态融合的光伏组件缺陷检测与热斑识别/平台系统_完整版/training_pipeline_v2/prepared/cell_anomaly/images/train/cell0005.png,train,0,0,0
/Users/heyanfeng/Desktop/STUDY/科研/基于 RGB-Thermal 双模态融合的光伏组件缺陷检测与热斑识别/平台系统_完整版/training_pipeline_v2/prepared/cell_anomaly/images/train/cell2413.png,train,0,0,0
/Users/heyanfeng/Desktop/STUDY/科研/基于 RGB-Thermal 双模态融合的光伏组件缺陷检测与热斑识别/平台系统_完整版/training_pipeline_v2/prepared/cell_anomaly/images/train/cell0918.png,train,0,0,0
/Users/heyanfeng/Desktop/STUDY/科研/基于 RGB-Thermal 双模态融合的光伏组件缺陷检测与热斑识别/平台系统_完整版/training_pipeline_v2/prepared/cell_anomaly/images/train/cell0369.png,train,0,0,0
/Users/heyanfeng/Desktop/STUDY/科研/基于 RGB-Thermal 双模态融合的光伏组件缺陷检测与热斑识别/平台系统_完整版/training_pipeline_v2/prepared/cell_anomaly/images/train/cell2148.png,train,0,0,0
/Users/heyanfeng/Desktop/STUDY/科研/基于 RGB-Thermal 双模态融合的光伏组件缺陷检测与热斑识别/平台系统_完整版/training_pipeline_v2/prepared/cell_anomaly/images/train/cell1201.png,train,0,0,0
/Users/heyanfeng/Desktop/STUDY/科研/基于 RGB-Thermal 双模态融合的光伏组件缺陷检测与热斑识别/平台系统_完整版/training_pipeline_v2/prepared/cell_anomaly/images/train/cell1215.png,train,0,0,0
/Users/heyanfeng/Desktop/STUDY/科研/基于 RGB-Thermal 双模态融合的光伏组件缺陷检测与热斑识别/平台系统_完整版/training_pipeline_v2/prepared/cell_anomaly/images/train/cell1374.png,train,0,0,0
/Users/heyanfeng/Desktop/STUDY/科研/基于 RGB-Thermal 双模态融合的光伏组件缺陷检测与热斑识别/平台系统_完整版/training_pipeline_v2/prepared/cell_anomaly/images/train/cell1157.png,train,0,0,0
/Users/heyanfeng/Desktop/STUDY/科研/基于 RGB-Thermal 双模态融合的光伏组件缺陷检测与热斑识别/平台系统_完整版/training_pipeline_v2/prepared/cell_anomaly/images/train/cell0995.png,train,0,0,0
/Users/heyanfeng/Desktop/STUDY/科研/基于 RGB-Thermal 双模态融合的光伏组件缺陷检测与热斑识别/平台系统_完整版/training_pipeline_v2/prepared/cell_anomaly/images/train/cell2423.png,train,0,0,0
/Users/heyanfeng/Desktop/STUDY/科研/基于 RGB-Thermal 双模态融合的光伏组件缺陷检测与热斑识别/平台系统_完整版/training_pipeline_v2/prepared/cell_anomaly/images/train/cell1045.png,train,0,0,0
/Users/heyanfeng/Desktop/STUDY/科研/基于 RGB-Thermal 双模态融合的光伏组件缺陷检测与热斑识别/平台系统_完整版/training_pipeline_v2/prepared/cell_anomaly/images/train/cell1447.png,train,0,0,0
/Users/heyanfeng/Desktop/STUDY/科研/基于 RGB-Thermal 双模态融合的光伏组件缺陷检测与热斑识别/平台系统_完整版/training_pipeline_v2/prepared/cell_anomaly/images/train/cell1140.png,train,0,0,0
/Users/heyanfeng/Desktop/STUDY/科研/基于 RGB-Thermal 双模态融合的光伏组件缺陷检测与热斑识别/平台系统_完整版/training_pipeline_v2/prepared/cell_anomaly/images/train/cell1146.png,train,0,0,0
/Users/heyanfeng/Desktop/STUDY/科研/基于 RGB-Thermal 双模态融合的光伏组件缺陷检测与热斑识别/平台系统_完整版/training_pipeline_v2/prepared/cell_anomaly/images/train/cell0004.png,train,0,0,0
/Users/heyanfeng/Desktop/STUDY/科研/基于 RGB-Thermal 双模态融合的光伏组件缺陷检测与热斑识别/平台系统_完整版/training_pipeline_v2/prepared/cell_anomaly/images/train/cell1206.png,train,0,0,0
/Users/heyanfeng/Desktop/STUDY/科研/基于 RGB-Thermal 双模态融合的光伏组件缺陷检测与热斑识别/平台系统_完整版/training_pipeline_v2/prepared/cell_anomaly/images/train/cell1033.png,train,0,0,0
/Users/heyanfeng/Desktop/STUDY/科研/基于 RGB-Thermal 双模态融合的光伏组件缺陷检测与热斑识别/平台系统_完整版/training_pipeline_v2/prepared/cell_anomaly/images/train/cell0397.png,train,0,0,0
/Users/heyanfeng/Desktop/STUDY/科研/基于 RGB-Thermal 双模态融合的光伏组件缺陷检测与热斑识别/平台系统_完整版/training_pipeline_v2/prepared/cell_anomaly/images/train/cell2212.png,train,0,0,0
/Users/heyanfeng/Desktop/STUDY/科研/基于 RGB-Thermal 双模态融合的光伏组件缺陷检测与热斑识别/平台系统_完整版/training_pipeline_v2/prepared/cell_anomaly/images/train/cell2202.png,train,0,0,0
/Users/heyanfeng/Desktop/STUDY/科研/基于 RGB-Thermal 双模态融合的光伏组件缺陷检测与热斑识别/平台系统_完整版/training_pipeline_v2/prepared/cell_anomaly/images/train/cell0992.png,train,0,0,0
/Users/heyanfeng/Desktop/STUDY/科研/基于 RGB-Thermal 双模态融合的光伏组件缺陷检测与热斑识别/平台系统_完整版/training_pipeline_v2/prepared/cell_anomaly/images/train/cell1018.png,train,0,0,0
/Users/heyanfeng/Desktop/STUDY/科研/基于 RGB-Thermal 双模态融合的光伏组件缺陷检测与热斑识别/平台系统_完整版/training_pipeline_v2/prepared/cell_anomaly/images/train/cell2411.png,train,0,0,0
/Users/heyanfeng/Desktop/STUDY/科研/基于 RGB-Thermal 双模态融合的光伏组件缺陷检测与热斑识别/平台系统_完整版/training_pipeline_v2/prepared/cell_anomaly/images/train/cell2425.png,train,0,0,0
/Users/heyanfeng/Desktop/STUDY/科研/基于 RGB-Thermal 双模态融合的光伏组件缺陷检测与热斑识别/平台系统_完整版/training_pipeline_v2/prepared/cell_anomaly/images/train/cell1592.png,train,0,0,0
/Users/heyanfeng/Desktop/STUDY/科研/基于 RGB-Thermal 双模态融合的光伏组件缺陷检测与热斑识别/平台系统_完整版/training_pipeline_v2/prepared/cell_anomaly/images/train/cell1008.png,train,0,0,0
/Users/heyanfeng/Desktop/STUDY/科研/基于 RGB-Thermal 双模态融合的光伏组件缺陷检测与热斑识别/平台系统_完整版/training_pipeline_v2/prepared/cell_anomaly/images/train/cell0939.png,train,0,0,0
/Users/heyanfeng/Desktop/STUDY/科研/基于 RGB-Thermal 双模态融合的光伏组件缺陷检测与热斑识别/平台系统_完整版/training_pipeline_v2/prepared/cell_anomaly/images/train/cell2192.png,train,0,0,0
/Users/heyanfeng/Desktop/STUDY/科研/基于 RGB-Thermal 双模态融合的光伏组件缺陷检测与热斑识别/平台系统_完整版/training_pipeline_v2/prepared/cell_anomaly/images/train/cell1346.png,train,0,0,0
/Users/heyanfeng/Desktop/STUDY/科研/基于 RGB-Thermal 双模态融合的光伏组件缺陷检测与热斑识别/平台系统_完整版/training_pipeline_v2/prepared/cell_anomaly/images/train/cell0975.png,train,0,0,0
/Users/heyanfeng/Desktop/STUDY/科研/基于 RGB-Thermal 双模态融合的光伏组件缺陷检测与热斑识别/平台系统_完整版/training_pipeline_v2/prepared/cell_anomaly/images/train/cell0994.png,train,0,0,0
/Users/heyanfeng/Desktop/STUDY/科研/基于 RGB-Thermal 双模态融合的光伏组件缺陷检测与热斑识别/平台系统_完整版/training_pipeline_v2/prepared/cell_anomaly/images/train/cell1288.png,train,0,0,0
/Users/heyanfeng/Desktop/STUDY/科研/基于 RGB-Thermal 双模态融合的光伏组件缺陷检测与热斑识别/平台系统_完整版/training_pipeline_v2/prepared/cell_anomaly/images/train/cell0964.png,train,0,0,0
/Users/heyanfeng/Desktop/STUDY/科研/基于 RGB-Thermal 双模态融合的光伏组件缺陷检测与热斑识别/平台系统_完整版/training_pipeline_v2/prepared/cell_anomaly/images/train/cell1277.png,train,0,0,0
/Users/heyanfeng/Desktop/STUDY/科研/基于 RGB-Thermal 双模态融合的光伏组件缺陷检测与热斑识别/平台系统_完整版/training_pipeline_v2/prepared/cell_anomaly/images/train/cell1600.png,train,0,0,0
/Users/heyanfeng/Desktop/STUDY/科研/基于 RGB-Thermal 双模态融合的光伏组件缺陷检测与热斑识别/平台系统_完整版/training_pipeline_v2/prepared/cell_anomaly/images/train/cell1531.png,train,0,0,0
/Users/heyanfeng/Desktop/STUDY/科研/基于 RGB-Thermal 双模态融合的光伏组件缺陷检测与热斑识别/平台系统_完整版/training_pipeline_v2/prepared/cell_anomaly/images/train/cell1137.png,train,0,0,0
/Users/heyanfeng/Desktop/STUDY/科研/基于 RGB-Thermal 双模态融合的光伏组件缺陷检测与热斑识别/平台系统_完整版/training_pipeline_v2/prepared/cell_anomaly/images/train/cell1190.png,train,0,0,0
/Users/heyanfeng/Desktop/STUDY/科研/基于 RGB-Thermal 双模态融合的光伏组件缺陷检测与热斑识别/平台系统_完整版/training_pipeline_v2/prepared/cell_anomaly/images/train/cell1064.png,train,0,0,0
/Users/heyanfeng/Desktop/STUDY/科研/基于 RGB-Thermal 双模态融合的光伏组件缺陷检测与热斑识别/平台系统_完整版/training_pipeline_v2/prepared/cell_anomaly/images/train/cell1458.png,train,0,0,0
/Users/heyanfeng/Desktop/STUDY/科研/基于 RGB-Thermal 双模态融合的光伏组件缺陷检测与热斑识别/平台系统_完整版/training_pipeline_v2/prepared/cell_anomaly/images/train/cell2409.png,train,0,0,0
/Users/heyanfeng/Desktop/STUDY/科研/基于 RGB-Thermal 双模态融合的光伏组件缺陷检测与热斑识别/平台系统_完整版/training_pipeline_v2/prepared/cell_anomaly/images/train/cell1160.png,train,0,0,0
/Users/heyanfeng/Desktop/STUDY/科研/基于 RGB-Thermal 双模态融合的光伏组件缺陷检测与热斑识别/平台系统_完整版/training_pipeline_v2/prepared/cell_anomaly/images/train/cell1358.png,train,0,0,0
/Users/heyanfeng/Desktop/STUDY/科研/基于 RGB-Thermal 双模态融合的光伏组件缺陷检测与热斑识别/平台系统_完整版/training_pipeline_v2/prepared/cell_anomaly/images/train/cell0951.png,train,0,0,0
/Users/heyanfeng/Desktop/STUDY/科研/基于 RGB-Thermal 双模态融合的光伏组件缺陷检测与热斑识别/平台系统_完整版/training_pipeline_v2/prepared/cell_anomaly/images/train/cell2195.png,train,0,0,0
/Users/heyanfeng/Desktop/STUDY/科研/基于 RGB-Thermal 双模态融合的光伏组件缺陷检测与热斑识别/平台系统_完整版/training_pipeline_v2/prepared/cell_anomaly/images/train/cell1449.png,train,0,0,0
/Users/heyanfeng/Desktop/STUDY/科研/基于 RGB-Thermal 双模态融合的光伏组件缺陷检测与热斑识别/平台系统_完整版/training_pipeline_v2/prepared/cell_anomaly/images/train/cell1344.png,train,0,0,0
/Users/heyanfeng/Desktop/STUDY/科研/基于 RGB-Thermal 双模态融合的光伏组件缺陷检测与热斑识别/平台系统_完整版/training_pipeline_v2/prepared/cell_anomaly/images/train/cell1568.png,train,0,0,0
/Users/heyanfeng/Desktop/STUDY/科研/基于 RGB-Thermal 双模态融合的光伏组件缺陷检测与热斑识别/平台系统_完整版/training_pipeline_v2/prepared/cell_anomaly/images/train/cell1265.png,train,0,0,0
/Users/heyanfeng/Desktop/STUDY/科研/基于 RGB-Thermal 双模态融合的光伏组件缺陷检测与热斑识别/平台系统_完整版/training_pipeline_v2/prepared/cell_anomaly/images/train/cell1555.png,train,0,0,0
/Users/heyanfeng/Desktop/STUDY/科研/基于 RGB-Thermal 双模态融合的光伏组件缺陷检测与热斑识别/平台系统_完整版/training_pipeline_v2/prepared/cell_anomaly/images/train/cell1567.png,train,0,0,0
/Users/heyanfeng/Desktop/STUDY/科研/基于 RGB-Thermal 双模态融合的光伏组件缺陷检测与热斑识别/平台系统_完整版/training_pipeline_v2/prepared/cell_anomaly/images/train/cell1537.png,train,0,0,0
/Users/heyanfeng/Desktop/STUDY/科研/基于 RGB-Thermal 双模态融合的光伏组件缺陷检测与热斑识别/平台系统_完整版/training_pipeline_v2/prepared/cell_anomaly/images/train/cell1504.png,train,0,0,0
/Users/heyanfeng/Desktop/STUDY/科研/基于 RGB-Thermal 双模态融合的光伏组件缺陷检测与热斑识别/平台系统_完整版/training_pipeline_v2/prepared/cell_anomaly/images/train/cell1310.png,train,0,0,0
/Users/heyanfeng/Desktop/STUDY/科研/基于 RGB-Thermal 双模态融合的光伏组件缺陷检测与热斑识别/平台系统_完整版/training_pipeline_v2/prepared/cell_anomaly/images/train/cell1283.png,train,0,0,0
/Users/heyanfeng/Desktop/STUDY/科研/基于 RGB-Thermal 双模态融合的光伏组件缺陷检测与热斑识别/平台系统_完整版/training_pipeline_v2/prepared/cell_anomaly/images/train/cell1613.png,train,0,0,0
/Users/heyanfeng/Desktop/STUDY/科研/基于 RGB-Thermal 双模态融合的光伏组件缺陷检测与热斑识别/平台系统_完整版/training_pipeline_v2/prepared/cell_anomaly/images/train/cell1365.png,train,0,0,0
/Users/heyanfeng/Desktop/STUDY/科研/基于 RGB-Thermal 双模态融合的光伏组件缺陷检测与热斑识别/平台系统_完整版/training_pipeline_v2/prepared/cell_anomaly/images/train/cell1370.png,train,0,0,0
/Users/heyanfeng/Desktop/STUDY/科研/基于 RGB-Thermal 双模态融合的光伏组件缺陷检测与热斑识别/平台系统_完整版/training_pipeline_v2/prepared/cell_anomaly/images/train/cell1423.png,train,0,0,0
/Users/heyanfeng/Desktop/STUDY/科研/基于 RGB-Thermal 双模态融合的光伏组件缺陷检测与热斑识别/平台系统_完整版/training_pipeline_v2/prepared/cell_anomaly/images/train/cell0955.png,train,0,0,0
/Users/heyanfeng/Desktop/STUDY/科研/基于 RGB-Thermal 双模态融合的光伏组件缺陷检测与热斑识别/平台系统_完整版/training_pipeline_v2/prepared/cell_anomaly/images/train/cell2216.png,train,0,0,0
/Users/heyanfeng/Desktop/STUDY/科研/基于 RGB-Thermal 双模态融合的光伏组件缺陷检测与热斑识别/平台系统_完整版/training_pipeline_v2/prepared/cell_anomaly/images/train/cell1055.png,train,0,0,0
/Users/heyanfeng/Desktop/STUDY/科研/基于 RGB-Thermal 双模态融合的光伏组件缺陷检测与热斑识别/平台系统_完整版/training_pipeline_v2/prepared/cell_anomaly/images/train/cell1079.png,train,0,0,0
/Users/heyanfeng/Desktop/STUDY/科研/基于 RGB-Thermal 双模态融合的光伏组件缺陷检测与热斑识别/平台系统_完整版/training_pipeline_v2/prepared/cell_anomaly/images/train/cell1551.png,train,0,0,0
/Users/heyanfeng/Desktop/STUDY/科研/基于 RGB-Thermal 双模态融合的光伏组件缺陷检测与热斑识别/平台系统_完整版/training_pipeline_v2/prepared/cell_anomaly/images/train/cell2402.png,train,0,0,0
/Users/heyanfeng/Desktop/STUDY/科研/基于 RGB-Thermal 双模态融合的光伏组件缺陷检测与热斑识别/平台系统_完整版/training_pipeline_v2/prepared/cell_anomaly/images/train/cell1244.png,train,0,0,0
/Users/heyanfeng/Desktop/STUDY/科研/基于 RGB-Thermal 双模态融合的光伏组件缺陷检测与热斑识别/平台系统_完整版/training_pipeline_v2/prepared/cell_anomaly/images/train/cell1546.png,train,0,0,0
/Users/heyanfeng/Desktop/STUDY/科研/基于 RGB-Thermal 双模态融合的光伏组件缺陷检测与热斑识别/平台系统_完整版/training_pipeline_v2/prepared/cell_anomaly/images/train/cell0465.png,train,0,0,0
/Users/heyanfeng/Desktop/STUDY/科研/基于 RGB-Thermal 双模态融合的光伏组件缺陷检测与热斑识别/平台系统_完整版/training_pipeline_v2/prepared/cell_anomaly/images/train/cell1435.png,train,0,0,0
/Users/heyanfeng/Desktop/STUDY/科研/基于 RGB-Thermal 双模态融合的光伏组件缺陷检测与热斑识别/平台系统_完整版/training_pipeline_v2/prepared/cell_anomaly/images/train/cell2188.png,train,0,0,0
/Users/heyanfeng/Desktop/STUDY/科研/基于 RGB-Thermal 双模态融合的光伏组件缺陷检测与热斑识别/平台系统_完整版/training_pipeline_v2/prepared/cell_anomaly/images/train/cell1103.png,train,0,0,0
/Users/heyanfeng/Desktop/STUDY/科研/基于 RGB-Thermal 双模态融合的光伏组件缺陷检测与热斑识别/平台系统_完整版/training_pipeline_v2/prepared/cell_anomaly/images/train/cell0540.png,train,0,0,0
/Users/heyanfeng/Desktop/STUDY/科研/基于 RGB-Thermal 双模态融合的光伏组件缺陷检测与热斑识别/平台系统_完整版/training_pipeline_v2/prepared/cell_anomaly/images/train/cell1563.png,train,0,0,0
/Users/heyanfeng/Desktop/STUDY/科研/基于 RGB-Thermal 双模态融合的光伏组件缺陷检测与热斑识别/平台系统_完整版/training_pipeline_v2/prepared/cell_anomaly/images/train/cell1221.png,train,0,0,0
/Users/heyanfeng/Desktop/STUDY/科研/基于 RGB-Thermal 双模态融合的光伏组件缺陷检测与热斑识别/平台系统_完整版/training_pipeline_v2/prepared/cell_anomaly/images/train/cell1512.png,train,0,0,0
/Users/heyanfeng/Desktop/STUDY/科研/基于 RGB-Thermal 双模态融合的光伏组件缺陷检测与热斑识别/平台系统_完整版/training_pipeline_v2/prepared/cell_anomaly/images/train/cell1040.png,train,0,0,0
/Users/heyanfeng/Desktop/STUDY/科研/基于 RGB-Thermal 双模态融合的光伏组件缺陷检测与热斑识别/平台系统_完整版/training_pipeline_v2/prepared/cell_anomaly/images/train/cell1360.png,train,0,0,0
/Users/heyanfeng/Desktop/STUDY/科研/基于 RGB-Thermal 双模态融合的光伏组件缺陷检测与热斑识别/平台系统_完整版/training_pipeline_v2/prepared/cell_anomaly/images/train/cell2428.png,train,0,0,0
/Users/heyanfeng/Desktop/STUDY/科研/基于 RGB-Thermal 双模态融合的光伏组件缺陷检测与热斑识别/平台系统_完整版/training_pipeline_v2/prepared/cell_anomaly/images/train/cell1468.png,train,0,0,0
/Users/heyanfeng/Desktop/STUDY/科研/基于 RGB-Thermal 双模态融合的光伏组件缺陷检测与热斑识别/平台系统_完整版/training_pipeline_v2/prepared/cell_anomaly/images/train/cell0924.png,train,0,0,0
/Users/heyanfeng/Desktop/STUDY/科研/基于 RGB-Thermal 双模态融合的光伏组件缺陷检测与热斑识别/平台系统_完整版/training_pipeline_v2/prepared/cell_anomaly/images/train/cell1337.png,train,0,0,0
/Users/heyanfeng/Desktop/STUDY/科研/基于 RGB-Thermal 双模态融合的光伏组件缺陷检测与热斑识别/平台系统_完整版/training_pipeline_v2/prepared/cell_anomaly/images/train/cell2420.png,train,0,0,0
/Users/heyanfeng/Desktop/STUDY/科研/基于 RGB-Thermal 双模态融合的光伏组件缺陷检测与热斑识别/平台系统_完整版/training_pipeline_v2/prepared/cell_anomaly/images/train/cell1212.png,train,0,0,0
/Users/heyanfeng/Desktop/STUDY/科研/基于 RGB-Thermal 双模态融合的光伏组件缺陷检测与热斑识别/平台系统_完整版/training_pipeline_v2/prepared/cell_anomaly/images/train/cell1434.png,train,0,0,0
/Users/heyanfeng/Desktop/STUDY/科研/基于 RGB-Thermal 双模态融合的光伏组件缺陷检测与热斑识别/平台系统_完整版/training_pipeline_v2/prepared/cell_anomaly/images/train/cell1415.png,train,0,0,0
/Users/heyanfeng/Desktop/STUDY/科研/基于 RGB-Thermal 双模态融合的光伏组件缺陷检测与热斑识别/平台系统_完整版/training_pipeline_v2/prepared/cell_anomaly/images/train/cell1387.png,train,0,0,0
/Users/heyanfeng/Desktop/STUDY/科研/基于 RGB-Thermal 双模态融合的光伏组件缺陷检测与热斑识别/平台系统_完整版/training_pipeline_v2/prepared/cell_anomaly/images/train/cell2168.png,train,0,0,0
/Users/heyanfeng/Desktop/STUDY/科研/基于 RGB-Thermal 双模态融合的光伏组件缺陷检测与热斑识别/平台系统_完整版/training_pipeline_v2/prepared/cell_anomaly/images/train/cell1342.png,train,0,0,0
/Users/heyanfeng/Desktop/STUDY/科研/基于 RGB-Thermal 双模态融合的光伏组件缺陷检测与热斑识别/平台系统_完整版/training_pipeline_v2/prepared/cell_anomaly/images/train/cell1110.png,train,0,0,0
/Users/heyanfeng/Desktop/STUDY/科研/基于 RGB-Thermal 双模态融合的光伏组件缺陷检测与热斑识别/平台系统_完整版/training_pipeline_v2/prepared/cell_anomaly/images/train/cell1610.png,train,0,0,0
/Users/heyanfeng/Desktop/STUDY/科研/基于 RGB-Thermal 双模态融合的光伏组件缺陷检测与热斑识别/平台系统_完整版/training_pipeline_v2/prepared/cell_anomaly/images/train/cell1333.png,train,0,0,0
/Users/heyanfeng/Desktop/STUDY/科研/基于 RGB-Thermal 双模态融合的光伏组件缺陷检测与热斑识别/平台系统_完整版/training_pipeline_v2/prepared/cell_anomaly/images/train/cell1300.png,train,0,0,0
/Users/heyanfeng/Desktop/STUDY/科研/基于 RGB-Thermal 双模态融合的光伏组件缺陷检测与热斑识别/平台系统_完整版/training_pipeline_v2/prepared/cell_anomaly/images/train/cell2426.png,train,0,0,0
/Users/heyanfeng/Desktop/STUDY/科研/基于 RGB-Thermal 双模态融合的光伏组件缺陷检测与热斑识别/平台系统_完整版/training_pipeline_v2/prepared/cell_anomaly/images/train/cell0913.png,train,0,0,0
/Users/heyanfeng/Desktop/STUDY/科研/基于 RGB-Thermal 双模态融合的光伏组件缺陷检测与热斑识别/平台系统_完整版/training_pipeline_v2/prepared/cell_anomaly/images/train/cell0927.png,train,0,0,0
/Users/heyanfeng/Desktop/STUDY/科研/基于 RGB-Thermal 双模态融合的光伏组件缺陷检测与热斑识别/平台系统_完整版/training_pipeline_v2/prepared/cell_anomaly/images/train/cell1586.png,train,0,0,0
/Users/heyanfeng/Desktop/STUDY/科研/基于 RGB-Thermal 双模态融合的光伏组件缺陷检测与热斑识别/平台系统_完整版/training_pipeline_v2/prepared/cell_anomaly/images/train/cell1199.png,train,0,0,0
/Users/heyanfeng/Desktop/STUDY/科研/基于 RGB-Thermal 双模态融合的光伏组件缺陷检测与热斑识别/平台系统_完整版/training_pipeline_v2/prepared/cell_anomaly/images/train/cell1609.png,train,0,0,0
/Users/heyanfeng/Desktop/STUDY/科研/基于 RGB-Thermal 双模态融合的光伏组件缺陷检测与热斑识别/平台系统_完整版/training_pipeline_v2/prepared/cell_anomaly/images/train/cell0903.png,train,0,0,0
/Users/heyanfeng/Desktop/STUDY/科研/基于 RGB-Thermal 双模态融合的光伏组件缺陷检测与热斑识别/平台系统_完整版/training_pipeline_v2/prepared/cell_anomaly/images/train/cell2177.png,train,0,0,0
/Users/heyanfeng/Desktop/STUDY/科研/基于 RGB-Thermal 双模态融合的光伏组件缺陷检测与热斑识别/平台系统_完整版/training_pipeline_v2/prepared/cell_anomaly/images/train/cell1511.png,train,0,0,0
/Users/heyanfeng/Desktop/STUDY/科研/基于 RGB-Thermal 双模态融合的光伏组件缺陷检测与热斑识别/平台系统_完整版/training_pipeline_v2/prepared/cell_anomaly/images/train/cell1501.png,train,0,0,0
/Users/heyanfeng/Desktop/STUDY/科研/基于 RGB-Thermal 双模态融合的光伏组件缺陷检测与热斑识别/平台系统_完整版/training_pipeline_v2/prepared/cell_anomaly/images/train/cell0503.png,train,0,0,0
/Users/heyanfeng/Desktop/STUDY/科研/基于 RGB-Thermal 双模态融合的光伏组件缺陷检测与热斑识别/平台系统_完整版/training_pipeline_v2/prepared/cell_anomaly/images/train/cell1558.png,train,0,0,0
/Users/heyanfeng/Desktop/STUDY/科研/基于 RGB-Thermal 双模态融合的光伏组件缺陷检测与热斑识别/平台系统_完整版/training_pipeline_v2/prepared/cell_anomaly/images/train/cell2153.png,train,0,0,0
/Users/heyanfeng/Desktop/STUDY/科研/基于 RGB-Thermal 双模态融合的光伏组件缺陷检测与热斑识别/平台系统_完整版/training_pipeline_v2/prepared/cell_anomaly/images/train/cell2190.png,train,0,0,0
/Users/heyanfeng/Desktop/STUDY/科研/基于 RGB-Thermal 双模态融合的光伏组件缺陷检测与热斑识别/平台系统_完整版/training_pipeline_v2/prepared/cell_anomaly/images/train/cell0969.png,train,0,0,0
/Users/heyanfeng/Desktop/STUDY/科研/基于 RGB-Thermal 双模态融合的光伏组件缺陷检测与热斑识别/平台系统_完整版/training_pipeline_v2/prepared/cell_anomaly/images/train/cell1448.png,train,0,0,0
/Users/heyanfeng/Desktop/STUDY/科研/基于 RGB-Thermal 双模态融合的光伏组件缺陷检测与热斑识别/平台系统_完整版/training_pipeline_v2/prepared/cell_anomaly/images/train/cell1565.png,train,0,0,0
/Users/heyanfeng/Desktop/STUDY/科研/基于 RGB-Thermal 双模态融合的光伏组件缺陷检测与热斑识别/平台系统_完整版/training_pipeline_v2/prepared/cell_anomaly/images/train/cell1556.png,train,0,0,0
/Users/heyanfeng/Desktop/STUDY/科研/基于 RGB-Thermal 双模态融合的光伏组件缺陷检测与热斑识别/平台系统_完整版/training_pipeline_v2/prepared/cell_anomaly/images/train/cell2175.png,train,0,0,0
/Users/heyanfeng/Desktop/STUDY/科研/基于 RGB-Thermal 双模态融合的光伏组件缺陷检测与热斑识别/平台系统_完整版/training_pipeline_v2/prepared/cell_anomaly/images/train/cell1004.png,train,0,0,0
/Users/heyanfeng/Desktop/STUDY/科研/基于 RGB-Thermal 双模态融合的光伏组件缺陷检测与热斑识别/平台系统_完整版/training_pipeline_v2/prepared/cell_anomaly/images/train/cell1424.png,train,0,0,0
/Users/heyanfeng/Desktop/STUDY/科研/基于 RGB-Thermal 双模态融合的光伏组件缺陷检测与热斑识别/平台系统_完整版/training_pipeline_v2/prepared/cell_anomaly/images/train/cell2151.png,train,0,0,0
/Users/heyanfeng/Desktop/STUDY/科研/基于 RGB-Thermal 双模态融合的光伏组件缺陷检测与热斑识别/平台系统_完整版/training_pipeline_v2/prepared/cell_anomaly/images/train/cell1164.png,train,0,0,0
/Users/heyanfeng/Desktop/STUDY/科研/基于 RGB-Thermal 双模态融合的光伏组件缺陷检测与热斑识别/平台系统_完整版/training_pipeline_v2/prepared/cell_anomaly/images/train/cell1247.png,train,0,0,0
/Users/heyanfeng/Desktop/STUDY/科研/基于 RGB-Thermal 双模态融合的光伏组件缺陷检测与热斑识别/平台系统_完整版/training_pipeline_v2/prepared/cell_anomaly/images/train/cell1562.png,train,0,0,0
/Users/heyanfeng/Desktop/STUDY/科研/基于 RGB-Thermal 双模态融合的光伏组件缺陷检测与热斑识别/平台系统_完整版/training_pipeline_v2/prepared/cell_anomaly/images/train/cell1394.png,train,0,0,0
/Users/heyanfeng/Desktop/STUDY/科研/基于 RGB-Thermal 双模态融合的光伏组件缺陷检测与热斑识别/平台系统_完整版/training_pipeline_v2/prepared/cell_anomaly/images/train/cell1096.png,train,0,0,0
/Users/heyanfeng/Desktop/STUDY/科研/基于 RGB-Thermal 双模态融合的光伏组件缺陷检测与热斑识别/平台系统_完整版/training_pipeline_v2/prepared/cell_anomaly/images/train/cell1363.png,train,0,0,0
/Users/heyanfeng/Desktop/STUDY/科研/基于 RGB-Thermal 双模态融合的光伏组件缺陷检测与热斑识别/平台系统_完整版/training_pipeline_v2/prepared/cell_anomaly/images/train/cell1226.png,train,0,0,0
/Users/heyanfeng/Desktop/STUDY/科研/基于 RGB-Thermal 双模态融合的光伏组件缺陷检测与热斑识别/平台系统_完整版/training_pipeline_v2/prepared/cell_anomaly/images/train/cell1368.png,train,0,0,0
/Users/heyanfeng/Desktop/STUDY/科研/基于 RGB-Thermal 双模态融合的光伏组件缺陷检测与热斑识别/平台系统_完整版/training_pipeline_v2/prepared/cell_anomaly/images/train/cell1072.png,train,0,0,0
/Users/heyanfeng/Desktop/STUDY/科研/基于 RGB-Thermal 双模态融合的光伏组件缺陷检测与热斑识别/平台系统_完整版/training_pipeline_v2/prepared/cell_anomaly/images/train/cell2150.png,train,0,0,0
/Users/heyanfeng/Desktop/STUDY/科研/基于 RGB-Thermal 双模态融合的光伏组件缺陷检测与热斑识别/平台系统_完整版/training_pipeline_v2/prepared/cell_anomaly/images/train/cell0929.png,train,0,0,0
/Users/heyanfeng/Desktop/STUDY/科研/基于 RGB-Thermal 双模态融合的光伏组件缺陷检测与热斑识别/平台系统_完整版/training_pipeline_v2/prepared/cell_anomaly/images/train/cell2179.png,train,0,0,0
/Users/heyanfeng/Desktop/STUDY/科研/基于 RGB-Thermal 双模态融合的光伏组件缺陷检测与热斑识别/平台系统_完整版/training_pipeline_v2/prepared/cell_anomaly/images/train/cell1148.png,train,0,0,0
/Users/heyanfeng/Desktop/STUDY/科研/基于 RGB-Thermal 双模态融合的光伏组件缺陷检测与热斑识别/平台系统_完整版/training_pipeline_v2/prepared/cell_anomaly/images/train/cell1038.png,train,0,0,0
/Users/heyanfeng/Desktop/STUDY/科研/基于 RGB-Thermal 双模态融合的光伏组件缺陷检测与热斑识别/平台系统_完整版/training_pipeline_v2/prepared/cell_anomaly/images/train/cell1092.png,train,0,0,0
/Users/heyanfeng/Desktop/STUDY/科研/基于 RGB-Thermal 双模态融合的光伏组件缺陷检测与热斑识别/平台系统_完整版/training_pipeline_v2/prepared/cell_anomaly/images/train/cell1039.png,train,0,0,0
/Users/heyanfeng/Desktop/STUDY/科研/基于 RGB-Thermal 双模态融合的光伏组件缺陷检测与热斑识别/平台系统_完整版/training_pipeline_v2/prepared/cell_anomaly/images/train/cell1544.png,train,0,0,0
/Users/heyanfeng/Desktop/STUDY/科研/基于 RGB-Thermal 双模态融合的光伏组件缺陷检测与热斑识别/平台系统_完整版/training_pipeline_v2/prepared/cell_anomaly/images/train/cell1533.png,train,0,0,0
/Users/heyanfeng/Desktop/STUDY/科研/基于 RGB-Thermal 双模态融合的光伏组件缺陷检测与热斑识别/平台系统_完整版/training_pipeline_v2/prepared/cell_anomaly/images/train/cell0949.png,train,0,0,0
/Users/heyanfeng/Desktop/STUDY/科研/基于 RGB-Thermal 双模态融合的光伏组件缺陷检测与热斑识别/平台系统_完整版/training_pipeline_v2/prepared/cell_anomaly/images/train/cell2439.png,train,0,0,0
/Users/heyanfeng/Desktop/STUDY/科研/基于 RGB-Thermal 双模态融合的光伏组件缺陷检测与热斑识别/平台系统_完整版/training_pipeline_v2/prepared/cell_anomaly/images/train/cell1282.png,train,0,0,0
/Users/heyanfeng/Desktop/STUDY/科研/基于 RGB-Thermal 双模态融合的光伏组件缺陷检测与热斑识别/平台系统_完整版/training_pipeline_v2/prepared/cell_anomaly/images/train/cell1154.png,train,0,0,0
/Users/heyanfeng/Desktop/STUDY/科研/基于 RGB-Thermal 双模态融合的光伏组件缺陷检测与热斑识别/平台系统_完整版/training_pipeline_v2/prepared/cell_anomaly/images/train/cell1357.png,train,0,0,0
/Users/heyanfeng/Desktop/STUDY/科研/基于 RGB-Thermal 双模态融合的光伏组件缺陷检测与热斑识别/平台系统_完整版/training_pipeline_v2/prepared/cell_anomaly/images/train/cell1392.png,train,0,0,0
/Users/heyanfeng/Desktop/STUDY/科研/基于 RGB-Thermal 双模态融合的光伏组件缺陷检测与热斑识别/平台系统_完整版/training_pipeline_v2/prepared/cell_anomaly/images/train/cell1162.png,train,0,0,0
/Users/heyanfeng/Desktop/STUDY/科研/基于 RGB-Thermal 双模态融合的光伏组件缺陷检测与热斑识别/平台系统_完整版/training_pipeline_v2/prepared/cell_anomaly/images/train/cell2419.png,train,0,0,0
/Users/heyanfeng/Desktop/STUDY/科研/基于 RGB-Thermal 双模态融合的光伏组件缺陷检测与热斑识别/平台系统_完整版/training_pipeline_v2/prepared/cell_anomaly/images/train/cell1316.png,train,0,0,0
/Users/heyanfeng/Desktop/STUDY/科研/基于 RGB-Thermal 双模态融合的光伏组件缺陷检测与热斑识别/平台系统_完整版/training_pipeline_v2/prepared/cell_anomaly/images/train/cell1043.png,train,0,0,0
/Users/heyanfeng/Desktop/STUDY/科研/基于 RGB-Thermal 双模态融合的光伏组件缺陷检测与热斑识别/平台系统_完整版/training_pipeline_v2/prepared/cell_anomaly/images/train/cell1602.png,train,0,0,0
/Users/heyanfeng/Desktop/STUDY/科研/基于 RGB-Thermal 双模态融合的光伏组件缺陷检测与热斑识别/平台系统_完整版/training_pipeline_v2/prepared/cell_anomaly/images/train/cell1443.png,train,0,0,0
/Users/heyanfeng/Desktop/STUDY/科研/基于 RGB-Thermal 双模态融合的光伏组件缺陷检测与热斑识别/平台系统_完整版/training_pipeline_v2/prepared/cell_anomaly/images/train/cell1194.png,train,0,0,0
/Users/heyanfeng/Desktop/STUDY/科研/基于 RGB-Thermal 双模态融合的光伏组件缺陷检测与热斑识别/平台系统_完整版/training_pipeline_v2/prepared/cell_anomaly/images/train/cell1250.png,train,0,0,0
/Users/heyanfeng/Desktop/STUDY/科研/基于 RGB-Thermal 双模态融合的光伏组件缺陷检测与热斑识别/平台系统_完整版/training_pipeline_v2/prepared/cell_anomaly/images/train/cell0413.png,train,0,0,0
/Users/heyanfeng/Desktop/STUDY/科研/基于 RGB-Thermal 双模态融合的光伏组件缺陷检测与热斑识别/平台系统_完整版/training_pipeline_v2/prepared/cell_anomaly/images/train/cell1417.png,train,0,0,0
/Users/heyanfeng/Desktop/STUDY/科研/基于 RGB-Thermal 双模态融合的光伏组件缺陷检测与热斑识别/平台系统_完整版/training_pipeline_v2/prepared/cell_anomaly/images/train/cell2176.png,train,0,0,0
/Users/heyanfeng/Desktop/STUDY/科研/基于 RGB-Thermal 双模态融合的光伏组件缺陷检测与热斑识别/平台系统_完整版/training_pipeline_v2/prepared/cell_anomaly/images/train/cell1105.png,train,0,0,0
/Users/heyanfeng/Desktop/STUDY/科研/基于 RGB-Thermal 双模态融合的光伏组件缺陷检测与热斑识别/平台系统_完整版/training_pipeline_v2/prepared/cell_anomaly/images/train/cell1139.png,train,0,0,0
/Users/heyanfeng/Desktop/STUDY/科研/基于 RGB-Thermal 双模态融合的光伏组件缺陷检测与热斑识别/平台系统_完整版/training_pipeline_v2/prepared/cell_anomaly/images/train/cell0922.png,train,0,0,0
/Users/heyanfeng/Desktop/STUDY/科研/基于 RGB-Thermal 双模态融合的光伏组件缺陷检测与热斑识别/平台系统_完整版/training_pipeline_v2/prepared/cell_anomaly/images/train/cell0456.png,train,0,0,0
/Users/heyanfeng/Desktop/STUDY/科研/基于 RGB-Thermal 双模态融合的光伏组件缺陷检测与热斑识别/平台系统_完整版/training_pipeline_v2/prepared/cell_anomaly/images/train/cell0930.png,train,0,0,0
/Users/heyanfeng/Desktop/STUDY/科研/基于 RGB-Thermal 双模态融合的光伏组件缺陷检测与热斑识别/平台系统_完整版/training_pipeline_v2/prepared/cell_anomaly/images/train/cell1597.png,train,0,0,0
/Users/heyanfeng/Desktop/STUDY/科研/基于 RGB-Thermal 双模态融合的光伏组件缺陷检测与热斑识别/平台系统_完整版/training_pipeline_v2/prepared/cell_anomaly/images/train/cell1582.png,train,0,0,0
/Users/heyanfeng/Desktop/STUDY/科研/基于 RGB-Thermal 双模态融合的光伏组件缺陷检测与热斑识别/平台系统_完整版/training_pipeline_v2/prepared/cell_anomaly/images/train/cell1495.png,train,0,0,0
/Users/heyanfeng/Desktop/STUDY/科研/基于 RGB-Thermal 双模态融合的光伏组件缺陷检测与热斑识别/平台系统_完整版/training_pipeline_v2/prepared/cell_anomaly/images/train/cell1217.png,train,0,0,0
/Users/heyanfeng/Desktop/STUDY/科研/基于 RGB-Thermal 双模态融合的光伏组件缺陷检测与热斑识别/平台系统_完整版/training_pipeline_v2/prepared/cell_anomaly/images/train/cell1121.png,train,0,0,0
/Users/heyanfeng/Desktop/STUDY/科研/基于 RGB-Thermal 双模态融合的光伏组件缺陷检测与热斑识别/平台系统_完整版/training_pipeline_v2/prepared/cell_anomaly/images/train/cell2440.png,train,0,0,0
/Users/heyanfeng/Desktop/STUDY/科研/基于 RGB-Thermal 双模态融合的光伏组件缺陷检测与热斑识别/平台系统_完整版/training_pipeline_v2/prepared/cell_anomaly/images/train/cell1204.png,train,0,0,0
/Users/heyanfeng/Desktop/STUDY/科研/基于 RGB-Thermal 双模态融合的光伏组件缺陷检测与热斑识别/平台系统_完整版/training_pipeline_v2/prepared/cell_anomaly/images/train/cell1575.png,train,0,0,0
/Users/heyanfeng/Desktop/STUDY/科研/基于 RGB-Thermal 双模态融合的光伏组件缺陷检测与热斑识别/平台系统_完整版/training_pipeline_v2/prepared/cell_anomaly/images/train/cell1222.png,train,0,0,0
/Users/heyanfeng/Desktop/STUDY/科研/基于 RGB-Thermal 双模态融合的光伏组件缺陷检测与热斑识别/平台系统_完整版/training_pipeline_v2/prepared/cell_anomaly/images/train/cell2199.png,train,0,0,0
/Users/heyanfeng/Desktop/STUDY/科研/基于 RGB-Thermal 双模态融合的光伏组件缺陷检测与热斑识别/平台系统_完整版/training_pipeline_v2/prepared/cell_anomaly/images/train/cell1197.png,train,0,0,0
/Users/heyanfeng/Desktop/STUDY/科研/基于 RGB-Thermal 双模态融合的光伏组件缺陷检测与热斑识别/平台系统_完整版/training_pipeline_v2/prepared/cell_anomaly/images/train/cell1028.png,train,0,0,0
/Users/heyanfeng/Desktop/STUDY/科研/基于 RGB-Thermal 双模态融合的光伏组件缺陷检测与热斑识别/平台系统_完整版/training_pipeline_v2/prepared/cell_anomaly/images/train/cell1191.png,train,0,0,0
/Users/heyanfeng/Desktop/STUDY/科研/基于 RGB-Thermal 双模态融合的光伏组件缺陷检测与热斑识别/平台系统_完整版/training_pipeline_v2/prepared/cell_anomaly/images/train/cell2205.png,train,0,0,0
/Users/heyanfeng/Desktop/STUDY/科研/基于 RGB-Thermal 双模态融合的光伏组件缺陷检测与热斑识别/平台系统_完整版/training_pipeline_v2/prepared/cell_anomaly/images/train/cell0901.png,train,0,0,0
/Users/heyanfeng/Desktop/STUDY/科研/基于 RGB-Thermal 双模态融合的光伏组件缺陷检测与热斑识别/平台系统_完整版/training_pipeline_v2/prepared/cell_anomaly/images/train/cell2211.png,train,0,0,0
/Users/heyanfeng/Desktop/STUDY/科研/基于 RGB-Thermal 双模态融合的光伏组件缺陷检测与热斑识别/平台系统_完整版/training_pipeline_v2/prepared/cell_anomaly/images/train/cell0980.png,train,0,0,0
/Users/heyanfeng/Desktop/STUDY/科研/基于 RGB-Thermal 双模态融合的光伏组件缺陷检测与热斑识别/平台系统_完整版/training_pipeline_v2/prepared/cell_anomaly/images/train/cell2401.png,train,0,0,0
/Users/heyanfeng/Desktop/STUDY/科研/基于 RGB-Thermal 双模态融合的光伏组件缺陷检测与热斑识别/平台系统_完整版/training_pipeline_v2/prepared/cell_anomaly/images/train/cell1252.png,train,0,0,0
/Users/heyanfeng/Desktop/STUDY/科研/基于 RGB-Thermal 双模态融合的光伏组件缺陷检测与热斑识别/平台系统_完整版/training_pipeline_v2/prepared/cell_anomaly/images/train/cell1607.png,train,0,0,0
/Users/heyanfeng/Desktop/STUDY/科研/基于 RGB-Thermal 双模态融合的光伏组件缺陷检测与热斑识别/平台系统_完整版/training_pipeline_v2/prepared/cell_anomaly/images/train/cell1057.png,train,0,0,0
/Users/heyanfeng/Desktop/STUDY/科研/基于 RGB-Thermal 双模态融合的光伏组件缺陷检测与热斑识别/平台系统_完整版/training_pipeline_v2/prepared/cell_anomaly/images/train/cell0947.png,train,0,0,0
/Users/heyanfeng/Desktop/STUDY/科研/基于 RGB-Thermal 双模态融合的光伏组件缺陷检测与热斑识别/平台系统_完整版/training_pipeline_v2/prepared/cell_anomaly/images/train/cell0041.png,train,0,0,0
/Users/heyanfeng/Desktop/STUDY/科研/基于 RGB-Thermal 双模态融合的光伏组件缺陷检测与热斑识别/平台系统_完整版/training_pipeline_v2/prepared/cell_anomaly/images/train/cell2174.png,train,0,0,0
/Users/heyanfeng/Desktop/STUDY/科研/基于 RGB-Thermal 双模态融合的光伏组件缺陷检测与热斑识别/平台系统_完整版/training_pipeline_v2/prepared/cell_anomaly/images/train/cell0500.png,train,0,0,0
/Users/heyanfeng/Desktop/STUDY/科研/基于 RGB-Thermal 双模态融合的光伏组件缺陷检测与热斑识别/平台系统_完整版/training_pipeline_v2/prepared/cell_anomaly/images/train/cell1224.png,train,0,0,0
/Users/heyanfeng/Desktop/STUDY/科研/基于 RGB-Thermal 双模态融合的光伏组件缺陷检测与热斑识别/平台系统_完整版/training_pipeline_v2/prepared/cell_anomaly/images/train/cell1019.png,train,0,0,0
/Users/heyanfeng/Desktop/STUDY/科研/基于 RGB-Thermal 双模态融合的光伏组件缺陷检测与热斑识别/平台系统_完整版/training_pipeline_v2/prepared/cell_anomaly/images/train/cell1493.png,train,0,0,0
/Users/heyanfeng/Desktop/STUDY/科研/基于 RGB-Thermal 双模态融合的光伏组件缺陷检测与热斑识别/平台系统_完整版/training_pipeline_v2/prepared/cell_anomaly/images/train/cell2405.png,train,0,0,0
/Users/heyanfeng/Desktop/STUDY/科研/基于 RGB-Thermal 双模态融合的光伏组件缺陷检测与热斑识别/平台系统_完整版/training_pipeline_v2/prepared/cell_anomaly/images/train/cell1155.png,train,0,0,0
/Users/heyanfeng/Desktop/STUDY/科研/基于 RGB-Thermal 双模态融合的光伏组件缺陷检测与热斑识别/平台系统_完整版/training_pipeline_v2/prepared/cell_anomaly/images/train/cell1460.png,train,0,0,0
/Users/heyanfeng/Desktop/STUDY/科研/基于 RGB-Thermal 双模态融合的光伏组件缺陷检测与热斑识别/平台系统_完整版/training_pipeline_v2/prepared/cell_anomaly/images/train/cell1229.png,train,0,0,0
/Users/heyanfeng/Desktop/STUDY/科研/基于 RGB-Thermal 双模态融合的光伏组件缺陷检测与热斑识别/平台系统_完整版/training_pipeline_v2/prepared/cell_anomaly/images/train/cell0483.png,train,0,0,0
/Users/heyanfeng/Desktop/STUDY/科研/基于 RGB-Thermal 双模态融合的光伏组件缺陷检测与热斑识别/平台系统_完整版/training_pipeline_v2/prepared/cell_anomaly/images/train/cell1183.png,train,0,0,0
/Users/heyanfeng/Desktop/STUDY/科研/基于 RGB-Thermal 双模态融合的光伏组件缺陷检测与热斑识别/平台系统_完整版/training_pipeline_v2/prepared/cell_anomaly/images/train/cell1384.png,train,0,0,0
/Users/heyanfeng/Desktop/STUDY/科研/基于 RGB-Thermal 双模态融合的光伏组件缺陷检测与热斑识别/平台系统_完整版/training_pipeline_v2/prepared/cell_anomaly/images/train/cell1135.png,train,0,0,0
/Users/heyanfeng/Desktop/STUDY/科研/基于 RGB-Thermal 双模态融合的光伏组件缺陷检测与热斑识别/平台系统_完整版/training_pipeline_v2/prepared/cell_anomaly/images/train/cell1420.png,train,0,0,0
/Users/heyanfeng/Desktop/STUDY/科研/基于 RGB-Thermal 双模态融合的光伏组件缺陷检测与热斑识别/平台系统_完整版/training_pipeline_v2/prepared/cell_anomaly/images/train/cell1122.png,train,0,0,0
/Users/heyanfeng/Desktop/STUDY/科研/基于 RGB-Thermal 双模态融合的光伏组件缺陷检测与热斑识别/平台系统_完整版/training_pipeline_v2/prepared/cell_anomaly/images/train/cell1068.png,train,0,0,0
/Users/heyanfeng/Desktop/STUDY/科研/基于 RGB-Thermal 双模态融合的光伏组件缺陷检测与热斑识别/平台系统_完整版/training_pipeline_v2/prepared/cell_anomaly/images/train/cell0504.png,train,0,0,0
/Users/heyanfeng/Desktop/STUDY/科研/基于 RGB-Thermal 双模态融合的光伏组件缺陷检测与热斑识别/平台系统_完整版/training_pipeline_v2/prepared/cell_anomaly/images/train/cell1530.png,train,0,0,0
/Users/heyanfeng/Desktop/STUDY/科研/基于 RGB-Thermal 双模态融合的光伏组件缺陷检测与热斑识别/平台系统_完整版/training_pipeline_v2/prepared/cell_anomaly/images/train/cell1280.png,train,0,0,0
/Users/heyanfeng/Desktop/STUDY/科研/基于 RGB-Thermal 双模态融合的光伏组件缺陷检测与热斑识别/平台系统_完整版/training_pipeline_v2/prepared/cell_anomaly/images/train/cell2147.png,train,0,0,0
/Users/heyanfeng/Desktop/STUDY/科研/基于 RGB-Thermal 双模态融合的光伏组件缺陷检测与热斑识别/平台系统_完整版/training_pipeline_v2/prepared/cell_anomaly/images/train/cell1339.png,train,0,0,0
/Users/heyanfeng/Desktop/STUDY/科研/基于 RGB-Thermal 双模态融合的光伏组件缺陷检测与热斑识别/平台系统_完整版/training_pipeline_v2/prepared/cell_anomaly/images/train/cell0952.png,train,0,0,0
/Users/heyanfeng/Desktop/STUDY/科研/基于 RGB-Thermal 双模态融合的光伏组件缺陷检测与热斑识别/平台系统_完整版/training_pipeline_v2/prepared/cell_anomaly/images/train/cell1338.png,train,0,0,0
/Users/heyanfeng/Desktop/STUDY/科研/基于 RGB-Thermal 双模态融合的光伏组件缺陷检测与热斑识别/平台系统_完整版/training_pipeline_v2/prepared/cell_anomaly/images/train/cell0973.png,train,0,0,0
/Users/heyanfeng/Desktop/STUDY/科研/基于 RGB-Thermal 双模态融合的光伏组件缺陷检测与热斑识别/平台系统_完整版/training_pipeline_v2/prepared/cell_anomaly/images/train/cell1561.png,train,0,0,0
/Users/heyanfeng/Desktop/STUDY/科研/基于 RGB-Thermal 双模态融合的光伏组件缺陷检测与热斑识别/平台系统_完整版/training_pipeline_v2/prepared/cell_anomaly/images/train/cell1266.png,train,0,0,0
/Users/heyanfeng/Desktop/STUDY/科研/基于 RGB-Thermal 双模态融合的光伏组件缺陷检测与热斑识别/平台系统_完整版/training_pipeline_v2/prepared/cell_anomaly/images/train/cell1278.png,train,0,0,0
/Users/heyanfeng/Desktop/STUDY/科研/基于 RGB-Thermal 双模态融合的光伏组件缺陷检测与热斑识别/平台系统_完整版/training_pipeline_v2/prepared/cell_anomaly/images/train/cell1442.png,train,0,0,0
/Users/heyanfeng/Desktop/STUDY/科研/基于 RGB-Thermal 双模态融合的光伏组件缺陷检测与热斑识别/平台系统_完整版/training_pipeline_v2/prepared/cell_anomaly/images/train/cell1067.png,train,0,0,0
/Users/heyanfeng/Desktop/STUDY/科研/基于 RGB-Thermal 双模态融合的光伏组件缺陷检测与热斑识别/平台系统_完整版/training_pipeline_v2/prepared/cell_anomaly/images/train/cell1457.png,train,0,0,0
/Users/heyanfeng/Desktop/STUDY/科研/基于 RGB-Thermal 双模态融合的光伏组件缺陷检测与热斑识别/平台系统_完整版/training_pipeline_v2/prepared/cell_anomaly/images/train/cell1328.png,train,0,0,0
/Users/heyanfeng/Desktop/STUDY/科研/基于 RGB-Thermal 双模态融合的光伏组件缺陷检测与热斑识别/平台系统_完整版/training_pipeline_v2/prepared/cell_anomaly/images/train/cell1407.png,train,0,0,0
/Users/heyanfeng/Desktop/STUDY/科研/基于 RGB-Thermal 双模态融合的光伏组件缺陷检测与热斑识别/平台系统_完整版/training_pipeline_v2/prepared/cell_anomaly/images/train/cell1572.png,train,0,0,0
/Users/heyanfeng/Desktop/STUDY/科研/基于 RGB-Thermal 双模态融合的光伏组件缺陷检测与热斑识别/平台系统_完整版/training_pipeline_v2/prepared/cell_anomaly/images/train/cell1014.png,train,0,0,0
/Users/heyanfeng/Desktop/STUDY/科研/基于 RGB-Thermal 双模态融合的光伏组件缺陷检测与热斑识别/平台系统_完整版/training_pipeline_v2/prepared/cell_anomaly/images/train/cell0959.png,train,0,0,0
/Users/heyanfeng/Desktop/STUDY/科研/基于 RGB-Thermal 双模态融合的光伏组件缺陷检测与热斑识别/平台系统_完整版/training_pipeline_v2/prepared/cell_anomaly/images/train/cell1153.png,train,0,0,0
/Users/heyanfeng/Desktop/STUDY/科研/基于 RGB-Thermal 双模态融合的光伏组件缺陷检测与热斑识别/平台系统_完整版/training_pipeline_v2/prepared/cell_anomaly/images/train/cell1429.png,train,0,0,0
/Users/heyanfeng/Desktop/STUDY/科研/基于 RGB-Thermal 双模态融合的光伏组件缺陷检测与热斑识别/平台系统_完整版/training_pipeline_v2/prepared/cell_anomaly/images/train/cell1587.png,train,0,0,0
/Users/heyanfeng/Desktop/STUDY/科研/基于 RGB-Thermal 双模态融合的光伏组件缺陷检测与热斑识别/平台系统_完整版/training_pipeline_v2/prepared/cell_anomaly/images/train/cell1376.png,train,0,0,0
/Users/heyanfeng/Desktop/STUDY/科研/基于 RGB-Thermal 双模态融合的光伏组件缺陷检测与热斑识别/平台系统_完整版/training_pipeline_v2/prepared/cell_anomaly/images/train/cell0508.png,train,0,0,0
/Users/heyanfeng/Desktop/STUDY/科研/基于 RGB-Thermal 双模态融合的光伏组件缺陷检测与热斑识别/平台系统_完整版/training_pipeline_v2/prepared/cell_anomaly/images/train/cell2181.png,train,0,0,0
/Users/heyanfeng/Desktop/STUDY/科研/基于 RGB-Thermal 双模态融合的光伏组件缺陷检测与热斑识别/平台系统_完整版/training_pipeline_v2/prepared/cell_anomaly/images/train/cell1292.png,train,0,0,0
/Users/heyanfeng/Desktop/STUDY/科研/基于 RGB-Thermal 双模态融合的光伏组件缺陷检测与热斑识别/平台系统_完整版/training_pipeline_v2/prepared/cell_anomaly/images/train/cell1009.png,train,0,0,0
/Users/heyanfeng/Desktop/STUDY/科研/基于 RGB-Thermal 双模态融合的光伏组件缺陷检测与热斑识别/平台系统_完整版/training_pipeline_v2/prepared/cell_anomaly/images/train/cell0938.png,train,0,0,0
/Users/heyanfeng/Desktop/STUDY/科研/基于 RGB-Thermal 双模态融合的光伏组件缺陷检测与热斑识别/平台系统_完整版/training_pipeline_v2/prepared/cell_anomaly/images/train/cell1548.png,train,0,0,0
/Users/heyanfeng/Desktop/STUDY/科研/基于 RGB-Thermal 双模态融合的光伏组件缺陷检测与热斑识别/平台系统_完整版/training_pipeline_v2/prepared/cell_anomaly/images/train/cell1242.png,train,0,0,0
/Users/heyanfeng/Desktop/STUDY/科研/基于 RGB-Thermal 双模态融合的光伏组件缺陷检测与热斑识别/平台系统_完整版/training_pipeline_v2/prepared/cell_anomaly/images/train/cell1163.png,train,0,0,0
/Users/heyanfeng/Desktop/STUDY/科研/基于 RGB-Thermal 双模态融合的光伏组件缺陷检测与热斑识别/平台系统_完整版/training_pipeline_v2/prepared/cell_anomaly/images/train/cell1053.png,train,0,0,0
/Users/heyanfeng/Desktop/STUDY/科研/基于 RGB-Thermal 双模态融合的光伏组件缺陷检测与热斑识别/平台系统_完整版/training_pipeline_v2/prepared/cell_anomaly/images/train/cell1180.png,train,0,0,0
/Users/heyanfeng/Desktop/STUDY/科研/基于 RGB-Thermal 双模态融合的光伏组件缺陷检测与热斑识别/平台系统_完整版/training_pipeline_v2/prepared/cell_anomaly/images/train/cell0988.png,train,0,0,0
/Users/heyanfeng/Desktop/STUDY/科研/基于 RGB-Thermal 双模态融合的光伏组件缺陷检测与热斑识别/平台系统_完整版/training_pipeline_v2/prepared/cell_anomaly/images/train/cell1382.png,train,0,0,0
/Users/heyanfeng/Desktop/STUDY/科研/基于 RGB-Thermal 双模态融合的光伏组件缺陷检测与热斑识别/平台系统_完整版/training_pipeline_v2/prepared/cell_anomaly/images/train/cell1287.png,train,0,0,0
/Users/heyanfeng/Desktop/STUDY/科研/基于 RGB-Thermal 双模态融合的光伏组件缺陷检测与热斑识别/平台系统_完整版/training_pipeline_v2/prepared/cell_anomaly/images/train/cell2424.png,train,0,0,0
/Users/heyanfeng/Desktop/STUDY/科研/基于 RGB-Thermal 双模态融合的光伏组件缺陷检测与热斑识别/平台系统_完整版/training_pipeline_v2/prepared/cell_anomaly/images/train/cell1329.png,train,0,0,0
/Users/heyanfeng/Desktop/STUDY/科研/基于 RGB-Thermal 双模态融合的光伏组件缺陷检测与热斑识别/平台系统_完整版/training_pipeline_v2/prepared/cell_anomaly/images/train/cell1202.png,train,0,0,0
/Users/heyanfeng/Desktop/STUDY/科研/基于 RGB-Thermal 双模态融合的光伏组件缺陷检测与热斑识别/平台系统_完整版/training_pipeline_v2/prepared/cell_anomaly/images/train/cell1262.png,train,0,0,0
/Users/heyanfeng/Desktop/STUDY/科研/基于 RGB-Thermal 双模态融合的光伏组件缺陷检测与热斑识别/平台系统_完整版/training_pipeline_v2/prepared/cell_anomaly/images/train/cell1124.png,train,0,0,0
/Users/heyanfeng/Desktop/STUDY/科研/基于 RGB-Thermal 双模态融合的光伏组件缺陷检测与热斑识别/平台系统_完整版/training_pipeline_v2/prepared/cell_anomaly/images/train/cell1216.png,train,0,0,0
/Users/heyanfeng/Desktop/STUDY/科研/基于 RGB-Thermal 双模态融合的光伏组件缺陷检测与热斑识别/平台系统_完整版/training_pipeline_v2/prepared/cell_anomaly/images/train/cell1170.png,train,0,0,0
/Users/heyanfeng/Desktop/STUDY/科研/基于 RGB-Thermal 双模态融合的光伏组件缺陷检测与热斑识别/平台系统_完整版/training_pipeline_v2/prepared/cell_anomaly/images/train/cell1388.png,train,0,0,0
/Users/heyanfeng/Desktop/STUDY/科研/基于 RGB-Thermal 双模态融合的光伏组件缺陷检测与热斑识别/平台系统_完整版/training_pipeline_v2/prepared/cell_anomaly/images/train/cell0509.png,train,0,0,0
/Users/heyanfeng/Desktop/STUDY/科研/基于 RGB-Thermal 双模态融合的光伏组件缺陷检测与热斑识别/平台系统_完整版/training_pipeline_v2/prepared/cell_anomaly/images/train/cell1193.png,train,0,0,0
/Users/heyanfeng/Desktop/STUDY/科研/基于 RGB-Thermal 双模态融合的光伏组件缺陷检测与热斑识别/平台系统_完整版/training_pipeline_v2/prepared/cell_anomaly/images/train/cell1305.png,train,0,0,0
/Users/heyanfeng/Desktop/STUDY/科研/基于 RGB-Thermal 双模态融合的光伏组件缺陷检测与热斑识别/平台系统_完整版/training_pipeline_v2/prepared/cell_anomaly/images/train/cell1133.png,train,0,0,0
/Users/heyanfeng/Desktop/STUDY/科研/基于 RGB-Thermal 双模态融合的光伏组件缺陷检测与热斑识别/平台系统_完整版/training_pipeline_v2/prepared/cell_anomaly/images/train/cell1302.png,train,0,0,0
/Users/heyanfeng/Desktop/STUDY/科研/基于 RGB-Thermal 双模态融合的光伏组件缺陷检测与热斑识别/平台系统_完整版/training_pipeline_v2/prepared/cell_anomaly/images/train/cell1219.png,train,0,0,0
/Users/heyanfeng/Desktop/STUDY/科研/基于 RGB-Thermal 双模态融合的光伏组件缺陷检测与热斑识别/平台系统_完整版/training_pipeline_v2/prepared/cell_anomaly/images/train/cell0935.png,train,0,0,0
/Users/heyanfeng/Desktop/STUDY/科研/基于 RGB-Thermal 双模态融合的光伏组件缺陷检测与热斑识别/平台系统_完整版/training_pipeline_v2/prepared/cell_anomaly/images/train/cell1386.png,train,0,0,0
/Users/heyanfeng/Desktop/STUDY/科研/基于 RGB-Thermal 双模态融合的光伏组件缺陷检测与热斑识别/平台系统_完整版/training_pipeline_v2/prepared/cell_anomaly/images/train/cell1372.png,train,0,0,0
/Users/heyanfeng/Desktop/STUDY/科研/基于 RGB-Thermal 双模态融合的光伏组件缺陷检测与热斑识别/平台系统_完整版/training_pipeline_v2/prepared/cell_anomaly/images/train/cell0449.png,train,0,0,0
/Users/heyanfeng/Desktop/STUDY/科研/基于 RGB-Thermal 双模态融合的光伏组件缺陷检测与热斑识别/平台系统_完整版/training_pipeline_v2/prepared/cell_anomaly/images/train/cell0921.png,train,0,0,0
/Users/heyanfeng/Desktop/STUDY/科研/基于 RGB-Thermal 双模态融合的光伏组件缺陷检测与热斑识别/平台系统_完整版/training_pipeline_v2/prepared/cell_anomaly/images/train/cell0024.png,train,0,0,0
/Users/heyanfeng/Desktop/STUDY/科研/基于 RGB-Thermal 双模态融合的光伏组件缺陷检测与热斑识别/平台系统_完整版/training_pipeline_v2/prepared/cell_anomaly/images/train/cell1473.png,train,0,0,0
/Users/heyanfeng/Desktop/STUDY/科研/基于 RGB-Thermal 双模态融合的光伏组件缺陷检测与热斑识别/平台系统_完整版/training_pipeline_v2/prepared/cell_anomaly/images/train/cell1571.png,train,0,0,0
/Users/heyanfeng/Desktop/STUDY/科研/基于 RGB-Thermal 双模态融合的光伏组件缺陷检测与热斑识别/平台系统_完整版/training_pipeline_v2/prepared/cell_anomaly/images/train/cell1111.png,train,0,0,0
/Users/heyanfeng/Desktop/STUDY/科研/基于 RGB-Thermal 双模态融合的光伏组件缺陷检测与热斑识别/平台系统_完整版/training_pipeline_v2/prepared/cell_anomaly/images/train/cell1261.png,train,0,0,0
/Users/heyanfeng/Desktop/STUDY/科研/基于 RGB-Thermal 双模态融合的光伏组件缺陷检测与热斑识别/平台系统_完整版/training_pipeline_v2/prepared/cell_anomaly/images/train/cell1211.png,train,0,0,0
/Users/heyanfeng/Desktop/STUDY/科研/基于 RGB-Thermal 双模态融合的光伏组件缺陷检测与热斑识别/平台系统_完整版/training_pipeline_v2/prepared/cell_anomaly/images/train/cell1479.png,train,0,0,0
/Users/heyanfeng/Desktop/STUDY/科研/基于 RGB-Thermal 双模态融合的光伏组件缺陷检测与热斑识别/平台系统_完整版/training_pipeline_v2/prepared/cell_anomaly/images/train/cell1024.png,train,0,0,0
/Users/heyanfeng/Desktop/STUDY/科研/基于 RGB-Thermal 双模态融合的光伏组件缺陷检测与热斑识别/平台系统_完整版/training_pipeline_v2/prepared/cell_anomaly/images/train/cell1485.png,train,0,0,0
/Users/heyanfeng/Desktop/STUDY/科研/基于 RGB-Thermal 双模态融合的光伏组件缺陷检测与热斑识别/平台系统_完整版/training_pipeline_v2/prepared/cell_anomaly/images/train/cell1489.png,train,0,0,0
/Users/heyanfeng/Desktop/STUDY/科研/基于 RGB-Thermal 双模态融合的光伏组件缺陷检测与热斑识别/平台系统_完整版/training_pipeline_v2/prepared/cell_anomaly/images/train/cell1029.png,train,0,0,0
/Users/heyanfeng/Desktop/STUDY/科研/基于 RGB-Thermal 双模态融合的光伏组件缺陷检测与热斑识别/平台系统_完整版/training_pipeline_v2/prepared/cell_anomaly/images/train/cell1034.png,train,0,0,0
/Users/heyanfeng/Desktop/STUDY/科研/基于 RGB-Thermal 双模态融合的光伏组件缺陷检测与热斑识别/平台系统_完整版/training_pipeline_v2/prepared/cell_anomaly/images/train/cell1313.png,train,0,0,0
/Users/heyanfeng/Desktop/STUDY/科研/基于 RGB-Thermal 双模态融合的光伏组件缺陷检测与热斑识别/平台系统_完整版/training_pipeline_v2/prepared/cell_anomaly/images/train/cell1534.png,train,0,0,0
/Users/heyanfeng/Desktop/STUDY/科研/基于 RGB-Thermal 双模态融合的光伏组件缺陷检测与热斑识别/平台系统_完整版/training_pipeline_v2/prepared/cell_anomaly/images/train/cell1482.png,train,0,0,0
/Users/heyanfeng/Desktop/STUDY/科研/基于 RGB-Thermal 双模态融合的光伏组件缺陷检测与热斑识别/平台系统_完整版/training_pipeline_v2/prepared/cell_anomaly/images/train/cell1173.png,train,0,0,0
/Users/heyanfeng/Desktop/STUDY/科研/基于 RGB-Thermal 双模态融合的光伏组件缺陷检测与热斑识别/平台系统_完整版/training_pipeline_v2/prepared/cell_anomaly/images/train/cell1005.png,train,0,0,0
/Users/heyanfeng/Desktop/STUDY/科研/基于 RGB-Thermal 双模态融合的光伏组件缺陷检测与热斑识别/平台系统_完整版/training_pipeline_v2/prepared/cell_anomaly/images/train/cell1144.png,train,0,0,0
/Users/heyanfeng/Desktop/STUDY/科研/基于 RGB-Thermal 双模态融合的光伏组件缺陷检测与热斑识别/平台系统_完整版/training_pipeline_v2/prepared/cell_anomaly/images/train/cell0932.png,train,0,0,0
/Users/heyanfeng/Desktop/STUDY/科研/基于 RGB-Thermal 双模态融合的光伏组件缺陷检测与热斑识别/平台系统_完整版/training_pipeline_v2/prepared/cell_anomaly/images/train/cell1069.png,train,0,0,0
/Users/heyanfeng/Desktop/STUDY/科研/基于 RGB-Thermal 双模态融合的光伏组件缺陷检测与热斑识别/平台系统_完整版/training_pipeline_v2/prepared/cell_anomaly/images/train/cell1016.png,train,0,0,0
/Users/heyanfeng/Desktop/STUDY/科研/基于 RGB-Thermal 双模态融合的光伏组件缺陷检测与热斑识别/平台系统_完整版/training_pipeline_v2/prepared/cell_anomaly/images/train/cell1361.png,train,0,0,0
/Users/heyanfeng/Desktop/STUDY/科研/基于 RGB-Thermal 双模态融合的光伏组件缺陷检测与热斑识别/平台系统_完整版/training_pipeline_v2/prepared/cell_anomaly/images/train/cell1025.png,train,0,0,0
/Users/heyanfeng/Desktop/STUDY/科研/基于 RGB-Thermal 双模态融合的光伏组件缺陷检测与热斑识别/平台系统_完整版/training_pipeline_v2/prepared/cell_anomaly/images/train/cell1380.png,train,0,0,0
/Users/heyanfeng/Desktop/STUDY/科研/基于 RGB-Thermal 双模态融合的光伏组件缺陷检测与热斑识别/平台系统_完整版/training_pipeline_v2/prepared/cell_anomaly/images/train/cell1031.png,train,0,0,0
/Users/heyanfeng/Desktop/STUDY/科研/基于 RGB-Thermal 双模态融合的光伏组件缺陷检测与热斑识别/平台系统_完整版/training_pipeline_v2/prepared/cell_anomaly/images/train/cell1506.png,train,0,0,0
/Users/heyanfeng/Desktop/STUDY/科研/基于 RGB-Thermal 双模态融合的光伏组件缺陷检测与热斑识别/平台系统_完整版/training_pipeline_v2/prepared/cell_anomaly/images/train/cell1126.png,train,0,0,0
/Users/heyanfeng/Desktop/STUDY/科研/基于 RGB-Thermal 双模态融合的光伏组件缺陷检测与热斑识别/平台系统_完整版/training_pipeline_v2/prepared/cell_anomaly/images/train/cell0907.png,train,0,0,0
/Users/heyanfeng/Desktop/STUDY/科研/基于 RGB-Thermal 双模态融合的光伏组件缺陷检测与热斑识别/平台系统_完整版/training_pipeline_v2/prepared/cell_anomaly/images/train/cell1178.png,train,0,0,0
/Users/heyanfeng/Desktop/STUDY/科研/基于 RGB-Thermal 双模态融合的光伏组件缺陷检测与热斑识别/平台系统_完整版/training_pipeline_v2/prepared/cell_anomaly/images/train/cell0911.png,train,0,0,0
/Users/heyanfeng/Desktop/STUDY/科研/基于 RGB-Thermal 双模态融合的光伏组件缺陷检测与热斑识别/平台系统_完整版/training_pipeline_v2/prepared/cell_anomaly/images/train/cell2159.png,train,0,0,0
/Users/heyanfeng/Desktop/STUDY/科研/基于 RGB-Thermal 双模态融合的光伏组件缺陷检测与热斑识别/平台系统_完整版/training_pipeline_v2/prepared/cell_anomaly/images/train/cell1013.png,train,0,0,0
/Users/heyanfeng/Desktop/STUDY/科研/基于 RGB-Thermal 双模态融合的光伏组件缺陷检测与热斑识别/平台系统_完整版/training_pipeline_v2/prepared/cell_anomaly/images/train/cell1529.png,train,0,0,0
/Users/heyanfeng/Desktop/STUDY/科研/基于 RGB-Thermal 双模态融合的光伏组件缺陷检测与热斑识别/平台系统_完整版/training_pipeline_v2/prepared/cell_anomaly/images/train/cell1167.png,train,0,0,0
/Users/heyanfeng/Desktop/STUDY/科研/基于 RGB-Thermal 双模态融合的光伏组件缺陷检测与热斑识别/平台系统_完整版/training_pipeline_v2/prepared/cell_anomaly/images/train/cell1127.png,train,0,0,0
/Users/heyanfeng/Desktop/STUDY/科研/基于 RGB-Thermal 双模态融合的光伏组件缺陷检测与热斑识别/平台系统_完整版/training_pipeline_v2/prepared/cell_anomaly/images/train/cell1054.png,train,0,0,0
/Users/heyanfeng/Desktop/STUDY/科研/基于 RGB-Thermal 双模态融合的光伏组件缺陷检测与热斑识别/平台系统_完整版/training_pipeline_v2/prepared/cell_anomaly/images/train/cell1032.png,train,0,0,0
/Users/heyanfeng/Desktop/STUDY/科研/基于 RGB-Thermal 双模态融合的光伏组件缺陷检测与热斑识别/平台系统_完整版/training_pipeline_v2/prepared/cell_anomaly/images/train/cell1483.png,train,0,0,0
/Users/heyanfeng/Desktop/STUDY/科研/基于 RGB-Thermal 双模态融合的光伏组件缺陷检测与热斑识别/平台系统_完整版/training_pipeline_v2/prepared/cell_anomaly/images/train/cell1119.png,train,0,0,0
/Users/heyanfeng/Desktop/STUDY/科研/基于 RGB-Thermal 双模态融合的光伏组件缺陷检测与热斑识别/平台系统_完整版/training_pipeline_v2/prepared/cell_anomaly/images/train/cell1214.png,train,0,0,0
/Users/heyanfeng/Desktop/STUDY/科研/基于 RGB-Thermal 双模态融合的光伏组件缺陷检测与热斑识别/平台系统_完整版/training_pipeline_v2/prepared/cell_anomaly/images/train/cell1063.png,train,0,0,0
/Users/heyanfeng/Desktop/STUDY/科研/基于 RGB-Thermal 双模态融合的光伏组件缺陷检测与热斑识别/平台系统_完整版/training_pipeline_v2/prepared/cell_anomaly/images/train/cell1151.png,train,0,0,0
/Users/heyanfeng/Desktop/STUDY/科研/基于 RGB-Thermal 双模态融合的光伏组件缺陷检测与热斑识别/平台系统_完整版/training_pipeline_v2/prepared/cell_anomaly/images/train/cell1002.png,train,0,0,0
/Users/heyanfeng/Desktop/STUDY/科研/基于 RGB-Thermal 双模态融合的光伏组件缺陷检测与热斑识别/平台系统_完整版/training_pipeline_v2/prepared/cell_anomaly/images/train/cell1030.png,train,0,0,0
/Users/heyanfeng/Desktop/STUDY/科研/基于 RGB-Thermal 双模态融合的光伏组件缺陷检测与热斑识别/平台系统_完整版/training_pipeline_v2/prepared/cell_anomaly/images/train/cell1581.png,train,0,0,0
/Users/heyanfeng/Desktop/STUDY/科研/基于 RGB-Thermal 双模态融合的光伏组件缺陷检测与热斑识别/平台系统_完整版/training_pipeline_v2/prepared/cell_anomaly/images/train/cell1070.png,train,0,0,0
/Users/heyanfeng/Desktop/STUDY/科研/基于 RGB-Thermal 双模态融合的光伏组件缺陷检测与热斑识别/平台系统_完整版/training_pipeline_v2/prepared/cell_anomaly/images/train/cell1209.png,train,0,0,0
/Users/heyanfeng/Desktop/STUDY/科研/基于 RGB-Thermal 双模态融合的光伏组件缺陷检测与热斑识别/平台系统_完整版/training_pipeline_v2/prepared/cell_anomaly/images/train/cell0966.png,train,0,0,0
/Users/heyanfeng/Desktop/STUDY/科研/基于 RGB-Thermal 双模态融合的光伏组件缺陷检测与热斑识别/平台系统_完整版/training_pipeline_v2/prepared/cell_anomaly/images/train/cell1102.png,train,0,0,0
/Users/heyanfeng/Desktop/STUDY/科研/基于 RGB-Thermal 双模态融合的光伏组件缺陷检测与热斑识别/平台系统_完整版/training_pipeline_v2/prepared/cell_anomaly/images/train/cell1536.png,train,0,0,0
/Users/heyanfeng/Desktop/STUDY/科研/基于 RGB-Thermal 双模态融合的光伏组件缺陷检测与热斑识别/平台系统_完整版/training_pipeline_v2/prepared/cell_anomaly/images/train/cell1145.png,train,0,0,0
/Users/heyanfeng/Desktop/STUDY/科研/基于 RGB-Thermal 双模态融合的光伏组件缺陷检测与热斑识别/平台系统_完整版/training_pipeline_v2/prepared/cell_anomaly/images/train/cell1259.png,train,0,0,0
/Users/heyanfeng/Desktop/STUDY/科研/基于 RGB-Thermal 双模态融合的光伏组件缺陷检测与热斑识别/平台系统_完整版/training_pipeline_v2/prepared/cell_anomaly/images/train/cell1021.png,train,0,0,0
/Users/heyanfeng/Desktop/STUDY/科研/基于 RGB-Thermal 双模态融合的光伏组件缺陷检测与热斑识别/平台系统_完整版/training_pipeline_v2/prepared/cell_anomaly/images/train/cell2397.png,train,0,0,0
/Users/heyanfeng/Desktop/STUDY/科研/基于 RGB-Thermal 双模态融合的光伏组件缺陷检测与热斑识别/平台系统_完整版/training_pipeline_v2/prepared/cell_anomaly/images/train/cell1451.png,train,0,0,0
/Users/heyanfeng/Desktop/STUDY/科研/基于 RGB-Thermal 双模态融合的光伏组件缺陷检测与热斑识别/平台系统_完整版/training_pipeline_v2/prepared/cell_anomaly/images/train/cell1418.png,train,0,0,0
/Users/heyanfeng/Desktop/STUDY/科研/基于 RGB-Thermal 双模态融合的光伏组件缺陷检测与热斑识别/平台系统_完整版/training_pipeline_v2/prepared/cell_anomaly/images/train/cell1520.png,train,0,0,0
/Users/heyanfeng/Desktop/STUDY/科研/基于 RGB-Thermal 双模态融合的光伏组件缺陷检测与热斑识别/平台系统_完整版/training_pipeline_v2/prepared/cell_anomaly/images/train/cell1023.png,train,0,0,0
/Users/heyanfeng/Desktop/STUDY/科研/基于 RGB-Thermal 双模态融合的光伏组件缺陷检测与热斑识别/平台系统_完整版/training_pipeline_v2/prepared/cell_anomaly/images/train/cell1276.png,train,0,0,0
/Users/heyanfeng/Desktop/STUDY/科研/基于 RGB-Thermal 双模态融合的光伏组件缺陷检测与热斑识别/平台系统_完整版/training_pipeline_v2/prepared/cell_anomaly/images/train/cell1301.png,train,0,0,0
/Users/heyanfeng/Desktop/STUDY/科研/基于 RGB-Thermal 双模态融合的光伏组件缺陷检测与热斑识别/平台系统_完整版/training_pipeline_v2/prepared/cell_anomaly/images/train/cell1414.png,train,0,0,0
/Users/heyanfeng/Desktop/STUDY/科研/基于 RGB-Thermal 双模态融合的光伏组件缺陷检测与热斑识别/平台系统_完整版/training_pipeline_v2/prepared/cell_anomaly/images/train/cell1174.png,train,0,0,0
/Users/heyanfeng/Desktop/STUDY/科研/基于 RGB-Thermal 双模态融合的光伏组件缺陷检测与热斑识别/平台系统_完整版/training_pipeline_v2/prepared/cell_anomaly/images/train/cell1159.png,train,0,0,0
/Users/heyanfeng/Desktop/STUDY/科研/基于 RGB-Thermal 双模态融合的光伏组件缺陷检测与热斑识别/平台系统_完整版/training_pipeline_v2/prepared/cell_anomaly/images/train/cell1195.png,train,0,0,0
/Users/heyanfeng/Desktop/STUDY/科研/基于 RGB-Thermal 双模态融合的光伏组件缺陷检测与热斑识别/平台系统_完整版/training_pipeline_v2/prepared/cell_anomaly/images/train/cell1559.png,train,0,0,0
/Users/heyanfeng/Desktop/STUDY/科研/基于 RGB-Thermal 双模态融合的光伏组件缺陷检测与热斑识别/平台系统_完整版/training_pipeline_v2/prepared/cell_anomaly/images/train/cell1406.png,train,0,0,0
/Users/heyanfeng/Desktop/STUDY/科研/基于 RGB-Thermal 双模态融合的光伏组件缺陷检测与热斑识别/平台系统_完整版/training_pipeline_v2/prepared/cell_anomaly/images/train/cell1047.png,train,0,0,0
/Users/heyanfeng/Desktop/STUDY/科研/基于 RGB-Thermal 双模态融合的光伏组件缺陷检测与热斑识别/平台系统_完整版/training_pipeline_v2/prepared/cell_anomaly/images/train/cell1118.png,train,0,0,0
/Users/heyanfeng/Desktop/STUDY/科研/基于 RGB-Thermal 双模态融合的光伏组件缺陷检测与热斑识别/平台系统_完整版/training_pipeline_v2/prepared/cell_anomaly/images/train/cell0526.png,train,0,0,0
/Users/heyanfeng/Desktop/STUDY/科研/基于 RGB-Thermal 双模态融合的光伏组件缺陷检测与热斑识别/平台系统_完整版/training_pipeline_v2/prepared/cell_anomaly/images/train/cell0944.png,train,0,0,0
/Users/heyanfeng/Desktop/STUDY/科研/基于 RGB-Thermal 双模态融合的光伏组件缺陷检测与热斑识别/平台系统_完整版/training_pipeline_v2/prepared/cell_anomaly/images/train/cell1085.png,train,0,0,0
/Users/heyanfeng/Desktop/STUDY/科研/基于 RGB-Thermal 双模态融合的光伏组件缺陷检测与热斑识别/平台系统_完整版/training_pipeline_v2/prepared/cell_anomaly/images/train/cell1307.png,train,0,0,0
/Users/heyanfeng/Desktop/STUDY/科研/基于 RGB-Thermal 双模态融合的光伏组件缺陷检测与热斑识别/平台系统_完整版/training_pipeline_v2/prepared/cell_anomaly/images/train/cell1314.png,train,0,0,0
/Users/heyanfeng/Desktop/STUDY/科研/基于 RGB-Thermal 双模态融合的光伏组件缺陷检测与热斑识别/平台系统_完整版/training_pipeline_v2/prepared/cell_anomaly/images/train/cell1584.png,train,0,0,0
/Users/heyanfeng/Desktop/STUDY/科研/基于 RGB-Thermal 双模态融合的光伏组件缺陷检测与热斑识别/平台系统_完整版/training_pipeline_v2/prepared/cell_anomaly/images/train/cell1106.png,train,0,0,0
/Users/heyanfeng/Desktop/STUDY/科研/基于 RGB-Thermal 双模态融合的光伏组件缺陷检测与热斑识别/平台系统_完整版/training_pipeline_v2/prepared/cell_anomaly/images/train/cell0048.png,train,0,0,0
/Users/heyanfeng/Desktop/STUDY/科研/基于 RGB-Thermal 双模态融合的光伏组件缺陷检测与热斑识别/平台系统_完整版/training_pipeline_v2/prepared/cell_anomaly/images/train/cell1158.png,train,0,0,0
/Users/heyanfeng/Desktop/STUDY/科研/基于 RGB-Thermal 双模态融合的光伏组件缺陷检测与热斑识别/平台系统_完整版/training_pipeline_v2/prepared/cell_anomaly/images/train/cell1345.png,train,0,0,0
/Users/heyanfeng/Desktop/STUDY/科研/基于 RGB-Thermal 双模态融合的光伏组件缺陷检测与热斑识别/平台系统_完整版/training_pipeline_v2/prepared/cell_anomaly/images/train/cell2170.png,train,0,0,0
/Users/heyanfeng/Desktop/STUDY/科研/基于 RGB-Thermal 双模态融合的光伏组件缺陷检测与热斑识别/平台系统_完整版/training_pipeline_v2/prepared/cell_anomaly/images/train/cell1383.png,train,0,0,0
/Users/heyanfeng/Desktop/STUDY/科研/基于 RGB-Thermal 双模态融合的光伏组件缺陷检测与热斑识别/平台系统_完整版/training_pipeline_v2/prepared/cell_anomaly/images/train/cell0458.png,train,0,0,0
/Users/heyanfeng/Desktop/STUDY/科研/基于 RGB-Thermal 双模态融合的光伏组件缺陷检测与热斑识别/平台系统_完整版/training_pipeline_v2/prepared/cell_anomaly/images/train/cell1377.png,train,0,0,0
/Users/heyanfeng/Desktop/STUDY/科研/基于 RGB-Thermal 双模态融合的光伏组件缺陷检测与热斑识别/平台系统_完整版/training_pipeline_v2/prepared/cell_anomaly/images/train/cell1465.png,train,0,0,0
/Users/heyanfeng/Desktop/STUDY/科研/基于 RGB-Thermal 双模态融合的光伏组件缺陷检测与热斑识别/平台系统_完整版/training_pipeline_v2/prepared/cell_anomaly/images/train/cell1508.png,train,0,0,0
/Users/heyanfeng/Desktop/STUDY/科研/基于 RGB-Thermal 双模态融合的光伏组件缺陷检测与热斑识别/平台系统_完整版/training_pipeline_v2/prepared/cell_anomaly/images/train/cell1003.png,train,0,0,0
/Users/heyanfeng/Desktop/STUDY/科研/基于 RGB-Thermal 双模态融合的光伏组件缺陷检测与热斑识别/平台系统_完整版/training_pipeline_v2/prepared/cell_anomaly/images/train/cell1503.png,train,0,0,0
/Users/heyanfeng/Desktop/STUDY/科研/基于 RGB-Thermal 双模态融合的光伏组件缺陷检测与热斑识别/平台系统_完整版/training_pipeline_v2/prepared/cell_anomaly/images/train/cell1477.png,train,0,0,0
/Users/heyanfeng/Desktop/STUDY/科研/基于 RGB-Thermal 双模态融合的光伏组件缺陷检测与热斑识别/平台系统_完整版/training_pipeline_v2/prepared/cell_anomaly/images/train/cell1398.png,train,0,0,0
/Users/heyanfeng/Desktop/STUDY/科研/基于 RGB-Thermal 双模态融合的光伏组件缺陷检测与热斑识别/平台系统_完整版/training_pipeline_v2/prepared/cell_anomaly/images/train/cell1397.png,train,0,0,0
/Users/heyanfeng/Desktop/STUDY/科研/基于 RGB-Thermal 双模态融合的光伏组件缺陷检测与热斑识别/平台系统_完整版/training_pipeline_v2/prepared/cell_anomaly/images/train/cell1362.png,train,0,0,0
/Users/heyanfeng/Desktop/STUDY/科研/基于 RGB-Thermal 双模态融合的光伏组件缺陷检测与热斑识别/平台系统_完整版/training_pipeline_v2/prepared/cell_anomaly/images/train/cell1574.png,train,0,0,0
/Users/heyanfeng/Desktop/STUDY/科研/基于 RGB-Thermal 双模态融合的光伏组件缺陷检测与热斑识别/平台系统_完整版/training_pipeline_v2/prepared/cell_anomaly/images/train/cell1230.png,train,0,0,0
/Users/heyanfeng/Desktop/STUDY/科研/基于 RGB-Thermal 双模态融合的光伏组件缺陷检测与热斑识别/平台系统_完整版/training_pipeline_v2/prepared/cell_anomaly/images/train/cell1421.png,train,0,0,0
/Users/heyanfeng/Desktop/STUDY/科研/基于 RGB-Thermal 双模态融合的光伏组件缺陷检测与热斑识别/平台系统_完整版/training_pipeline_v2/prepared/cell_anomaly/images/train/cell1101.png,train,0,0,0
/Users/heyanfeng/Desktop/STUDY/科研/基于 RGB-Thermal 双模态融合的光伏组件缺陷检测与热斑识别/平台系统_完整版/training_pipeline_v2/prepared/cell_anomaly/images/train/cell1089.png,train,0,0,0
/Users/heyanfeng/Desktop/STUDY/科研/基于 RGB-Thermal 双模态融合的光伏组件缺陷检测与热斑识别/平台系统_完整版/training_pipeline_v2/prepared/cell_anomaly/images/train/cell0962.png,train,0,0,0
/Users/heyanfeng/Desktop/STUDY/科研/基于 RGB-Thermal 双模态融合的光伏组件缺陷检测与热斑识别/平台系统_完整版/training_pipeline_v2/prepared/cell_anomaly/images/train/cell0058.png,train,0,0,0
/Users/heyanfeng/Desktop/STUDY/科研/基于 RGB-Thermal 双模态融合的光伏组件缺陷检测与热斑识别/平台系统_完整版/training_pipeline_v2/prepared/cell_anomaly/images/train/cell0908.png,train,0,0,0
/Users/heyanfeng/Desktop/STUDY/科研/基于 RGB-Thermal 双模态融合的光伏组件缺陷检测与热斑识别/平台系统_完整版/training_pipeline_v2/prepared/cell_anomaly/images/train/cell1486.png,train,0,0,0
/Users/heyanfeng/Desktop/STUDY/科研/基于 RGB-Thermal 双模态融合的光伏组件缺陷检测与热斑识别/平台系统_完整版/training_pipeline_v2/prepared/cell_anomaly/images/train/cell1470.png,train,0,0,0
/Users/heyanfeng/Desktop/STUDY/科研/基于 RGB-Thermal 双模态融合的光伏组件缺陷检测与热斑识别/平台系统_完整版/training_pipeline_v2/prepared/cell_anomaly/images/train/cell2203.png,train,0,0,0
/Users/heyanfeng/Desktop/STUDY/科研/基于 RGB-Thermal 双模态融合的光伏组件缺陷检测与热斑识别/平台系统_完整版/training_pipeline_v2/prepared/cell_anomaly/images/train/cell1317.png,train,0,0,0
/Users/heyanfeng/Desktop/STUDY/科研/基于 RGB-Thermal 双模态融合的光伏组件缺陷检测与热斑识别/平台系统_完整版/training_pipeline_v2/prepared/cell_anomaly/images/train/cell1213.png,train,0,0,0
/Users/heyanfeng/Desktop/STUDY/科研/基于 RGB-Thermal 双模态融合的光伏组件缺陷检测与热斑识别/平台系统_完整版/training_pipeline_v2/prepared/cell_anomaly/images/train/cell0953.png,train,0,0,0
/Users/heyanfeng/Desktop/STUDY/科研/基于 RGB-Thermal 双模态融合的光伏组件缺陷检测与热斑识别/平台系统_完整版/training_pipeline_v2/prepared/cell_anomaly/images/train/cell1131.png,train,0,0,0
/Users/heyanfeng/Desktop/STUDY/科研/基于 RGB-Thermal 双模态融合的光伏组件缺陷检测与热斑识别/平台系统_完整版/training_pipeline_v2/prepared/cell_anomaly/images/train/cell2197.png,train,0,0,0
/Users/heyanfeng/Desktop/STUDY/科研/基于 RGB-Thermal 双模态融合的光伏组件缺陷检测与热斑识别/平台系统_完整版/training_pipeline_v2/prepared/cell_anomaly/images/train/cell1375.png,train,0,0,0
/Users/heyanfeng/Desktop/STUDY/科研/基于 RGB-Thermal 双模态融合的光伏组件缺陷检测与热斑识别/平台系统_完整版/training_pipeline_v2/prepared/cell_anomaly/images/train/cell1078.png,train,0,0,0
/Users/heyanfeng/Desktop/STUDY/科研/基于 RGB-Thermal 双模态融合的光伏组件缺陷检测与热斑识别/平台系统_完整版/training_pipeline_v2/prepared/cell_anomaly/images/train/cell1464.png,train,0,0,0
/Users/heyanfeng/Desktop/STUDY/科研/基于 RGB-Thermal 双模态融合的光伏组件缺陷检测与热斑识别/平台系统_完整版/training_pipeline_v2/prepared/cell_anomaly/images/train/cell1076.png,train,0,0,0
/Users/heyanfeng/Desktop/STUDY/科研/基于 RGB-Thermal 双模态融合的光伏组件缺陷检测与热斑识别/平台系统_完整版/training_pipeline_v2/prepared/cell_anomaly/images/train/cell1171.png,train,0,0,0
/Users/heyanfeng/Desktop/STUDY/科研/基于 RGB-Thermal 双模态融合的光伏组件缺陷检测与热斑识别/平台系统_完整版/training_pipeline_v2/prepared/cell_anomaly/images/train/cell1322.png,train,0,0,0
/Users/heyanfeng/Desktop/STUDY/科研/基于 RGB-Thermal 双模态融合的光伏组件缺陷检测与热斑识别/平台系统_完整版/training_pipeline_v2/prepared/cell_anomaly/images/train/cell1223.png,train,0,0,0
/Users/heyanfeng/Desktop/STUDY/科研/基于 RGB-Thermal 双模态融合的光伏组件缺陷检测与热斑识别/平台系统_完整版/training_pipeline_v2/prepared/cell_anomaly/images/train/cell2193.png,train,0,0,0
/Users/heyanfeng/Desktop/STUDY/科研/基于 RGB-Thermal 双模态融合的光伏组件缺陷检测与热斑识别/平台系统_完整版/training_pipeline_v2/prepared/cell_anomaly/images/train/cell1294.png,train,0,0,0
/Users/heyanfeng/Desktop/STUDY/科研/基于 RGB-Thermal 双模态融合的光伏组件缺陷检测与热斑识别/平台系统_完整版/training_pipeline_v2/prepared/cell_anomaly/images/train/cell0928.png,train,0,0,0
/Users/heyanfeng/Desktop/STUDY/科研/基于 RGB-Thermal 双模态融合的光伏组件缺陷检测与热斑识别/平台系统_完整版/training_pipeline_v2/prepared/cell_anomaly/images/train/cell1233.png,train,0,0,0
/Users/heyanfeng/Desktop/STUDY/科研/基于 RGB-Thermal 双模态融合的光伏组件缺陷检测与热斑识别/平台系统_完整版/training_pipeline_v2/prepared/cell_anomaly/images/train/cell2178.png,train,0,0,0
/Users/heyanfeng/Desktop/STUDY/科研/基于 RGB-Thermal 双模态融合的光伏组件缺陷检测与热斑识别/平台系统_完整版/training_pipeline_v2/prepared/cell_anomaly/images/train/cell0977.png,train,0,0,0
/Users/heyanfeng/Desktop/STUDY/科研/基于 RGB-Thermal 双模态融合的光伏组件缺陷检测与热斑识别/平台系统_完整版/training_pipeline_v2/prepared/cell_anomaly/images/train/cell1234.png,train,0,0,0
/Users/heyanfeng/Desktop/STUDY/科研/基于 RGB-Thermal 双模态融合的光伏组件缺陷检测与热斑识别/平台系统_完整版/training_pipeline_v2/prepared/cell_anomaly/images/train/cell1441.png,train,0,0,0
/Users/heyanfeng/Desktop/STUDY/科研/基于 RGB-Thermal 双模态融合的光伏组件缺陷检测与热斑识别/平台系统_完整版/training_pipeline_v2/prepared/cell_anomaly/images/train/cell2430.png,train,0,0,0
/Users/heyanfeng/Desktop/STUDY/科研/基于 RGB-Thermal 双模态融合的光伏组件缺陷检测与热斑识别/平台系统_完整版/training_pipeline_v2/prepared/cell_anomaly/images/train/cell1385.png,train,0,0,0
/Users/heyanfeng/Desktop/STUDY/科研/基于 RGB-Thermal 双模态融合的光伏组件缺陷检测与热斑识别/平台系统_完整版/training_pipeline_v2/prepared/cell_anomaly/images/train/cell1293.png,train,0,0,0
/Users/heyanfeng/Desktop/STUDY/科研/基于 RGB-Thermal 双模态融合的光伏组件缺陷检测与热斑识别/平台系统_完整版/training_pipeline_v2/prepared/cell_anomaly/images/train/cell2403.png,train,0,0,0
/Users/heyanfeng/Desktop/STUDY/科研/基于 RGB-Thermal 双模态融合的光伏组件缺陷检测与热斑识别/平台系统_完整版/training_pipeline_v2/prepared/cell_anomaly/images/train/cell1268.png,train,0,0,0
/Users/heyanfeng/Desktop/STUDY/科研/基于 RGB-Thermal 双模态融合的光伏组件缺陷检测与热斑识别/平台系统_完整版/training_pipeline_v2/prepared/cell_anomaly/images/train/cell1446.png,train,0,0,0
/Users/heyanfeng/Desktop/STUDY/科研/基于 RGB-Thermal 双模态融合的光伏组件缺陷检测与热斑识别/平台系统_完整版/training_pipeline_v2/prepared/cell_anomaly/images/train/cell0940.png,train,0,0,0
/Users/heyanfeng/Desktop/STUDY/科研/基于 RGB-Thermal 双模态融合的光伏组件缺陷检测与热斑识别/平台系统_完整版/training_pipeline_v2/prepared/cell_anomaly/images/train/cell1026.png,train,0,0,0
/Users/heyanfeng/Desktop/STUDY/科研/基于 RGB-Thermal 双模态融合的光伏组件缺陷检测与热斑识别/平台系统_完整版/training_pipeline_v2/prepared/cell_anomaly/images/train/cell1286.png,train,0,0,0
/Users/heyanfeng/Desktop/STUDY/科研/基于 RGB-Thermal 双模态融合的光伏组件缺陷检测与热斑识别/平台系统_完整版/training_pipeline_v2/prepared/cell_anomaly/images/train/cell1325.png,train,0,0,0
/Users/heyanfeng/Desktop/STUDY/科研/基于 RGB-Thermal 双模态融合的光伏组件缺陷检测与热斑识别/平台系统_完整版/training_pipeline_v2/prepared/cell_anomaly/images/train/cell0042.png,train,0,0,0
/Users/heyanfeng/Desktop/STUDY/科研/基于 RGB-Thermal 双模态融合的光伏组件缺陷检测与热斑识别/平台系统_完整版/training_pipeline_v2/prepared/cell_anomaly/images/train/cell1129.png,train,0,0,0
/Users/heyanfeng/Desktop/STUDY/科研/基于 RGB-Thermal 双模态融合的光伏组件缺陷检测与热斑识别/平台系统_完整版/training_pipeline_v2/prepared/cell_anomaly/images/train/cell1227.png,train,0,0,0
/Users/heyanfeng/Desktop/STUDY/科研/基于 RGB-Thermal 双模态融合的光伏组件缺陷检测与热斑识别/平台系统_完整版/training_pipeline_v2/prepared/cell_anomaly/images/train/cell1557.png,train,0,0,0
/Users/heyanfeng/Desktop/STUDY/科研/基于 RGB-Thermal 双模态融合的光伏组件缺陷检测与热斑识别/平台系统_完整版/training_pipeline_v2/prepared/cell_anomaly/images/train/cell1291.png,train,0,0,0
/Users/heyanfeng/Desktop/STUDY/科研/基于 RGB-Thermal 双模态融合的光伏组件缺陷检测与热斑识别/平台系统_完整版/training_pipeline_v2/prepared/cell_anomaly/images/train/cell2172.png,train,0,0,0
/Users/heyanfeng/Desktop/STUDY/科研/基于 RGB-Thermal 双模态融合的光伏组件缺陷检测与热斑识别/平台系统_完整版/training_pipeline_v2/prepared/cell_anomaly/images/train/cell1253.png,train,0,0,0
/Users/heyanfeng/Desktop/STUDY/科研/基于 RGB-Thermal 双模态融合的光伏组件缺陷检测与热斑识别/平台系统_完整版/training_pipeline_v2/prepared/cell_anomaly/images/train/cell1112.png,train,0,0,0
/Users/heyanfeng/Desktop/STUDY/科研/基于 RGB-Thermal 双模态融合的光伏组件缺陷检测与热斑识别/平台系统_完整版/training_pipeline_v2/prepared/cell_anomaly/images/train/cell1181.png,train,0,0,0
/Users/heyanfeng/Desktop/STUDY/科研/基于 RGB-Thermal 双模态融合的光伏组件缺陷检测与热斑识别/平台系统_完整版/training_pipeline_v2/prepared/cell_anomaly/images/train/cell2163.png,train,0,0,0
/Users/heyanfeng/Desktop/STUDY/科研/基于 RGB-Thermal 双模态融合的光伏组件缺陷检测与热斑识别/平台系统_完整版/training_pipeline_v2/prepared/cell_anomaly/images/train/cell1553.png,train,0,0,0
/Users/heyanfeng/Desktop/STUDY/科研/基于 RGB-Thermal 双模态融合的光伏组件缺陷检测与热斑识别/平台系统_完整版/training_pipeline_v2/prepared/cell_anomaly/images/train/cell1285.png,train,0,0,0
/Users/heyanfeng/Desktop/STUDY/科研/基于 RGB-Thermal 双模态融合的光伏组件缺陷检测与热斑识别/平台系统_完整版/training_pipeline_v2/prepared/cell_anomaly/images/train/cell2201.png,train,0,0,0
/Users/heyanfeng/Desktop/STUDY/科研/基于 RGB-Thermal 双模态融合的光伏组件缺陷检测与热斑识别/平台系统_完整版/training_pipeline_v2/prepared/cell_anomaly/images/train/cell1274.png,train,0,0,0
/Users/heyanfeng/Desktop/STUDY/科研/基于 RGB-Thermal 双模态融合的光伏组件缺陷检测与热斑识别/平台系统_完整版/training_pipeline_v2/prepared/cell_anomaly/images/train/cell1335.png,train,0,0,0
/Users/heyanfeng/Desktop/STUDY/科研/基于 RGB-Thermal 双模态融合的光伏组件缺陷检测与热斑识别/平台系统_完整版/training_pipeline_v2/prepared/cell_anomaly/images/train/cell0957.png,train,0,0,0
/Users/heyanfeng/Desktop/STUDY/科研/基于 RGB-Thermal 双模态融合的光伏组件缺陷检测与热斑识别/平台系统_完整版/training_pipeline_v2/prepared/cell_anomaly/images/train/cell1218.png,train,0,0,0
/Users/heyanfeng/Desktop/STUDY/科研/基于 RGB-Thermal 双模态融合的光伏组件缺陷检测与热斑识别/平台系统_完整版/training_pipeline_v2/prepared/cell_anomaly/images/train/cell0963.png,train,0,0,0
/Users/heyanfeng/Desktop/STUDY/科研/基于 RGB-Thermal 双模态融合的光伏组件缺陷检测与热斑识别/平台系统_完整版/training_pipeline_v2/prepared/cell_anomaly/images/train/cell1545.png,train,0,0,0
/Users/heyanfeng/Desktop/STUDY/科研/基于 RGB-Thermal 双模态融合的光伏组件缺陷检测与热斑识别/平台系统_完整版/training_pipeline_v2/prepared/cell_anomaly/images/train/cell1176.png,train,0,0,0
/Users/heyanfeng/Desktop/STUDY/科研/基于 RGB-Thermal 双模态融合的光伏组件缺陷检测与热斑识别/平台系统_完整版/training_pipeline_v2/prepared/cell_anomaly/images/train/cell1027.png,train,0,0,0
/Users/heyanfeng/Desktop/STUDY/科研/基于 RGB-Thermal 双模态融合的光伏组件缺陷检测与热斑识别/平台系统_完整版/training_pipeline_v2/prepared/cell_anomaly/images/train/cell1598.png,train,0,0,0
/Users/heyanfeng/Desktop/STUDY/科研/基于 RGB-Thermal 双模态融合的光伏组件缺陷检测与热斑识别/平台系统_完整版/training_pipeline_v2/prepared/cell_anomaly/images/train/cell1364.png,train,0,0,0
/Users/heyanfeng/Desktop/STUDY/科研/基于 RGB-Thermal 双模态融合的光伏组件缺陷检测与热斑识别/平台系统_完整版/training_pipeline_v2/prepared/cell_anomaly/images/train/cell1275.png,train,0,0,0
/Users/heyanfeng/Desktop/STUDY/科研/基于 RGB-Thermal 双模态融合的光伏组件缺陷检测与热斑识别/平台系统_完整版/training_pipeline_v2/prepared/cell_anomaly/images/train/cell2206.png,train,0,0,0
/Users/heyanfeng/Desktop/STUDY/科研/基于 RGB-Thermal 双模态融合的光伏组件缺陷检测与热斑识别/平台系统_完整版/training_pipeline_v2/prepared/cell_anomaly/images/train/cell1369.png,train,0,0,0
/Users/heyanfeng/Desktop/STUDY/科研/基于 RGB-Thermal 双模态融合的光伏组件缺陷检测与热斑识别/平台系统_完整版/training_pipeline_v2/prepared/cell_anomaly/images/train/cell1517.png,train,0,0,0
/Users/heyanfeng/Desktop/STUDY/科研/基于 RGB-Thermal 双模态融合的光伏组件缺陷检测与热斑识别/平台系统_完整版/training_pipeline_v2/prepared/cell_anomaly/images/test/cell0530.png,test,0,0,1
/Users/heyanfeng/Desktop/STUDY/科研/基于 RGB-Thermal 双模态融合的光伏组件缺陷检测与热斑识别/平台系统_完整版/training_pipeline_v2/prepared/cell_anomaly/images/val/cell0437.png,val,0,0,1
/Users/heyanfeng/Desktop/STUDY/科研/基于 RGB-Thermal 双模态融合的光伏组件缺陷检测与热斑识别/平台系统_完整版/training_pipeline_v2/prepared/cell_anomaly/images/test/cell1074.png,test,0,1,0
/Users/heyanfeng/Desktop/STUDY/科研/基于 RGB-Thermal 双模态融合的光伏组件缺陷检测与热斑识别/平台系统_完整版/training_pipeline_v2/prepared/cell_anomaly/images/test/cell0393.png,test,0,1,0
/Users/heyanfeng/Desktop/STUDY/科研/基于 RGB-Thermal 双模态融合的光伏组件缺陷检测与热斑识别/平台系统_完整版/training_pipeline_v2/prepared/cell_anomaly/images/test/cell0054.png,test,0,1,0
/Users/heyanfeng/Desktop/STUDY/科研/基于 RGB-Thermal 双模态融合的光伏组件缺陷检测与热斑识别/平台系统_完整版/training_pipeline_v2/prepared/cell_anomaly/images/test/cell1396.png,test,0,1,0
/Users/heyanfeng/Desktop/STUDY/科研/基于 RGB-Thermal 双模态融合的光伏组件缺陷检测与热斑识别/平台系统_完整版/training_pipeline_v2/prepared/cell_anomaly/images/test/cell0055.png,test,0,1,0
/Users/heyanfeng/Desktop/STUDY/科研/基于 RGB-Thermal 双模态融合的光伏组件缺陷检测与热斑识别/平台系统_完整版/training_pipeline_v2/prepared/cell_anomaly/images/test/cell0486.png,test,0,1,0
/Users/heyanfeng/Desktop/STUDY/科研/基于 RGB-Thermal 双模态融合的光伏组件缺陷检测与热斑识别/平台系统_完整版/training_pipeline_v2/prepared/cell_anomaly/images/test/cell0052.png,test,0,1,0
/Users/heyanfeng/Desktop/STUDY/科研/基于 RGB-Thermal 双模态融合的光伏组件缺陷检测与热斑识别/平台系统_完整版/training_pipeline_v2/prepared/cell_anomaly/images/test/cell0367.png,test,0,1,0
/Users/heyanfeng/Desktop/STUDY/科研/基于 RGB-Thermal 双模态融合的光伏组件缺陷检测与热斑识别/平台系统_完整版/training_pipeline_v2/prepared/cell_anomaly/images/test/cell1080.png,test,0,1,0
/Users/heyanfeng/Desktop/STUDY/科研/基于 RGB-Thermal 双模态融合的光伏组件缺陷检测与热斑识别/平台系统_完整版/training_pipeline_v2/prepared/cell_anomaly/images/test/cell1061.png,test,0,1,0
/Users/heyanfeng/Desktop/STUDY/科研/基于 RGB-Thermal 双模态融合的光伏组件缺陷检测与热斑识别/平台系统_完整版/training_pipeline_v2/prepared/cell_anomaly/images/test/cell1393.png,test,0,1,0
/Users/heyanfeng/Desktop/STUDY/科研/基于 RGB-Thermal 双模态融合的光伏组件缺陷检测与热斑识别/平台系统_完整版/training_pipeline_v2/prepared/cell_anomaly/images/test/cell0426.png,test,0,1,0
/Users/heyanfeng/Desktop/STUDY/科研/基于 RGB-Thermal 双模态融合的光伏组件缺陷检测与热斑识别/平台系统_完整版/training_pipeline_v2/prepared/cell_anomaly/images/test/cell0371.png,test,0,1,0
/Users/heyanfeng/Desktop/STUDY/科研/基于 RGB-Thermal 双模态融合的光伏组件缺陷检测与热斑识别/平台系统_完整版/training_pipeline_v2/prepared/cell_anomaly/images/test/cell0056.png,test,0,1,0
/Users/heyanfeng/Desktop/STUDY/科研/基于 RGB-Thermal 双模态融合的光伏组件缺陷检测与热斑识别/平台系统_完整版/training_pipeline_v2/prepared/cell_anomaly/images/test/cell0415.png,test,0,1,0
/Users/heyanfeng/Desktop/STUDY/科研/基于 RGB-Thermal 双模态融合的光伏组件缺陷检测与热斑识别/平台系统_完整版/training_pipeline_v2/prepared/cell_anomaly/images/test/cell0016.png,test,0,1,0
/Users/heyanfeng/Desktop/STUDY/科研/基于 RGB-Thermal 双模态融合的光伏组件缺陷检测与热斑识别/平台系统_完整版/training_pipeline_v2/prepared/cell_anomaly/images/test/cell0537.png,test,0,1,0
/Users/heyanfeng/Desktop/STUDY/科研/基于 RGB-Thermal 双模态融合的光伏组件缺陷检测与热斑识别/平台系统_完整版/training_pipeline_v2/prepared/cell_anomaly/images/test/cell0433.png,test,0,1,0
/Users/heyanfeng/Desktop/STUDY/科研/基于 RGB-Thermal 双模态融合的光伏组件缺陷检测与热斑识别/平台系统_完整版/training_pipeline_v2/prepared/cell_anomaly/images/test/cell0368.png,test,0,1,0
/Users/heyanfeng/Desktop/STUDY/科研/基于 RGB-Thermal 双模态融合的光伏组件缺陷检测与热斑识别/平台系统_完整版/training_pipeline_v2/prepared/cell_anomaly/images/val/cell0392.png,val,0,1,0
/Users/heyanfeng/Desktop/STUDY/科研/基于 RGB-Thermal 双模态融合的光伏组件缺陷检测与热斑识别/平台系统_完整版/training_pipeline_v2/prepared/cell_anomaly/images/val/cell0373.png,val,0,1,0
/Users/heyanfeng/Desktop/STUDY/科研/基于 RGB-Thermal 双模态融合的光伏组件缺陷检测与热斑识别/平台系统_完整版/training_pipeline_v2/prepared/cell_anomaly/images/val/cell1179.png,val,0,1,0
/Users/heyanfeng/Desktop/STUDY/科研/基于 RGB-Thermal 双模态融合的光伏组件缺陷检测与热斑识别/平台系统_完整版/training_pipeline_v2/prepared/cell_anomaly/images/val/cell0363.png,val,0,1,0
/Users/heyanfeng/Desktop/STUDY/科研/基于 RGB-Thermal 双模态融合的光伏组件缺陷检测与热斑识别/平台系统_完整版/training_pipeline_v2/prepared/cell_anomaly/images/val/cell0362.png,val,0,1,0
/Users/heyanfeng/Desktop/STUDY/科研/基于 RGB-Thermal 双模态融合的光伏组件缺陷检测与热斑识别/平台系统_完整版/training_pipeline_v2/prepared/cell_anomaly/images/val/cell1303.png,val,0,1,0
/Users/heyanfeng/Desktop/STUDY/科研/基于 RGB-Thermal 双模态融合的光伏组件缺陷检测与热斑识别/平台系统_完整版/training_pipeline_v2/prepared/cell_anomaly/images/val/cell0493.png,val,0,1,0
/Users/heyanfeng/Desktop/STUDY/科研/基于 RGB-Thermal 双模态融合的光伏组件缺陷检测与热斑识别/平台系统_完整版/training_pipeline_v2/prepared/cell_anomaly/images/val/cell1403.png,val,0,1,0
/Users/heyanfeng/Desktop/STUDY/科研/基于 RGB-Thermal 双模态融合的光伏组件缺陷检测与热斑识别/平台系统_完整版/training_pipeline_v2/prepared/cell_anomaly/images/val/cell1059.png,val,0,1,0
/Users/heyanfeng/Desktop/STUDY/科研/基于 RGB-Thermal 双模态融合的光伏组件缺陷检测与热斑识别/平台系统_完整版/training_pipeline_v2/prepared/cell_anomaly/images/val/cell0428.png,val,0,1,0
/Users/heyanfeng/Desktop/STUDY/科研/基于 RGB-Thermal 双模态融合的光伏组件缺陷检测与热斑识别/平台系统_完整版/training_pipeline_v2/prepared/cell_anomaly/images/val/cell0510.png,val,0,1,0
/Users/heyanfeng/Desktop/STUDY/科研/基于 RGB-Thermal 双模态融合的光伏组件缺陷检测与热斑识别/平台系统_完整版/training_pipeline_v2/prepared/cell_anomaly/images/val/cell1142.png,val,0,1,0
/Users/heyanfeng/Desktop/STUDY/科研/基于 RGB-Thermal 双模态融合的光伏组件缺陷检测与热斑识别/平台系统_完整版/training_pipeline_v2/prepared/cell_anomaly/images/val/cell0459.png,val,0,1,0
/Users/heyanfeng/Desktop/STUDY/科研/基于 RGB-Thermal 双模态融合的光伏组件缺陷检测与热斑识别/平台系统_完整版/training_pipeline_v2/prepared/cell_anomaly/images/val/cell1097.png,val,0,1,0
/Users/heyanfeng/Desktop/STUDY/科研/基于 RGB-Thermal 双模态融合的光伏组件缺陷检测与热斑识别/平台系统_完整版/training_pipeline_v2/prepared/cell_anomaly/images/val/cell2427.png,val,0,1,0
/Users/heyanfeng/Desktop/STUDY/科研/基于 RGB-Thermal 双模态融合的光伏组件缺陷检测与热斑识别/平台系统_完整版/training_pipeline_v2/prepared/cell_anomaly/images/val/cell0453.png,val,0,1,0
/Users/heyanfeng/Desktop/STUDY/科研/基于 RGB-Thermal 双模态融合的光伏组件缺陷检测与热斑识别/平台系统_完整版/training_pipeline_v2/prepared/cell_anomaly/images/val/cell0002.png,val,0,1,0
/Users/heyanfeng/Desktop/STUDY/科研/基于 RGB-Thermal 双模态融合的光伏组件缺陷检测与热斑识别/平台系统_完整版/training_pipeline_v2/prepared/cell_anomaly/images/val/cell1147.png,val,0,1,0
/Users/heyanfeng/Desktop/STUDY/科研/基于 RGB-Thermal 双模态融合的光伏组件缺陷检测与热斑识别/平台系统_完整版/training_pipeline_v2/prepared/cell_anomaly/images/val/cell0382.png,val,0,1,0
/Users/heyanfeng/Desktop/STUDY/科研/基于 RGB-Thermal 双模态融合的光伏组件缺陷检测与热斑识别/平台系统_完整版/training_pipeline_v2/prepared/cell_anomaly/images/train/cell0470.png,train,0,1,0
/Users/heyanfeng/Desktop/STUDY/科研/基于 RGB-Thermal 双模态融合的光伏组件缺陷检测与热斑识别/平台系统_完整版/training_pipeline_v2/prepared/cell_anomaly/images/train/cell0037.png,train,0,1,0
/Users/heyanfeng/Desktop/STUDY/科研/基于 RGB-Thermal 双模态融合的光伏组件缺陷检测与热斑识别/平台系统_完整版/training_pipeline_v2/prepared/cell_anomaly/images/train/cell1456.png,train,0,1,0
/Users/heyanfeng/Desktop/STUDY/科研/基于 RGB-Thermal 双模态融合的光伏组件缺陷检测与热斑识别/平台系统_完整版/training_pipeline_v2/prepared/cell_anomaly/images/train/cell1591.png,train,0,1,0
/Users/heyanfeng/Desktop/STUDY/科研/基于 RGB-Thermal 双模态融合的光伏组件缺陷检测与热斑识别/平台系统_完整版/training_pipeline_v2/prepared/cell_anomaly/images/train/cell0475.png,train,0,1,0
/Users/heyanfeng/Desktop/STUDY/科研/基于 RGB-Thermal 双模态融合的光伏组件缺陷检测与热斑识别/平台系统_完整版/training_pipeline_v2/prepared/cell_anomaly/images/train/cell0467.png,train,0,1,0
/Users/heyanfeng/Desktop/STUDY/科研/基于 RGB-Thermal 双模态融合的光伏组件缺陷检测与热斑识别/平台系统_完整版/training_pipeline_v2/prepared/cell_anomaly/images/train/cell0025.png,train,0,1,0
/Users/heyanfeng/Desktop/STUDY/科研/基于 RGB-Thermal 双模态融合的光伏组件缺陷检测与热斑识别/平台系统_完整版/training_pipeline_v2/prepared/cell_anomaly/images/train/cell0381.png,train,0,1,0
/Users/heyanfeng/Desktop/STUDY/科研/基于 RGB-Thermal 双模态融合的光伏组件缺陷检测与热斑识别/平台系统_完整版/training_pipeline_v2/prepared/cell_anomaly/images/train/cell0027.png,train,0,1,0
/Users/heyanfeng/Desktop/STUDY/科研/基于 RGB-Thermal 双模态融合的光伏组件缺陷检测与热斑识别/平台系统_完整版/training_pipeline_v2/prepared/cell_anomaly/images/train/cell0440.png,train,0,1,0
/Users/heyanfeng/Desktop/STUDY/科研/基于 RGB-Thermal 双模态融合的光伏组件缺陷检测与热斑识别/平台系统_完整版/training_pipeline_v2/prepared/cell_anomaly/images/train/cell0374.png,train,0,1,0
/Users/heyanfeng/Desktop/STUDY/科研/基于 RGB-Thermal 双模态融合的光伏组件缺陷检测与热斑识别/平台系统_完整版/training_pipeline_v2/prepared/cell_anomaly/images/train/cell0015.png,train,0,1,0
/Users/heyanfeng/Desktop/STUDY/科研/基于 RGB-Thermal 双模态融合的光伏组件缺陷检测与热斑识别/平台系统_完整版/training_pipeline_v2/prepared/cell_anomaly/images/train/cell0533.png,train,0,1,0
/Users/heyanfeng/Desktop/STUDY/科研/基于 RGB-Thermal 双模态融合的光伏组件缺陷检测与热斑识别/平台系统_完整版/training_pipeline_v2/prepared/cell_anomaly/images/train/cell0482.png,train,0,1,0
/Users/heyanfeng/Desktop/STUDY/科研/基于 RGB-Thermal 双模态融合的光伏组件缺陷检测与热斑识别/平台系统_完整版/training_pipeline_v2/prepared/cell_anomaly/images/train/cell0384.png,train,0,1,0
/Users/heyanfeng/Desktop/STUDY/科研/基于 RGB-Thermal 双模态融合的光伏组件缺陷检测与热斑识别/平台系统_完整版/training_pipeline_v2/prepared/cell_anomaly/images/train/cell0477.png,train,0,1,0
/Users/heyanfeng/Desktop/STUDY/科研/基于 RGB-Thermal 双模态融合的光伏组件缺陷检测与热斑识别/平台系统_完整版/training_pipeline_v2/prepared/cell_anomaly/images/train/cell1189.png,train,0,1,0
/Users/heyanfeng/Desktop/STUDY/科研/基于 RGB-Thermal 双模态融合的光伏组件缺陷检测与热斑识别/平台系统_完整版/training_pipeline_v2/prepared/cell_anomaly/images/train/cell0035.png,train,0,1,0
/Users/heyanfeng/Desktop/STUDY/科研/基于 RGB-Thermal 双模态融合的光伏组件缺陷检测与热斑识别/平台系统_完整版/training_pipeline_v2/prepared/cell_anomaly/images/train/cell1065.png,train,0,1,0
/Users/heyanfeng/Desktop/STUDY/科研/基于 RGB-Thermal 双模态融合的光伏组件缺陷检测与热斑识别/平台系统_完整版/training_pipeline_v2/prepared/cell_anomaly/images/train/cell1306.png,train,0,1,0
/Users/heyanfeng/Desktop/STUDY/科研/基于 RGB-Thermal 双模态融合的光伏组件缺陷检测与热斑识别/平台系统_完整版/training_pipeline_v2/prepared/cell_anomaly/images/train/cell1502.png,train,0,1,0
/Users/heyanfeng/Desktop/STUDY/科研/基于 RGB-Thermal 双模态融合的光伏组件缺陷检测与热斑识别/平台系统_完整版/training_pipeline_v2/prepared/cell_anomaly/images/train/cell0487.png,train,0,1,0
/Users/heyanfeng/Desktop/STUDY/科研/基于 RGB-Thermal 双模态融合的光伏组件缺陷检测与热斑识别/平台系统_完整版/training_pipeline_v2/prepared/cell_anomaly/images/train/cell1161.png,train,0,1,0
/Users/heyanfeng/Desktop/STUDY/科研/基于 RGB-Thermal 双模态融合的光伏组件缺陷检测与热斑识别/平台系统_完整版/training_pipeline_v2/prepared/cell_anomaly/images/train/cell2435.png,train,0,1,0
/Users/heyanfeng/Desktop/STUDY/科研/基于 RGB-Thermal 双模态融合的光伏组件缺陷检测与热斑识别/平台系统_完整版/training_pipeline_v2/prepared/cell_anomaly/images/train/cell0001.png,train,0,1,0
/Users/heyanfeng/Desktop/STUDY/科研/基于 RGB-Thermal 双模态融合的光伏组件缺陷检测与热斑识别/平台系统_完整版/training_pipeline_v2/prepared/cell_anomaly/images/train/cell0424.png,train,0,1,0
/Users/heyanfeng/Desktop/STUDY/科研/基于 RGB-Thermal 双模态融合的光伏组件缺陷检测与热斑识别/平台系统_完整版/training_pipeline_v2/prepared/cell_anomaly/images/train/cell0414.png,train,0,1,0
/Users/heyanfeng/Desktop/STUDY/科研/基于 RGB-Thermal 双模态融合的光伏组件缺陷检测与热斑识别/平台系统_完整版/training_pipeline_v2/prepared/cell_anomaly/images/train/cell0020.png,train,0,1,0
/Users/heyanfeng/Desktop/STUDY/科研/基于 RGB-Thermal 双模态融合的光伏组件缺陷检测与热斑识别/平台系统_完整版/training_pipeline_v2/prepared/cell_anomaly/images/train/cell0398.png,train,0,1,0
/Users/heyanfeng/Desktop/STUDY/科研/基于 RGB-Thermal 双模态融合的光伏组件缺陷检测与热斑识别/平台系统_完整版/training_pipeline_v2/prepared/cell_anomaly/images/train/cell0021.png,train,0,1,0
/Users/heyanfeng/Desktop/STUDY/科研/基于 RGB-Thermal 双模态融合的光伏组件缺陷检测与热斑识别/平台系统_完整版/training_pipeline_v2/prepared/cell_anomaly/images/train/cell1109.png,train,0,1,0
/Users/heyanfeng/Desktop/STUDY/科研/基于 RGB-Thermal 双模态融合的光伏组件缺陷检测与热斑识别/平台系统_完整版/training_pipeline_v2/prepared/cell_anomaly/images/train/cell1487.png,train,0,1,0
/Users/heyanfeng/Desktop/STUDY/科研/基于 RGB-Thermal 双模态融合的光伏组件缺陷检测与热斑识别/平台系统_完整版/training_pipeline_v2/prepared/cell_anomaly/images/train/cell2432.png,train,0,1,0
/Users/heyanfeng/Desktop/STUDY/科研/基于 RGB-Thermal 双模态融合的光伏组件缺陷检测与热斑识别/平台系统_完整版/training_pipeline_v2/prepared/cell_anomaly/images/train/cell1475.png,train,0,1,0
/Users/heyanfeng/Desktop/STUDY/科研/基于 RGB-Thermal 双模态融合的光伏组件缺陷检测与热斑识别/平台系统_完整版/training_pipeline_v2/prepared/cell_anomaly/images/train/cell0512.png,train,0,1,0
/Users/heyanfeng/Desktop/STUDY/科研/基于 RGB-Thermal 双模态融合的光伏组件缺陷检测与热斑识别/平台系统_完整版/training_pipeline_v2/prepared/cell_anomaly/images/train/cell0370.png,train,0,1,0
/Users/heyanfeng/Desktop/STUDY/科研/基于 RGB-Thermal 双模态融合的光伏组件缺陷检测与热斑识别/平台系统_完整版/training_pipeline_v2/prepared/cell_anomaly/images/train/cell0531.png,train,0,1,0
/Users/heyanfeng/Desktop/STUDY/科研/基于 RGB-Thermal 双模态融合的光伏组件缺陷检测与热斑识别/平台系统_完整版/training_pipeline_v2/prepared/cell_anomaly/images/train/cell0446.png,train,0,1,0
/Users/heyanfeng/Desktop/STUDY/科研/基于 RGB-Thermal 双模态融合的光伏组件缺陷检测与热斑识别/平台系统_完整版/training_pipeline_v2/prepared/cell_anomaly/images/train/cell1409.png,train,0,1,0
/Users/heyanfeng/Desktop/STUDY/科研/基于 RGB-Thermal 双模态融合的光伏组件缺陷检测与热斑识别/平台系统_完整版/training_pipeline_v2/prepared/cell_anomaly/images/train/cell0036.png,train,0,1,0
/Users/heyanfeng/Desktop/STUDY/科研/基于 RGB-Thermal 双模态融合的光伏组件缺陷检测与热斑识别/平台系统_完整版/training_pipeline_v2/prepared/cell_anomaly/images/train/cell0047.png,train,0,1,0
/Users/heyanfeng/Desktop/STUDY/科研/基于 RGB-Thermal 双模态融合的光伏组件缺陷检测与热斑识别/平台系统_完整版/training_pipeline_v2/prepared/cell_anomaly/images/train/cell0034.png,train,0,1,0
/Users/heyanfeng/Desktop/STUDY/科研/基于 RGB-Thermal 双模态融合的光伏组件缺陷检测与热斑识别/平台系统_完整版/training_pipeline_v2/prepared/cell_anomaly/images/train/cell0489.png,train,0,1,0
/Users/heyanfeng/Desktop/STUDY/科研/基于 RGB-Thermal 双模态融合的光伏组件缺陷检测与热斑识别/平台系统_完整版/training_pipeline_v2/prepared/cell_anomaly/images/train/cell0013.png,train,0,1,0
/Users/heyanfeng/Desktop/STUDY/科研/基于 RGB-Thermal 双模态融合的光伏组件缺陷检测与热斑识别/平台系统_完整版/training_pipeline_v2/prepared/cell_anomaly/images/train/cell0010.png,train,0,1,0
/Users/heyanfeng/Desktop/STUDY/科研/基于 RGB-Thermal 双模态融合的光伏组件缺陷检测与热斑识别/平台系统_完整版/training_pipeline_v2/prepared/cell_anomaly/images/train/cell0378.png,train,0,1,0
/Users/heyanfeng/Desktop/STUDY/科研/基于 RGB-Thermal 双模态融合的光伏组件缺陷检测与热斑识别/平台系统_完整版/training_pipeline_v2/prepared/cell_anomaly/images/train/cell0012.png,train,0,1,0
/Users/heyanfeng/Desktop/STUDY/科研/基于 RGB-Thermal 双模态融合的光伏组件缺陷检测与热斑识别/平台系统_完整版/training_pipeline_v2/prepared/cell_anomaly/images/train/cell0539.png,train,0,1,0
/Users/heyanfeng/Desktop/STUDY/科研/基于 RGB-Thermal 双模态融合的光伏组件缺陷检测与热斑识别/平台系统_完整版/training_pipeline_v2/prepared/cell_anomaly/images/train/cell2431.png,train,0,1,0
/Users/heyanfeng/Desktop/STUDY/科研/基于 RGB-Thermal 双模态融合的光伏组件缺陷检测与热斑识别/平台系统_完整版/training_pipeline_v2/prepared/cell_anomaly/images/train/cell2204.png,train,0,1,0
/Users/heyanfeng/Desktop/STUDY/科研/基于 RGB-Thermal 双模态融合的光伏组件缺陷检测与热斑识别/平台系统_完整版/training_pipeline_v2/prepared/cell_anomaly/images/train/cell0491.png,train,0,1,0
/Users/heyanfeng/Desktop/STUDY/科研/基于 RGB-Thermal 双模态融合的光伏组件缺陷检测与热斑识别/平台系统_完整版/training_pipeline_v2/prepared/cell_anomaly/images/train/cell0506.png,train,0,1,0
/Users/heyanfeng/Desktop/STUDY/科研/基于 RGB-Thermal 双模态融合的光伏组件缺陷检测与热斑识别/平台系统_完整版/training_pipeline_v2/prepared/cell_anomaly/images/train/cell2437.png,train,0,1,0
/Users/heyanfeng/Desktop/STUDY/科研/基于 RGB-Thermal 双模态融合的光伏组件缺陷检测与热斑识别/平台系统_完整版/training_pipeline_v2/prepared/cell_anomaly/images/train/cell0534.png,train,0,1,0
/Users/heyanfeng/Desktop/STUDY/科研/基于 RGB-Thermal 双模态融合的光伏组件缺陷检测与热斑识别/平台系统_完整版/training_pipeline_v2/prepared/cell_anomaly/images/train/cell0427.png,train,0,1,0
/Users/heyanfeng/Desktop/STUDY/科研/基于 RGB-Thermal 双模态融合的光伏组件缺陷检测与热斑识别/平台系统_完整版/training_pipeline_v2/prepared/cell_anomaly/images/train/cell0416.png,train,0,1,0
/Users/heyanfeng/Desktop/STUDY/科研/基于 RGB-Thermal 双模态融合的光伏组件缺陷检测与热斑识别/平台系统_完整版/training_pipeline_v2/prepared/cell_anomaly/images/train/cell1143.png,train,0,1,0
/Users/heyanfeng/Desktop/STUDY/科研/基于 RGB-Thermal 双模态融合的光伏组件缺陷检测与热斑识别/平台系统_完整版/training_pipeline_v2/prepared/cell_anomaly/images/train/cell1399.png,train,0,1,0
/Users/heyanfeng/Desktop/STUDY/科研/基于 RGB-Thermal 双模态融合的光伏组件缺陷检测与热斑识别/平台系统_完整版/training_pipeline_v2/prepared/cell_anomaly/images/train/cell0535.png,train,0,1,0
/Users/heyanfeng/Desktop/STUDY/科研/基于 RGB-Thermal 双模态融合的光伏组件缺陷检测与热斑识别/平台系统_完整版/training_pipeline_v2/prepared/cell_anomaly/images/train/cell0028.png,train,0,1,0
/Users/heyanfeng/Desktop/STUDY/科研/基于 RGB-Thermal 双模态融合的光伏组件缺陷检测与热斑识别/平台系统_完整版/training_pipeline_v2/prepared/cell_anomaly/images/train/cell0051.png,train,0,1,0
/Users/heyanfeng/Desktop/STUDY/科研/基于 RGB-Thermal 双模态融合的光伏组件缺陷检测与热斑识别/平台系统_完整版/training_pipeline_v2/prepared/cell_anomaly/images/train/cell0502.png,train,0,1,0
/Users/heyanfeng/Desktop/STUDY/科研/基于 RGB-Thermal 双模态融合的光伏组件缺陷检测与热斑识别/平台系统_完整版/training_pipeline_v2/prepared/cell_anomaly/images/train/cell0422.png,train,0,1,0
/Users/heyanfeng/Desktop/STUDY/科研/基于 RGB-Thermal 双模态融合的光伏组件缺陷检测与热斑识别/平台系统_完整版/training_pipeline_v2/prepared/cell_anomaly/images/train/cell0435.png,train,0,1,0
/Users/heyanfeng/Desktop/STUDY/科研/基于 RGB-Thermal 双模态融合的光伏组件缺陷检测与热斑识别/平台系统_完整版/training_pipeline_v2/prepared/cell_anomaly/images/train/cell0049.png,train,0,1,0
/Users/heyanfeng/Desktop/STUDY/科研/基于 RGB-Thermal 双模态融合的光伏组件缺陷检测与热斑识别/平台系统_完整版/training_pipeline_v2/prepared/cell_anomaly/images/train/cell0394.png,train,0,1,0
/Users/heyanfeng/Desktop/STUDY/科研/基于 RGB-Thermal 双模态融合的光伏组件缺陷检测与热斑识别/平台系统_完整版/training_pipeline_v2/prepared/cell_anomaly/images/train/cell2433.png,train,0,1,0
/Users/heyanfeng/Desktop/STUDY/科研/基于 RGB-Thermal 双模态融合的光伏组件缺陷检测与热斑识别/平台系统_完整版/training_pipeline_v2/prepared/cell_anomaly/images/train/cell1404.png,train,0,1,0
/Users/heyanfeng/Desktop/STUDY/科研/基于 RGB-Thermal 双模态融合的光伏组件缺陷检测与热斑识别/平台系统_完整版/training_pipeline_v2/prepared/cell_anomaly/images/train/cell0375.png,train,0,1,0
/Users/heyanfeng/Desktop/STUDY/科研/基于 RGB-Thermal 双模态融合的光伏组件缺陷检测与热斑识别/平台系统_完整版/training_pipeline_v2/prepared/cell_anomaly/images/train/cell0507.png,train,0,1,0
/Users/heyanfeng/Desktop/STUDY/科研/基于 RGB-Thermal 双模态融合的光伏组件缺陷检测与热斑识别/平台系统_完整版/training_pipeline_v2/prepared/cell_anomaly/images/train/cell0479.png,train,0,1,0
/Users/heyanfeng/Desktop/STUDY/科研/基于 RGB-Thermal 双模态融合的光伏组件缺陷检测与热斑识别/平台系统_完整版/training_pipeline_v2/prepared/cell_anomaly/images/train/cell1182.png,train,0,1,0
/Users/heyanfeng/Desktop/STUDY/科研/基于 RGB-Thermal 双模态融合的光伏组件缺陷检测与热斑识别/平台系统_完整版/training_pipeline_v2/prepared/cell_anomaly/images/train/cell1405.png,train,0,1,0
/Users/heyanfeng/Desktop/STUDY/科研/基于 RGB-Thermal 双模态融合的光伏组件缺陷检测与热斑识别/平台系统_完整版/training_pipeline_v2/prepared/cell_anomaly/images/train/cell0361.png,train,0,1,0
/Users/heyanfeng/Desktop/STUDY/科研/基于 RGB-Thermal 双模态融合的光伏组件缺陷检测与热斑识别/平台系统_完整版/training_pipeline_v2/prepared/cell_anomaly/images/train/cell1315.png,train,0,1,0
/Users/heyanfeng/Desktop/STUDY/科研/基于 RGB-Thermal 双模态融合的光伏组件缺陷检测与热斑识别/平台系统_完整版/training_pipeline_v2/prepared/cell_anomaly/images/train/cell0436.png,train,0,1,0
/Users/heyanfeng/Desktop/STUDY/科研/基于 RGB-Thermal 双模态融合的光伏组件缺陷检测与热斑识别/平台系统_完整版/training_pipeline_v2/prepared/cell_anomaly/images/train/cell0003.png,train,0,1,0
/Users/heyanfeng/Desktop/STUDY/科研/基于 RGB-Thermal 双模态融合的光伏组件缺陷检测与热斑识别/平台系统_完整版/training_pipeline_v2/prepared/cell_anomaly/images/train/cell0407.png,train,0,1,0
/Users/heyanfeng/Desktop/STUDY/科研/基于 RGB-Thermal 双模态融合的光伏组件缺陷检测与热斑识别/平台系统_完整版/training_pipeline_v2/prepared/cell_anomaly/images/train/cell0388.png,train,0,1,0
/Users/heyanfeng/Desktop/STUDY/科研/基于 RGB-Thermal 双模态融合的光伏组件缺陷检测与热斑识别/平台系统_完整版/training_pipeline_v2/prepared/cell_anomaly/images/train/cell0418.png,train,0,1,0
/Users/heyanfeng/Desktop/STUDY/科研/基于 RGB-Thermal 双模态融合的光伏组件缺陷检测与热斑识别/平台系统_完整版/training_pipeline_v2/prepared/cell_anomaly/images/train/cell0387.png,train,0,1,0
/Users/heyanfeng/Desktop/STUDY/科研/基于 RGB-Thermal 双模态融合的光伏组件缺陷检测与热斑识别/平台系统_完整版/training_pipeline_v2/prepared/cell_anomaly/images/train/cell1308.png,train,0,1,0
/Users/heyanfeng/Desktop/STUDY/科研/基于 RGB-Thermal 双模态融合的光伏组件缺陷检测与热斑识别/平台系统_完整版/training_pipeline_v2/prepared/cell_anomaly/images/train/cell0412.png,train,0,1,0
/Users/heyanfeng/Desktop/STUDY/科研/基于 RGB-Thermal 双模态融合的光伏组件缺陷检测与热斑识别/平台系统_完整版/training_pipeline_v2/prepared/cell_anomaly/images/train/cell1108.png,train,0,1,0
/Users/heyanfeng/Desktop/STUDY/科研/基于 RGB-Thermal 双模态融合的光伏组件缺陷检测与热斑识别/平台系统_完整版/training_pipeline_v2/prepared/cell_anomaly/images/train/cell0026.png,train,0,1,0
/Users/heyanfeng/Desktop/STUDY/科研/基于 RGB-Thermal 双模态融合的光伏组件缺陷检测与热斑识别/平台系统_完整版/training_pipeline_v2/prepared/cell_anomaly/images/train/cell0463.png,train,0,1,0
/Users/heyanfeng/Desktop/STUDY/科研/基于 RGB-Thermal 双模态融合的光伏组件缺陷检测与热斑识别/平台系统_完整版/training_pipeline_v2/prepared/cell_anomaly/images/train/cell0411.png,train,0,1,0
/Users/heyanfeng/Desktop/STUDY/科研/基于 RGB-Thermal 双模态融合的光伏组件缺陷检测与热斑识别/平台系统_完整版/training_pipeline_v2/prepared/cell_anomaly/images/train/cell0497.png,train,0,1,0
/Users/heyanfeng/Desktop/STUDY/科研/基于 RGB-Thermal 双模态融合的光伏组件缺陷检测与热斑识别/平台系统_完整版/training_pipeline_v2/prepared/cell_anomaly/images/train/cell0498.png,train,0,1,0
/Users/heyanfeng/Desktop/STUDY/科研/基于 RGB-Thermal 双模态融合的光伏组件缺陷检测与热斑识别/平台系统_完整版/training_pipeline_v2/prepared/cell_anomaly/images/train/cell1075.png,train,0,1,0
/Users/heyanfeng/Desktop/STUDY/科研/基于 RGB-Thermal 双模态融合的光伏组件缺陷检测与热斑识别/平台系统_完整版/training_pipeline_v2/prepared/cell_anomaly/images/train/cell0045.png,train,0,1,0
/Users/heyanfeng/Desktop/STUDY/科研/基于 RGB-Thermal 双模态融合的光伏组件缺陷检测与热斑识别/平台系统_完整版/training_pipeline_v2/prepared/cell_anomaly/images/test/cell0517.png,test,0,1,1
/Users/heyanfeng/Desktop/STUDY/科研/基于 RGB-Thermal 双模态融合的光伏组件缺陷检测与热斑识别/平台系统_完整版/training_pipeline_v2/prepared/cell_anomaly/images/test/cell0406.png,test,0,1,1
/Users/heyanfeng/Desktop/STUDY/科研/基于 RGB-Thermal 双模态融合的光伏组件缺陷检测与热斑识别/平台系统_完整版/training_pipeline_v2/prepared/cell_anomaly/images/test/cell0039.png,test,0,1,1
/Users/heyanfeng/Desktop/STUDY/科研/基于 RGB-Thermal 双模态融合的光伏组件缺陷检测与热斑识别/平台系统_完整版/training_pipeline_v2/prepared/cell_anomaly/images/test/cell0513.png,test,0,1,1
/Users/heyanfeng/Desktop/STUDY/科研/基于 RGB-Thermal 双模态融合的光伏组件缺陷检测与热斑识别/平台系统_完整版/training_pipeline_v2/prepared/cell_anomaly/images/test/cell0484.png,test,0,1,1
/Users/heyanfeng/Desktop/STUDY/科研/基于 RGB-Thermal 双模态融合的光伏组件缺陷检测与热斑识别/平台系统_完整版/training_pipeline_v2/prepared/cell_anomaly/images/test/cell0481.png,test,0,1,1
/Users/heyanfeng/Desktop/STUDY/科研/基于 RGB-Thermal 双模态融合的光伏组件缺陷检测与热斑识别/平台系统_完整版/training_pipeline_v2/prepared/cell_anomaly/images/test/cell0364.png,test,0,1,1
/Users/heyanfeng/Desktop/STUDY/科研/基于 RGB-Thermal 双模态融合的光伏组件缺陷检测与热斑识别/平台系统_完整版/training_pipeline_v2/prepared/cell_anomaly/images/test/cell0461.png,test,0,1,1
/Users/heyanfeng/Desktop/STUDY/科研/基于 RGB-Thermal 双模态融合的光伏组件缺陷检测与热斑识别/平台系统_完整版/training_pipeline_v2/prepared/cell_anomaly/images/test/cell0442.png,test,0,1,1
/Users/heyanfeng/Desktop/STUDY/科研/基于 RGB-Thermal 双模态融合的光伏组件缺陷检测与热斑识别/平台系统_完整版/training_pipeline_v2/prepared/cell_anomaly/images/val/cell0030.png,val,0,1,1
/Users/heyanfeng/Desktop/STUDY/科研/基于 RGB-Thermal 双模态融合的光伏组件缺陷检测与热斑识别/平台系统_完整版/training_pipeline_v2/prepared/cell_anomaly/images/val/cell0421.png,val,0,1,1
/Users/heyanfeng/Desktop/STUDY/科研/基于 RGB-Thermal 双模态融合的光伏组件缺陷检测与热斑识别/平台系统_完整版/training_pipeline_v2/prepared/cell_anomaly/images/val/cell0395.png,val,0,1,1
/Users/heyanfeng/Desktop/STUDY/科研/基于 RGB-Thermal 双模态融合的光伏组件缺陷检测与热斑识别/平台系统_完整版/training_pipeline_v2/prepared/cell_anomaly/images/val/cell0454.png,val,0,1,1
/Users/heyanfeng/Desktop/STUDY/科研/基于 RGB-Thermal 双模态融合的光伏组件缺陷检测与热斑识别/平台系统_完整版/training_pipeline_v2/prepared/cell_anomaly/images/val/cell0524.png,val,0,1,1
/Users/heyanfeng/Desktop/STUDY/科研/基于 RGB-Thermal 双模态融合的光伏组件缺陷检测与热斑识别/平台系统_完整版/training_pipeline_v2/prepared/cell_anomaly/images/val/cell0408.png,val,0,1,1
/Users/heyanfeng/Desktop/STUDY/科研/基于 RGB-Thermal 双模态融合的光伏组件缺陷检测与热斑识别/平台系统_完整版/training_pipeline_v2/prepared/cell_anomaly/images/val/cell0488.png,val,0,1,1
/Users/heyanfeng/Desktop/STUDY/科研/基于 RGB-Thermal 双模态融合的光伏组件缺陷检测与热斑识别/平台系统_完整版/training_pipeline_v2/prepared/cell_anomaly/images/val/cell0046.png,val,0,1,1
/Users/heyanfeng/Desktop/STUDY/科研/基于 RGB-Thermal 双模态融合的光伏组件缺陷检测与热斑识别/平台系统_完整版/training_pipeline_v2/prepared/cell_anomaly/images/val/cell0450.png,val,0,1,1
/Users/heyanfeng/Desktop/STUDY/科研/基于 RGB-Thermal 双模态融合的光伏组件缺陷检测与热斑识别/平台系统_完整版/training_pipeline_v2/prepared/cell_anomaly/images/train/cell0527.png,train,0,1,1
/Users/heyanfeng/Desktop/STUDY/科研/基于 RGB-Thermal 双模态融合的光伏组件缺陷检测与热斑识别/平台系统_完整版/training_pipeline_v2/prepared/cell_anomaly/images/train/cell0536.png,train,0,1,1
/Users/heyanfeng/Desktop/STUDY/科研/基于 RGB-Thermal 双模态融合的光伏组件缺陷检测与热斑识别/平台系统_完整版/training_pipeline_v2/prepared/cell_anomaly/images/train/cell0040.png,train,0,1,1
/Users/heyanfeng/Desktop/STUDY/科研/基于 RGB-Thermal 双模态融合的光伏组件缺陷检测与热斑识别/平台系统_完整版/training_pipeline_v2/prepared/cell_anomaly/images/train/cell0396.png,train,0,1,1
/Users/heyanfeng/Desktop/STUDY/科研/基于 RGB-Thermal 双模态融合的光伏组件缺陷检测与热斑识别/平台系统_完整版/training_pipeline_v2/prepared/cell_anomaly/images/train/cell0402.png,train,0,1,1
/Users/heyanfeng/Desktop/STUDY/科研/基于 RGB-Thermal 双模态融合的光伏组件缺陷检测与热斑识别/平台系统_完整版/training_pipeline_v2/prepared/cell_anomaly/images/train/cell0044.png,train,0,1,1
/Users/heyanfeng/Desktop/STUDY/科研/基于 RGB-Thermal 双模态融合的光伏组件缺陷检测与热斑识别/平台系统_完整版/training_pipeline_v2/prepared/cell_anomaly/images/train/cell0523.png,train,0,1,1
/Users/heyanfeng/Desktop/STUDY/科研/基于 RGB-Thermal 双模态融合的光伏组件缺陷检测与热斑识别/平台系统_完整版/training_pipeline_v2/prepared/cell_anomaly/images/train/cell0466.png,train,0,1,1
/Users/heyanfeng/Desktop/STUDY/科研/基于 RGB-Thermal 双模态融合的光伏组件缺陷检测与热斑识别/平台系统_完整版/training_pipeline_v2/prepared/cell_anomaly/images/train/cell0441.png,train,0,1,1
/Users/heyanfeng/Desktop/STUDY/科研/基于 RGB-Thermal 双模态融合的光伏组件缺陷检测与热斑识别/平台系统_完整版/training_pipeline_v2/prepared/cell_anomaly/images/train/cell0379.png,train,0,1,1
/Users/heyanfeng/Desktop/STUDY/科研/基于 RGB-Thermal 双模态融合的光伏组件缺陷检测与热斑识别/平台系统_完整版/training_pipeline_v2/prepared/cell_anomaly/images/train/cell0400.png,train,0,1,1
/Users/heyanfeng/Desktop/STUDY/科研/基于 RGB-Thermal 双模态融合的光伏组件缺陷检测与热斑识别/平台系统_完整版/training_pipeline_v2/prepared/cell_anomaly/images/train/cell0383.png,train,0,1,1
/Users/heyanfeng/Desktop/STUDY/科研/基于 RGB-Thermal 双模态融合的光伏组件缺陷检测与热斑识别/平台系统_完整版/training_pipeline_v2/prepared/cell_anomaly/images/train/cell0439.png,train,0,1,1
/Users/heyanfeng/Desktop/STUDY/科研/基于 RGB-Thermal 双模态融合的光伏组件缺陷检测与热斑识别/平台系统_完整版/training_pipeline_v2/prepared/cell_anomaly/images/train/cell0380.png,train,0,1,1
/Users/heyanfeng/Desktop/STUDY/科研/基于 RGB-Thermal 双模态融合的光伏组件缺陷检测与热斑识别/平台系统_完整版/training_pipeline_v2/prepared/cell_anomaly/images/train/cell0451.png,train,0,1,1
/Users/heyanfeng/Desktop/STUDY/科研/基于 RGB-Thermal 双模态融合的光伏组件缺陷检测与热斑识别/平台系统_完整版/training_pipeline_v2/prepared/cell_anomaly/images/train/cell0372.png,train,0,1,1
/Users/heyanfeng/Desktop/STUDY/科研/基于 RGB-Thermal 双模态融合的光伏组件缺陷检测与热斑识别/平台系统_完整版/training_pipeline_v2/prepared/cell_anomaly/images/train/cell0443.png,train,0,1,1
/Users/heyanfeng/Desktop/STUDY/科研/基于 RGB-Thermal 双模态融合的光伏组件缺陷检测与热斑识别/平台系统_完整版/training_pipeline_v2/prepared/cell_anomaly/images/train/cell0472.png,train,0,1,1
/Users/heyanfeng/Desktop/STUDY/科研/基于 RGB-Thermal 双模态融合的光伏组件缺陷检测与热斑识别/平台系统_完整版/training_pipeline_v2/prepared/cell_anomaly/images/train/cell0520.png,train,0,1,1
/Users/heyanfeng/Desktop/STUDY/科研/基于 RGB-Thermal 双模态融合的光伏组件缺陷检测与热斑识别/平台系统_完整版/training_pipeline_v2/prepared/cell_anomaly/images/train/cell0469.png,train,0,1,1
/Users/heyanfeng/Desktop/STUDY/科研/基于 RGB-Thermal 双模态融合的光伏组件缺陷检测与热斑识别/平台系统_完整版/training_pipeline_v2/prepared/cell_anomaly/images/train/cell0528.png,train,0,1,1
/Users/heyanfeng/Desktop/STUDY/科研/基于 RGB-Thermal 双模态融合的光伏组件缺陷检测与热斑识别/平台系统_完整版/training_pipeline_v2/prepared/cell_anomaly/images/train/cell0492.png,train,0,1,1
/Users/heyanfeng/Desktop/STUDY/科研/基于 RGB-Thermal 双模态融合的光伏组件缺陷检测与热斑识别/平台系统_完整版/training_pipeline_v2/prepared/cell_anomaly/images/train/cell0499.png,train,0,1,1
/Users/heyanfeng/Desktop/STUDY/科研/基于 RGB-Thermal 双模态融合的光伏组件缺陷检测与热斑识别/平台系统_完整版/training_pipeline_v2/prepared/cell_anomaly/images/train/cell0438.png,train,0,1,1
/Users/heyanfeng/Desktop/STUDY/科研/基于 RGB-Thermal 双模态融合的光伏组件缺陷检测与热斑识别/平台系统_完整版/training_pipeline_v2/prepared/cell_anomaly/images/train/cell0410.png,train,0,1,1
/Users/heyanfeng/Desktop/STUDY/科研/基于 RGB-Thermal 双模态融合的光伏组件缺陷检测与热斑识别/平台系统_完整版/training_pipeline_v2/prepared/cell_anomaly/images/train/cell0529.png,train,0,1,1
/Users/heyanfeng/Desktop/STUDY/科研/基于 RGB-Thermal 双模态融合的光伏组件缺陷检测与热斑识别/平台系统_完整版/training_pipeline_v2/prepared/cell_anomaly/images/train/cell0496.png,train,0,1,1
/Users/heyanfeng/Desktop/STUDY/科研/基于 RGB-Thermal 双模态融合的光伏组件缺陷检测与热斑识别/平台系统_完整版/training_pipeline_v2/prepared/cell_anomaly/images/train/cell0490.png,train,0,1,1
/Users/heyanfeng/Desktop/STUDY/科研/基于 RGB-Thermal 双模态融合的光伏组件缺陷检测与热斑识别/平台系统_完整版/training_pipeline_v2/prepared/cell_anomaly/images/train/cell0505.png,train,0,1,1
/Users/heyanfeng/Desktop/STUDY/科研/基于 RGB-Thermal 双模态融合的光伏组件缺陷检测与热斑识别/平台系统_完整版/training_pipeline_v2/prepared/cell_anomaly/images/train/cell0430.png,train,0,1,1
/Users/heyanfeng/Desktop/STUDY/科研/基于 RGB-Thermal 双模态融合的光伏组件缺陷检测与热斑识别/平台系统_完整版/training_pipeline_v2/prepared/cell_anomaly/images/train/cell0455.png,train,0,1,1
/Users/heyanfeng/Desktop/STUDY/科研/基于 RGB-Thermal 双模态融合的光伏组件缺陷检测与热斑识别/平台系统_完整版/training_pipeline_v2/prepared/cell_anomaly/images/train/cell0038.png,train,0,1,1
/Users/heyanfeng/Desktop/STUDY/科研/基于 RGB-Thermal 双模态融合的光伏组件缺陷检测与热斑识别/平台系统_完整版/training_pipeline_v2/prepared/cell_anomaly/images/train/cell0494.png,train,0,1,1
/Users/heyanfeng/Desktop/STUDY/科研/基于 RGB-Thermal 双模态融合的光伏组件缺陷检测与热斑识别/平台系统_完整版/training_pipeline_v2/prepared/cell_anomaly/images/train/cell0444.png,train,0,1,1
/Users/heyanfeng/Desktop/STUDY/科研/基于 RGB-Thermal 双模态融合的光伏组件缺陷检测与热斑识别/平台系统_完整版/training_pipeline_v2/prepared/cell_anomaly/images/train/cell0401.png,train,0,1,1
/Users/heyanfeng/Desktop/STUDY/科研/基于 RGB-Thermal 双模态融合的光伏组件缺陷检测与热斑识别/平台系统_完整版/training_pipeline_v2/prepared/cell_anomaly/images/train/cell0376.png,train,0,1,1
/Users/heyanfeng/Desktop/STUDY/科研/基于 RGB-Thermal 双模态融合的光伏组件缺陷检测与热斑识别/平台系统_完整版/training_pipeline_v2/prepared/cell_anomaly/images/train/cell0385.png,train,0,1,1
/Users/heyanfeng/Desktop/STUDY/科研/基于 RGB-Thermal 双模态融合的光伏组件缺陷检测与热斑识别/平台系统_完整版/training_pipeline_v2/prepared/cell_anomaly/images/train/cell0501.png,train,0,1,1
/Users/heyanfeng/Desktop/STUDY/科研/基于 RGB-Thermal 双模态融合的光伏组件缺陷检测与热斑识别/平台系统_完整版/training_pipeline_v2/prepared/cell_anomaly/images/train/cell0525.png,train,0,1,1
/Users/heyanfeng/Desktop/STUDY/科研/基于 RGB-Thermal 双模态融合的光伏组件缺陷检测与热斑识别/平台系统_完整版/training_pipeline_v2/prepared/cell_anomaly/images/train/cell0473.png,train,0,1,1
/Users/heyanfeng/Desktop/STUDY/科研/基于 RGB-Thermal 双模态融合的光伏组件缺陷检测与热斑识别/平台系统_完整版/training_pipeline_v2/prepared/cell_anomaly/images/test/cell2279.png,test,1,0,0
/Users/heyanfeng/Desktop/STUDY/科研/基于 RGB-Thermal 双模态融合的光伏组件缺陷检测与热斑识别/平台系统_完整版/training_pipeline_v2/prepared/cell_anomaly/images/test/cell2126.png,test,1,0,0
/Users/heyanfeng/Desktop/STUDY/科研/基于 RGB-Thermal 双模态融合的光伏组件缺陷检测与热斑识别/平台系统_完整版/training_pipeline_v2/prepared/cell_anomaly/images/test/cell2082.png,test,1,0,0
/Users/heyanfeng/Desktop/STUDY/科研/基于 RGB-Thermal 双模态融合的光伏组件缺陷检测与热斑识别/平台系统_完整版/training_pipeline_v2/prepared/cell_anomaly/images/test/cell2013.png,test,1,0,0
/Users/heyanfeng/Desktop/STUDY/科研/基于 RGB-Thermal 双模态融合的光伏组件缺陷检测与热斑识别/平台系统_完整版/training_pipeline_v2/prepared/cell_anomaly/images/test/cell0237.png,test,1,0,0
/Users/heyanfeng/Desktop/STUDY/科研/基于 RGB-Thermal 双模态融合的光伏组件缺陷检测与热斑识别/平台系统_完整版/training_pipeline_v2/prepared/cell_anomaly/images/test/cell2280.png,test,1,0,0
/Users/heyanfeng/Desktop/STUDY/科研/基于 RGB-Thermal 双模态融合的光伏组件缺陷检测与热斑识别/平台系统_完整版/training_pipeline_v2/prepared/cell_anomaly/images/test/cell0175.png,test,1,0,0
/Users/heyanfeng/Desktop/STUDY/科研/基于 RGB-Thermal 双模态融合的光伏组件缺陷检测与热斑识别/平台系统_完整版/training_pipeline_v2/prepared/cell_anomaly/images/test/cell1919.png,test,1,0,0
/Users/heyanfeng/Desktop/STUDY/科研/基于 RGB-Thermal 双模态融合的光伏组件缺陷检测与热斑识别/平台系统_完整版/training_pipeline_v2/prepared/cell_anomaly/images/test/cell0149.png,test,1,0,0
/Users/heyanfeng/Desktop/STUDY/科研/基于 RGB-Thermal 双模态融合的光伏组件缺陷检测与热斑识别/平台系统_完整版/training_pipeline_v2/prepared/cell_anomaly/images/test/cell2574.png,test,1,0,0
/Users/heyanfeng/Desktop/STUDY/科研/基于 RGB-Thermal 双模态融合的光伏组件缺陷检测与热斑识别/平台系统_完整版/training_pipeline_v2/prepared/cell_anomaly/images/test/cell2113.png,test,1,0,0
/Users/heyanfeng/Desktop/STUDY/科研/基于 RGB-Thermal 双模态融合的光伏组件缺陷检测与热斑识别/平台系统_完整版/training_pipeline_v2/prepared/cell_anomaly/images/test/cell1952.png,test,1,0,0
/Users/heyanfeng/Desktop/STUDY/科研/基于 RGB-Thermal 双模态融合的光伏组件缺陷检测与热斑识别/平台系统_完整版/training_pipeline_v2/prepared/cell_anomaly/images/test/cell1971.png,test,1,0,0
/Users/heyanfeng/Desktop/STUDY/科研/基于 RGB-Thermal 双模态融合的光伏组件缺陷检测与热斑识别/平台系统_完整版/training_pipeline_v2/prepared/cell_anomaly/images/test/cell2264.png,test,1,0,0
/Users/heyanfeng/Desktop/STUDY/科研/基于 RGB-Thermal 双模态融合的光伏组件缺陷检测与热斑识别/平台系统_完整版/training_pipeline_v2/prepared/cell_anomaly/images/test/cell1907.png,test,1,0,0
/Users/heyanfeng/Desktop/STUDY/科研/基于 RGB-Thermal 双模态融合的光伏组件缺陷检测与热斑识别/平台系统_完整版/training_pipeline_v2/prepared/cell_anomaly/images/test/cell0647.png,test,1,0,0
/Users/heyanfeng/Desktop/STUDY/科研/基于 RGB-Thermal 双模态融合的光伏组件缺陷检测与热斑识别/平台系统_完整版/training_pipeline_v2/prepared/cell_anomaly/images/test/cell2222.png,test,1,0,0
/Users/heyanfeng/Desktop/STUDY/科研/基于 RGB-Thermal 双模态融合的光伏组件缺陷检测与热斑识别/平台系统_完整版/training_pipeline_v2/prepared/cell_anomaly/images/test/cell1838.png,test,1,0,0
/Users/heyanfeng/Desktop/STUDY/科研/基于 RGB-Thermal 双模态融合的光伏组件缺陷检测与热斑识别/平台系统_完整版/training_pipeline_v2/prepared/cell_anomaly/images/test/cell0552.png,test,1,0,0
/Users/heyanfeng/Desktop/STUDY/科研/基于 RGB-Thermal 双模态融合的光伏组件缺陷检测与热斑识别/平台系统_完整版/training_pipeline_v2/prepared/cell_anomaly/images/test/cell0179.png,test,1,0,0
/Users/heyanfeng/Desktop/STUDY/科研/基于 RGB-Thermal 双模态融合的光伏组件缺陷检测与热斑识别/平台系统_完整版/training_pipeline_v2/prepared/cell_anomaly/images/test/cell0358.png,test,1,0,0
/Users/heyanfeng/Desktop/STUDY/科研/基于 RGB-Thermal 双模态融合的光伏组件缺陷检测与热斑识别/平台系统_完整版/training_pipeline_v2/prepared/cell_anomaly/images/test/cell1682.png,test,1,0,0
/Users/heyanfeng/Desktop/STUDY/科研/基于 RGB-Thermal 双模态融合的光伏组件缺陷检测与热斑识别/平台系统_完整版/training_pipeline_v2/prepared/cell_anomaly/images/test/cell2075.png,test,1,0,0
/Users/heyanfeng/Desktop/STUDY/科研/基于 RGB-Thermal 双模态融合的光伏组件缺陷检测与热斑识别/平台系统_完整版/training_pipeline_v2/prepared/cell_anomaly/images/test/cell0560.png,test,1,0,0
/Users/heyanfeng/Desktop/STUDY/科研/基于 RGB-Thermal 双模态融合的光伏组件缺陷检测与热斑识别/平台系统_完整版/training_pipeline_v2/prepared/cell_anomaly/images/test/cell2573.png,test,1,0,0
/Users/heyanfeng/Desktop/STUDY/科研/基于 RGB-Thermal 双模态融合的光伏组件缺陷检测与热斑识别/平台系统_完整版/training_pipeline_v2/prepared/cell_anomaly/images/test/cell1892.png,test,1,0,0
/Users/heyanfeng/Desktop/STUDY/科研/基于 RGB-Thermal 双模态融合的光伏组件缺陷检测与热斑识别/平台系统_完整版/training_pipeline_v2/prepared/cell_anomaly/images/test/cell0813.png,test,1,0,0
/Users/heyanfeng/Desktop/STUDY/科研/基于 RGB-Thermal 双模态融合的光伏组件缺陷检测与热斑识别/平台系统_完整版/training_pipeline_v2/prepared/cell_anomaly/images/test/cell1664.png,test,1,0,0
/Users/heyanfeng/Desktop/STUDY/科研/基于 RGB-Thermal 双模态融合的光伏组件缺陷检测与热斑识别/平台系统_完整版/training_pipeline_v2/prepared/cell_anomaly/images/test/cell0356.png,test,1,0,0
/Users/heyanfeng/Desktop/STUDY/科研/基于 RGB-Thermal 双模态融合的光伏组件缺陷检测与热斑识别/平台系统_完整版/training_pipeline_v2/prepared/cell_anomaly/images/test/cell0706.png,test,1,0,0
/Users/heyanfeng/Desktop/STUDY/科研/基于 RGB-Thermal 双模态融合的光伏组件缺陷检测与热斑识别/平台系统_完整版/training_pipeline_v2/prepared/cell_anomaly/images/test/cell2372.png,test,1,0,0
/Users/heyanfeng/Desktop/STUDY/科研/基于 RGB-Thermal 双模态融合的光伏组件缺陷检测与热斑识别/平台系统_完整版/training_pipeline_v2/prepared/cell_anomaly/images/test/cell2217.png,test,1,0,0
/Users/heyanfeng/Desktop/STUDY/科研/基于 RGB-Thermal 双模态融合的光伏组件缺陷检测与热斑识别/平台系统_完整版/training_pipeline_v2/prepared/cell_anomaly/images/test/cell2255.png,test,1,0,0
/Users/heyanfeng/Desktop/STUDY/科研/基于 RGB-Thermal 双模态融合的光伏组件缺陷检测与热斑识别/平台系统_完整版/training_pipeline_v2/prepared/cell_anomaly/images/test/cell0079.png,test,1,0,0
/Users/heyanfeng/Desktop/STUDY/科研/基于 RGB-Thermal 双模态融合的光伏组件缺陷检测与热斑识别/平台系统_完整版/training_pipeline_v2/prepared/cell_anomaly/images/test/cell1904.png,test,1,0,0
/Users/heyanfeng/Desktop/STUDY/科研/基于 RGB-Thermal 双模态融合的光伏组件缺陷检测与热斑识别/平台系统_完整版/training_pipeline_v2/prepared/cell_anomaly/images/test/cell0191.png,test,1,0,0
/Users/heyanfeng/Desktop/STUDY/科研/基于 RGB-Thermal 双模态融合的光伏组件缺陷检测与热斑识别/平台系统_完整版/training_pipeline_v2/prepared/cell_anomaly/images/test/cell2558.png,test,1,0,0
/Users/heyanfeng/Desktop/STUDY/科研/基于 RGB-Thermal 双模态融合的光伏组件缺陷检测与热斑识别/平台系统_完整版/training_pipeline_v2/prepared/cell_anomaly/images/test/cell1785.png,test,1,0,0
/Users/heyanfeng/Desktop/STUDY/科研/基于 RGB-Thermal 双模态融合的光伏组件缺陷检测与热斑识别/平台系统_完整版/training_pipeline_v2/prepared/cell_anomaly/images/test/cell1770.png,test,1,0,0
/Users/heyanfeng/Desktop/STUDY/科研/基于 RGB-Thermal 双模态融合的光伏组件缺陷检测与热斑识别/平台系统_完整版/training_pipeline_v2/prepared/cell_anomaly/images/test/cell2018.png,test,1,0,0
/Users/heyanfeng/Desktop/STUDY/科研/基于 RGB-Thermal 双模态融合的光伏组件缺陷检测与热斑识别/平台系统_完整版/training_pipeline_v2/prepared/cell_anomaly/images/test/cell2386.png,test,1,0,0
/Users/heyanfeng/Desktop/STUDY/科研/基于 RGB-Thermal 双模态融合的光伏组件缺陷检测与热斑识别/平台系统_完整版/training_pipeline_v2/prepared/cell_anomaly/images/test/cell1757.png,test,1,0,0
/Users/heyanfeng/Desktop/STUDY/科研/基于 RGB-Thermal 双模态融合的光伏组件缺陷检测与热斑识别/平台系统_完整版/training_pipeline_v2/prepared/cell_anomaly/images/test/cell1912.png,test,1,0,0
/Users/heyanfeng/Desktop/STUDY/科研/基于 RGB-Thermal 双模态融合的光伏组件缺陷检测与热斑识别/平台系统_完整版/training_pipeline_v2/prepared/cell_anomaly/images/test/cell0326.png,test,1,0,0
/Users/heyanfeng/Desktop/STUDY/科研/基于 RGB-Thermal 双模态融合的光伏组件缺陷检测与热斑识别/平台系统_完整版/training_pipeline_v2/prepared/cell_anomaly/images/test/cell0669.png,test,1,0,0
/Users/heyanfeng/Desktop/STUDY/科研/基于 RGB-Thermal 双模态融合的光伏组件缺陷检测与热斑识别/平台系统_完整版/training_pipeline_v2/prepared/cell_anomaly/images/test/cell1779.png,test,1,0,0
/Users/heyanfeng/Desktop/STUDY/科研/基于 RGB-Thermal 双模态融合的光伏组件缺陷检测与热斑识别/平台系统_完整版/training_pipeline_v2/prepared/cell_anomaly/images/test/cell0763.png,test,1,0,0
/Users/heyanfeng/Desktop/STUDY/科研/基于 RGB-Thermal 双模态融合的光伏组件缺陷检测与热斑识别/平台系统_完整版/training_pipeline_v2/prepared/cell_anomaly/images/test/cell2225.png,test,1,0,0
/Users/heyanfeng/Desktop/STUDY/科研/基于 RGB-Thermal 双模态融合的光伏组件缺陷检测与热斑识别/平台系统_完整版/training_pipeline_v2/prepared/cell_anomaly/images/test/cell0629.png,test,1,0,0
/Users/heyanfeng/Desktop/STUDY/科研/基于 RGB-Thermal 双模态融合的光伏组件缺陷检测与热斑识别/平台系统_完整版/training_pipeline_v2/prepared/cell_anomaly/images/test/cell2218.png,test,1,0,0
/Users/heyanfeng/Desktop/STUDY/科研/基于 RGB-Thermal 双模态融合的光伏组件缺陷检测与热斑识别/平台系统_完整版/training_pipeline_v2/prepared/cell_anomaly/images/test/cell1958.png,test,1,0,0
/Users/heyanfeng/Desktop/STUDY/科研/基于 RGB-Thermal 双模态融合的光伏组件缺陷检测与热斑识别/平台系统_完整版/training_pipeline_v2/prepared/cell_anomaly/images/test/cell2235.png,test,1,0,0
/Users/heyanfeng/Desktop/STUDY/科研/基于 RGB-Thermal 双模态融合的光伏组件缺陷检测与热斑识别/平台系统_完整版/training_pipeline_v2/prepared/cell_anomaly/images/test/cell2371.png,test,1,0,0
/Users/heyanfeng/Desktop/STUDY/科研/基于 RGB-Thermal 双模态融合的光伏组件缺陷检测与热斑识别/平台系统_完整版/training_pipeline_v2/prepared/cell_anomaly/images/test/cell0069.png,test,1,0,0
/Users/heyanfeng/Desktop/STUDY/科研/基于 RGB-Thermal 双模态融合的光伏组件缺陷检测与热斑识别/平台系统_完整版/training_pipeline_v2/prepared/cell_anomaly/images/test/cell2617.png,test,1,0,0
/Users/heyanfeng/Desktop/STUDY/科研/基于 RGB-Thermal 双模态融合的光伏组件缺陷检测与热斑识别/平台系统_完整版/training_pipeline_v2/prepared/cell_anomaly/images/test/cell2252.png,test,1,0,0
/Users/heyanfeng/Desktop/STUDY/科研/基于 RGB-Thermal 双模态融合的光伏组件缺陷检测与热斑识别/平台系统_完整版/training_pipeline_v2/prepared/cell_anomaly/images/test/cell2356.png,test,1,0,0
/Users/heyanfeng/Desktop/STUDY/科研/基于 RGB-Thermal 双模态融合的光伏组件缺陷检测与热斑识别/平台系统_完整版/training_pipeline_v2/prepared/cell_anomaly/images/test/cell0182.png,test,1,0,0
/Users/heyanfeng/Desktop/STUDY/科研/基于 RGB-Thermal 双模态融合的光伏组件缺陷检测与热斑识别/平台系统_完整版/training_pipeline_v2/prepared/cell_anomaly/images/test/cell1986.png,test,1,0,0
/Users/heyanfeng/Desktop/STUDY/科研/基于 RGB-Thermal 双模态融合的光伏组件缺陷检测与热斑识别/平台系统_完整版/training_pipeline_v2/prepared/cell_anomaly/images/test/cell2029.png,test,1,0,0
/Users/heyanfeng/Desktop/STUDY/科研/基于 RGB-Thermal 双模态融合的光伏组件缺陷检测与热斑识别/平台系统_完整版/training_pipeline_v2/prepared/cell_anomaly/images/test/cell2104.png,test,1,0,0
/Users/heyanfeng/Desktop/STUDY/科研/基于 RGB-Thermal 双模态融合的光伏组件缺陷检测与热斑识别/平台系统_完整版/training_pipeline_v2/prepared/cell_anomaly/images/test/cell0825.png,test,1,0,0
/Users/heyanfeng/Desktop/STUDY/科研/基于 RGB-Thermal 双模态融合的光伏组件缺陷检测与热斑识别/平台系统_完整版/training_pipeline_v2/prepared/cell_anomaly/images/test/cell0589.png,test,1,0,0
/Users/heyanfeng/Desktop/STUDY/科研/基于 RGB-Thermal 双模态融合的光伏组件缺陷检测与热斑识别/平台系统_完整版/training_pipeline_v2/prepared/cell_anomaly/images/test/cell1689.png,test,1,0,0
/Users/heyanfeng/Desktop/STUDY/科研/基于 RGB-Thermal 双模态融合的光伏组件缺陷检测与热斑识别/平台系统_完整版/training_pipeline_v2/prepared/cell_anomaly/images/test/cell1926.png,test,1,0,0
/Users/heyanfeng/Desktop/STUDY/科研/基于 RGB-Thermal 双模态融合的光伏组件缺陷检测与热斑识别/平台系统_完整版/training_pipeline_v2/prepared/cell_anomaly/images/test/cell1837.png,test,1,0,0
/Users/heyanfeng/Desktop/STUDY/科研/基于 RGB-Thermal 双模态融合的光伏组件缺陷检测与热斑识别/平台系统_完整版/training_pipeline_v2/prepared/cell_anomaly/images/test/cell2332.png,test,1,0,0
/Users/heyanfeng/Desktop/STUDY/科研/基于 RGB-Thermal 双模态融合的光伏组件缺陷检测与热斑识别/平台系统_完整版/training_pipeline_v2/prepared/cell_anomaly/images/test/cell2290.png,test,1,0,0
/Users/heyanfeng/Desktop/STUDY/科研/基于 RGB-Thermal 双模态融合的光伏组件缺陷检测与热斑识别/平台系统_完整版/training_pipeline_v2/prepared/cell_anomaly/images/test/cell1967.png,test,1,0,0
/Users/heyanfeng/Desktop/STUDY/科研/基于 RGB-Thermal 双模态融合的光伏组件缺陷检测与热斑识别/平台系统_完整版/training_pipeline_v2/prepared/cell_anomaly/images/test/cell1896.png,test,1,0,0
/Users/heyanfeng/Desktop/STUDY/科研/基于 RGB-Thermal 双模态融合的光伏组件缺陷检测与热斑识别/平台系统_完整版/training_pipeline_v2/prepared/cell_anomaly/images/test/cell2025.png,test,1,0,0
/Users/heyanfeng/Desktop/STUDY/科研/基于 RGB-Thermal 双模态融合的光伏组件缺陷检测与热斑识别/平台系统_完整版/training_pipeline_v2/prepared/cell_anomaly/images/test/cell2048.png,test,1,0,0
/Users/heyanfeng/Desktop/STUDY/科研/基于 RGB-Thermal 双模态融合的光伏组件缺陷检测与热斑识别/平台系统_完整版/training_pipeline_v2/prepared/cell_anomaly/images/test/cell0771.png,test,1,0,0
/Users/heyanfeng/Desktop/STUDY/科研/基于 RGB-Thermal 双模态融合的光伏组件缺陷检测与热斑识别/平台系统_完整版/training_pipeline_v2/prepared/cell_anomaly/images/test/cell0543.png,test,1,0,0
/Users/heyanfeng/Desktop/STUDY/科研/基于 RGB-Thermal 双模态融合的光伏组件缺陷检测与热斑识别/平台系统_完整版/training_pipeline_v2/prepared/cell_anomaly/images/test/cell1845.png,test,1,0,0
/Users/heyanfeng/Desktop/STUDY/科研/基于 RGB-Thermal 双模态融合的光伏组件缺陷检测与热斑识别/平台系统_完整版/training_pipeline_v2/prepared/cell_anomaly/images/test/cell0681.png,test,1,0,0
/Users/heyanfeng/Desktop/STUDY/科研/基于 RGB-Thermal 双模态融合的光伏组件缺陷检测与热斑识别/平台系统_完整版/training_pipeline_v2/prepared/cell_anomaly/images/test/cell2567.png,test,1,0,0
/Users/heyanfeng/Desktop/STUDY/科研/基于 RGB-Thermal 双模态融合的光伏组件缺陷检测与热斑识别/平台系统_完整版/training_pipeline_v2/prepared/cell_anomaly/images/test/cell1844.png,test,1,0,0
/Users/heyanfeng/Desktop/STUDY/科研/基于 RGB-Thermal 双模态融合的光伏组件缺陷检测与热斑识别/平台系统_完整版/training_pipeline_v2/prepared/cell_anomaly/images/test/cell2131.png,test,1,0,0
/Users/heyanfeng/Desktop/STUDY/科研/基于 RGB-Thermal 双模态融合的光伏组件缺陷检测与热斑识别/平台系统_完整版/training_pipeline_v2/prepared/cell_anomaly/images/test/cell0318.png,test,1,0,0
/Users/heyanfeng/Desktop/STUDY/科研/基于 RGB-Thermal 双模态融合的光伏组件缺陷检测与热斑识别/平台系统_完整版/training_pipeline_v2/prepared/cell_anomaly/images/test/cell0591.png,test,1,0,0
/Users/heyanfeng/Desktop/STUDY/科研/基于 RGB-Thermal 双模态融合的光伏组件缺陷检测与热斑识别/平台系统_完整版/training_pipeline_v2/prepared/cell_anomaly/images/test/cell1843.png,test,1,0,0
/Users/heyanfeng/Desktop/STUDY/科研/基于 RGB-Thermal 双模态融合的光伏组件缺陷检测与热斑识别/平台系统_完整版/training_pipeline_v2/prepared/cell_anomaly/images/test/cell1947.png,test,1,0,0
/Users/heyanfeng/Desktop/STUDY/科研/基于 RGB-Thermal 双模态融合的光伏组件缺陷检测与热斑识别/平台系统_完整版/training_pipeline_v2/prepared/cell_anomaly/images/test/cell2347.png,test,1,0,0
/Users/heyanfeng/Desktop/STUDY/科研/基于 RGB-Thermal 双模态融合的光伏组件缺陷检测与热斑识别/平台系统_完整版/training_pipeline_v2/prepared/cell_anomaly/images/test/cell2352.png,test,1,0,0
/Users/heyanfeng/Desktop/STUDY/科研/基于 RGB-Thermal 双模态融合的光伏组件缺陷检测与热斑识别/平台系统_完整版/training_pipeline_v2/prepared/cell_anomaly/images/test/cell1966.png,test,1,0,0
/Users/heyanfeng/Desktop/STUDY/科研/基于 RGB-Thermal 双模态融合的光伏组件缺陷检测与热斑识别/平台系统_完整版/training_pipeline_v2/prepared/cell_anomaly/images/test/cell2098.png,test,1,0,0
/Users/heyanfeng/Desktop/STUDY/科研/基于 RGB-Thermal 双模态融合的光伏组件缺陷检测与热斑识别/平台系统_完整版/training_pipeline_v2/prepared/cell_anomaly/images/test/cell0127.png,test,1,0,0
/Users/heyanfeng/Desktop/STUDY/科研/基于 RGB-Thermal 双模态融合的光伏组件缺陷检测与热斑识别/平台系统_完整版/training_pipeline_v2/prepared/cell_anomaly/images/test/cell2079.png,test,1,0,0
/Users/heyanfeng/Desktop/STUDY/科研/基于 RGB-Thermal 双模态融合的光伏组件缺陷检测与热斑识别/平台系统_完整版/training_pipeline_v2/prepared/cell_anomaly/images/test/cell2228.png,test,1,0,0
/Users/heyanfeng/Desktop/STUDY/科研/基于 RGB-Thermal 双模态融合的光伏组件缺陷检测与热斑识别/平台系统_完整版/training_pipeline_v2/prepared/cell_anomaly/images/test/cell2592.png,test,1,0,0
/Users/heyanfeng/Desktop/STUDY/科研/基于 RGB-Thermal 双模态融合的光伏组件缺陷检测与热斑识别/平台系统_完整版/training_pipeline_v2/prepared/cell_anomaly/images/test/cell0585.png,test,1,0,0
/Users/heyanfeng/Desktop/STUDY/科研/基于 RGB-Thermal 双模态融合的光伏组件缺陷检测与热斑识别/平台系统_完整版/training_pipeline_v2/prepared/cell_anomaly/images/test/cell2271.png,test,1,0,0
/Users/heyanfeng/Desktop/STUDY/科研/基于 RGB-Thermal 双模态融合的光伏组件缺陷检测与热斑识别/平台系统_完整版/training_pipeline_v2/prepared/cell_anomaly/images/test/cell2349.png,test,1,0,0
/Users/heyanfeng/Desktop/STUDY/科研/基于 RGB-Thermal 双模态融合的光伏组件缺陷检测与热斑识别/平台系统_完整版/training_pipeline_v2/prepared/cell_anomaly/images/test/cell1791.png,test,1,0,0
/Users/heyanfeng/Desktop/STUDY/科研/基于 RGB-Thermal 双模态融合的光伏组件缺陷检测与热斑识别/平台系统_完整版/training_pipeline_v2/prepared/cell_anomaly/images/test/cell0676.png,test,1,0,0
/Users/heyanfeng/Desktop/STUDY/科研/基于 RGB-Thermal 双模态融合的光伏组件缺陷检测与热斑识别/平台系统_完整版/training_pipeline_v2/prepared/cell_anomaly/images/test/cell0116.png,test,1,0,0
/Users/heyanfeng/Desktop/STUDY/科研/基于 RGB-Thermal 双模态融合的光伏组件缺陷检测与热斑识别/平台系统_完整版/training_pipeline_v2/prepared/cell_anomaly/images/test/cell2481.png,test,1,0,0
/Users/heyanfeng/Desktop/STUDY/科研/基于 RGB-Thermal 双模态融合的光伏组件缺陷检测与热斑识别/平台系统_完整版/training_pipeline_v2/prepared/cell_anomaly/images/test/cell1930.png,test,1,0,0
/Users/heyanfeng/Desktop/STUDY/科研/基于 RGB-Thermal 双模态融合的光伏组件缺陷检测与热斑识别/平台系统_完整版/training_pipeline_v2/prepared/cell_anomaly/images/test/cell0222.png,test,1,0,0
/Users/heyanfeng/Desktop/STUDY/科研/基于 RGB-Thermal 双模态融合的光伏组件缺陷检测与热斑识别/平台系统_完整版/training_pipeline_v2/prepared/cell_anomaly/images/test/cell0338.png,test,1,0,0
/Users/heyanfeng/Desktop/STUDY/科研/基于 RGB-Thermal 双模态融合的光伏组件缺陷检测与热斑识别/平台系统_完整版/training_pipeline_v2/prepared/cell_anomaly/images/test/cell0648.png,test,1,0,0
/Users/heyanfeng/Desktop/STUDY/科研/基于 RGB-Thermal 双模态融合的光伏组件缺陷检测与热斑识别/平台系统_完整版/training_pipeline_v2/prepared/cell_anomaly/images/test/cell2364.png,test,1,0,0
/Users/heyanfeng/Desktop/STUDY/科研/基于 RGB-Thermal 双模态融合的光伏组件缺陷检测与热斑识别/平台系统_完整版/training_pipeline_v2/prepared/cell_anomaly/images/test/cell2065.png,test,1,0,0
/Users/heyanfeng/Desktop/STUDY/科研/基于 RGB-Thermal 双模态融合的光伏组件缺陷检测与热斑识别/平台系统_完整版/training_pipeline_v2/prepared/cell_anomaly/images/test/cell1965.png,test,1,0,0
/Users/heyanfeng/Desktop/STUDY/科研/基于 RGB-Thermal 双模态融合的光伏组件缺陷检测与热斑识别/平台系统_完整版/training_pipeline_v2/prepared/cell_anomaly/images/test/cell2530.png,test,1,0,0
/Users/heyanfeng/Desktop/STUDY/科研/基于 RGB-Thermal 双模态融合的光伏组件缺陷检测与热斑识别/平台系统_完整版/training_pipeline_v2/prepared/cell_anomaly/images/test/cell2622.png,test,1,0,0
/Users/heyanfeng/Desktop/STUDY/科研/基于 RGB-Thermal 双模态融合的光伏组件缺陷检测与热斑识别/平台系统_完整版/training_pipeline_v2/prepared/cell_anomaly/images/test/cell0565.png,test,1,0,0
/Users/heyanfeng/Desktop/STUDY/科研/基于 RGB-Thermal 双模态融合的光伏组件缺陷检测与热斑识别/平台系统_完整版/training_pipeline_v2/prepared/cell_anomaly/images/test/cell2135.png,test,1,0,0
/Users/heyanfeng/Desktop/STUDY/科研/基于 RGB-Thermal 双模态融合的光伏组件缺陷检测与热斑识别/平台系统_完整版/training_pipeline_v2/prepared/cell_anomaly/images/test/cell2268.png,test,1,0,0
/Users/heyanfeng/Desktop/STUDY/科研/基于 RGB-Thermal 双模态融合的光伏组件缺陷检测与热斑识别/平台系统_完整版/training_pipeline_v2/prepared/cell_anomaly/images/test/cell2375.png,test,1,0,0
/Users/heyanfeng/Desktop/STUDY/科研/基于 RGB-Thermal 双模态融合的光伏组件缺陷检测与热斑识别/平台系统_完整版/training_pipeline_v2/prepared/cell_anomaly/images/test/cell1769.png,test,1,0,0
/Users/heyanfeng/Desktop/STUDY/科研/基于 RGB-Thermal 双模态融合的光伏组件缺陷检测与热斑识别/平台系统_完整版/training_pipeline_v2/prepared/cell_anomaly/images/test/cell2277.png,test,1,0,0
/Users/heyanfeng/Desktop/STUDY/科研/基于 RGB-Thermal 双模态融合的光伏组件缺陷检测与热斑识别/平台系统_完整版/training_pipeline_v2/prepared/cell_anomaly/images/test/cell2046.png,test,1,0,0
/Users/heyanfeng/Desktop/STUDY/科研/基于 RGB-Thermal 双模态融合的光伏组件缺陷检测与热斑识别/平台系统_完整版/training_pipeline_v2/prepared/cell_anomaly/images/test/cell0596.png,test,1,0,0
/Users/heyanfeng/Desktop/STUDY/科研/基于 RGB-Thermal 双模态融合的光伏组件缺陷检测与热斑识别/平台系统_完整版/training_pipeline_v2/prepared/cell_anomaly/images/test/cell1881.png,test,1,0,0
/Users/heyanfeng/Desktop/STUDY/科研/基于 RGB-Thermal 双模态融合的光伏组件缺陷检测与热斑识别/平台系统_完整版/training_pipeline_v2/prepared/cell_anomaly/images/test/cell2063.png,test,1,0,0
/Users/heyanfeng/Desktop/STUDY/科研/基于 RGB-Thermal 双模态融合的光伏组件缺陷检测与热斑识别/平台系统_完整版/training_pipeline_v2/prepared/cell_anomaly/images/test/cell2039.png,test,1,0,0
/Users/heyanfeng/Desktop/STUDY/科研/基于 RGB-Thermal 双模态融合的光伏组件缺陷检测与热斑识别/平台系统_完整版/training_pipeline_v2/prepared/cell_anomaly/images/test/cell2106.png,test,1,0,0
/Users/heyanfeng/Desktop/STUDY/科研/基于 RGB-Thermal 双模态融合的光伏组件缺陷检测与热斑识别/平台系统_完整版/training_pipeline_v2/prepared/cell_anomaly/images/test/cell1763.png,test,1,0,0
/Users/heyanfeng/Desktop/STUDY/科研/基于 RGB-Thermal 双模态融合的光伏组件缺陷检测与热斑识别/平台系统_完整版/training_pipeline_v2/prepared/cell_anomaly/images/test/cell0807.png,test,1,0,0
/Users/heyanfeng/Desktop/STUDY/科研/基于 RGB-Thermal 双模态融合的光伏组件缺陷检测与热斑识别/平台系统_完整版/training_pipeline_v2/prepared/cell_anomaly/images/test/cell0872.png,test,1,0,0
/Users/heyanfeng/Desktop/STUDY/科研/基于 RGB-Thermal 双模态融合的光伏组件缺陷检测与热斑识别/平台系统_完整版/training_pipeline_v2/prepared/cell_anomaly/images/test/cell1724.png,test,1,0,0
/Users/heyanfeng/Desktop/STUDY/科研/基于 RGB-Thermal 双模态融合的光伏组件缺陷检测与热斑识别/平台系统_完整版/training_pipeline_v2/prepared/cell_anomaly/images/test/cell1928.png,test,1,0,0
/Users/heyanfeng/Desktop/STUDY/科研/基于 RGB-Thermal 双模态融合的光伏组件缺陷检测与热斑识别/平台系统_完整版/training_pipeline_v2/prepared/cell_anomaly/images/test/cell1898.png,test,1,0,0
/Users/heyanfeng/Desktop/STUDY/科研/基于 RGB-Thermal 双模态融合的光伏组件缺陷检测与热斑识别/平台系统_完整版/training_pipeline_v2/prepared/cell_anomaly/images/test/cell2119.png,test,1,0,0
/Users/heyanfeng/Desktop/STUDY/科研/基于 RGB-Thermal 双模态融合的光伏组件缺陷检测与热斑识别/平台系统_完整版/training_pipeline_v2/prepared/cell_anomaly/images/test/cell1893.png,test,1,0,0
/Users/heyanfeng/Desktop/STUDY/科研/基于 RGB-Thermal 双模态融合的光伏组件缺陷检测与热斑识别/平台系统_完整版/training_pipeline_v2/prepared/cell_anomaly/images/test/cell2562.png,test,1,0,0
/Users/heyanfeng/Desktop/STUDY/科研/基于 RGB-Thermal 双模态融合的光伏组件缺陷检测与热斑识别/平台系统_完整版/training_pipeline_v2/prepared/cell_anomaly/images/test/cell1948.png,test,1,0,0
/Users/heyanfeng/Desktop/STUDY/科研/基于 RGB-Thermal 双模态融合的光伏组件缺陷检测与热斑识别/平台系统_完整版/training_pipeline_v2/prepared/cell_anomaly/images/test/cell0812.png,test,1,0,0
/Users/heyanfeng/Desktop/STUDY/科研/基于 RGB-Thermal 双模态融合的光伏组件缺陷检测与热斑识别/平台系统_完整版/training_pipeline_v2/prepared/cell_anomaly/images/test/cell1921.png,test,1,0,0
/Users/heyanfeng/Desktop/STUDY/科研/基于 RGB-Thermal 双模态融合的光伏组件缺陷检测与热斑识别/平台系统_完整版/training_pipeline_v2/prepared/cell_anomaly/images/test/cell1887.png,test,1,0,0
/Users/heyanfeng/Desktop/STUDY/科研/基于 RGB-Thermal 双模态融合的光伏组件缺陷检测与热斑识别/平台系统_完整版/training_pipeline_v2/prepared/cell_anomaly/images/test/cell1959.png,test,1,0,0
/Users/heyanfeng/Desktop/STUDY/科研/基于 RGB-Thermal 双模态融合的光伏组件缺陷检测与热斑识别/平台系统_完整版/training_pipeline_v2/prepared/cell_anomaly/images/test/cell0833.png,test,1,0,0
/Users/heyanfeng/Desktop/STUDY/科研/基于 RGB-Thermal 双模态融合的光伏组件缺陷检测与热斑识别/平台系统_完整版/training_pipeline_v2/prepared/cell_anomaly/images/test/cell0157.png,test,1,0,0
/Users/heyanfeng/Desktop/STUDY/科研/基于 RGB-Thermal 双模态融合的光伏组件缺陷检测与热斑识别/平台系统_完整版/training_pipeline_v2/prepared/cell_anomaly/images/test/cell0575.png,test,1,0,0
/Users/heyanfeng/Desktop/STUDY/科研/基于 RGB-Thermal 双模态融合的光伏组件缺陷检测与热斑识别/平台系统_完整版/training_pipeline_v2/prepared/cell_anomaly/images/test/cell1860.png,test,1,0,0
/Users/heyanfeng/Desktop/STUDY/科研/基于 RGB-Thermal 双模态融合的光伏组件缺陷检测与热斑识别/平台系统_完整版/training_pipeline_v2/prepared/cell_anomaly/images/test/cell2229.png,test,1,0,0
/Users/heyanfeng/Desktop/STUDY/科研/基于 RGB-Thermal 双模态融合的光伏组件缺陷检测与热斑识别/平台系统_完整版/training_pipeline_v2/prepared/cell_anomaly/images/val/cell1617.png,val,1,0,0
/Users/heyanfeng/Desktop/STUDY/科研/基于 RGB-Thermal 双模态融合的光伏组件缺陷检测与热斑识别/平台系统_完整版/training_pipeline_v2/prepared/cell_anomaly/images/val/cell0840.png,val,1,0,0
/Users/heyanfeng/Desktop/STUDY/科研/基于 RGB-Thermal 双模态融合的光伏组件缺陷检测与热斑识别/平台系统_完整版/training_pipeline_v2/prepared/cell_anomaly/images/val/cell2078.png,val,1,0,0
/Users/heyanfeng/Desktop/STUDY/科研/基于 RGB-Thermal 双模态融合的光伏组件缺陷检测与热斑识别/平台系统_完整版/training_pipeline_v2/prepared/cell_anomaly/images/val/cell0641.png,val,1,0,0
/Users/heyanfeng/Desktop/STUDY/科研/基于 RGB-Thermal 双模态融合的光伏组件缺陷检测与热斑识别/平台系统_完整版/training_pipeline_v2/prepared/cell_anomaly/images/val/cell2485.png,val,1,0,0
/Users/heyanfeng/Desktop/STUDY/科研/基于 RGB-Thermal 双模态融合的光伏组件缺陷检测与热斑识别/平台系统_完整版/training_pipeline_v2/prepared/cell_anomaly/images/val/cell0184.png,val,1,0,0
/Users/heyanfeng/Desktop/STUDY/科研/基于 RGB-Thermal 双模态融合的光伏组件缺陷检测与热斑识别/平台系统_完整版/training_pipeline_v2/prepared/cell_anomaly/images/val/cell1935.png,val,1,0,0
/Users/heyanfeng/Desktop/STUDY/科研/基于 RGB-Thermal 双模态融合的光伏组件缺陷检测与热斑识别/平台系统_完整版/training_pipeline_v2/prepared/cell_anomaly/images/val/cell1733.png,val,1,0,0
/Users/heyanfeng/Desktop/STUDY/科研/基于 RGB-Thermal 双模态融合的光伏组件缺陷检测与热斑识别/平台系统_完整版/training_pipeline_v2/prepared/cell_anomaly/images/val/cell1800.png,val,1,0,0
/Users/heyanfeng/Desktop/STUDY/科研/基于 RGB-Thermal 双模态融合的光伏组件缺陷检测与热斑识别/平台系统_完整版/training_pipeline_v2/prepared/cell_anomaly/images/val/cell2133.png,val,1,0,0
/Users/heyanfeng/Desktop/STUDY/科研/基于 RGB-Thermal 双模态融合的光伏组件缺陷检测与热斑识别/平台系统_完整版/training_pipeline_v2/prepared/cell_anomaly/images/val/cell1836.png,val,1,0,0
/Users/heyanfeng/Desktop/STUDY/科研/基于 RGB-Thermal 双模态融合的光伏组件缺陷检测与热斑识别/平台系统_完整版/training_pipeline_v2/prepared/cell_anomaly/images/val/cell0198.png,val,1,0,0
/Users/heyanfeng/Desktop/STUDY/科研/基于 RGB-Thermal 双模态融合的光伏组件缺陷检测与热斑识别/平台系统_完整版/training_pipeline_v2/prepared/cell_anomaly/images/val/cell0074.png,val,1,0,0
/Users/heyanfeng/Desktop/STUDY/科研/基于 RGB-Thermal 双模态融合的光伏组件缺陷检测与热斑识别/平台系统_完整版/training_pipeline_v2/prepared/cell_anomaly/images/val/cell2513.png,val,1,0,0
/Users/heyanfeng/Desktop/STUDY/科研/基于 RGB-Thermal 双模态融合的光伏组件缺陷检测与热斑识别/平台系统_完整版/training_pipeline_v2/prepared/cell_anomaly/images/val/cell0692.png,val,1,0,0
/Users/heyanfeng/Desktop/STUDY/科研/基于 RGB-Thermal 双模态融合的光伏组件缺陷检测与热斑识别/平台系统_完整版/training_pipeline_v2/prepared/cell_anomaly/images/val/cell0846.png,val,1,0,0
/Users/heyanfeng/Desktop/STUDY/科研/基于 RGB-Thermal 双模态融合的光伏组件缺陷检测与热斑识别/平台系统_完整版/training_pipeline_v2/prepared/cell_anomaly/images/val/cell2232.png,val,1,0,0
/Users/heyanfeng/Desktop/STUDY/科研/基于 RGB-Thermal 双模态融合的光伏组件缺陷检测与热斑识别/平台系统_完整版/training_pipeline_v2/prepared/cell_anomaly/images/val/cell2050.png,val,1,0,0
/Users/heyanfeng/Desktop/STUDY/科研/基于 RGB-Thermal 双模态融合的光伏组件缺陷检测与热斑识别/平台系统_完整版/training_pipeline_v2/prepared/cell_anomaly/images/val/cell2621.png,val,1,0,0
/Users/heyanfeng/Desktop/STUDY/科研/基于 RGB-Thermal 双模态融合的光伏组件缺陷检测与热斑识别/平台系统_完整版/training_pipeline_v2/prepared/cell_anomaly/images/val/cell0291.png,val,1,0,0
/Users/heyanfeng/Desktop/STUDY/科研/基于 RGB-Thermal 双模态融合的光伏组件缺陷检测与热斑识别/平台系统_完整版/training_pipeline_v2/prepared/cell_anomaly/images/val/cell2445.png,val,1,0,0
/Users/heyanfeng/Desktop/STUDY/科研/基于 RGB-Thermal 双模态融合的光伏组件缺陷检测与热斑识别/平台系统_完整版/training_pipeline_v2/prepared/cell_anomaly/images/val/cell1871.png,val,1,0,0
/Users/heyanfeng/Desktop/STUDY/科研/基于 RGB-Thermal 双模态融合的光伏组件缺陷检测与热斑识别/平台系统_完整版/training_pipeline_v2/prepared/cell_anomaly/images/val/cell0599.png,val,1,0,0
/Users/heyanfeng/Desktop/STUDY/科研/基于 RGB-Thermal 双模态融合的光伏组件缺陷检测与热斑识别/平台系统_完整版/training_pipeline_v2/prepared/cell_anomaly/images/val/cell0172.png,val,1,0,0
/Users/heyanfeng/Desktop/STUDY/科研/基于 RGB-Thermal 双模态融合的光伏组件缺陷检测与热斑识别/平台系统_完整版/training_pipeline_v2/prepared/cell_anomaly/images/val/cell1726.png,val,1,0,0
/Users/heyanfeng/Desktop/STUDY/科研/基于 RGB-Thermal 双模态融合的光伏组件缺陷检测与热斑识别/平台系统_完整版/training_pipeline_v2/prepared/cell_anomaly/images/val/cell0314.png,val,1,0,0
/Users/heyanfeng/Desktop/STUDY/科研/基于 RGB-Thermal 双模态融合的光伏组件缺陷检测与热斑识别/平台系统_完整版/training_pipeline_v2/prepared/cell_anomaly/images/val/cell2064.png,val,1,0,0
/Users/heyanfeng/Desktop/STUDY/科研/基于 RGB-Thermal 双模态融合的光伏组件缺陷检测与热斑识别/平台系统_完整版/training_pipeline_v2/prepared/cell_anomaly/images/val/cell1736.png,val,1,0,0
/Users/heyanfeng/Desktop/STUDY/科研/基于 RGB-Thermal 双模态融合的光伏组件缺陷检测与热斑识别/平台系统_完整版/training_pipeline_v2/prepared/cell_anomaly/images/val/cell1903.png,val,1,0,0
/Users/heyanfeng/Desktop/STUDY/科研/基于 RGB-Thermal 双模态融合的光伏组件缺陷检测与热斑识别/平台系统_完整版/training_pipeline_v2/prepared/cell_anomaly/images/val/cell2230.png,val,1,0,0
/Users/heyanfeng/Desktop/STUDY/科研/基于 RGB-Thermal 双模态融合的光伏组件缺陷检测与热斑识别/平台系统_完整版/training_pipeline_v2/prepared/cell_anomaly/images/val/cell0814.png,val,1,0,0
/Users/heyanfeng/Desktop/STUDY/科研/基于 RGB-Thermal 双模态融合的光伏组件缺陷检测与热斑识别/平台系统_完整版/training_pipeline_v2/prepared/cell_anomaly/images/val/cell0803.png,val,1,0,0
/Users/heyanfeng/Desktop/STUDY/科研/基于 RGB-Thermal 双模态融合的光伏组件缺陷检测与热斑识别/平台系统_完整版/training_pipeline_v2/prepared/cell_anomaly/images/val/cell0799.png,val,1,0,0
/Users/heyanfeng/Desktop/STUDY/科研/基于 RGB-Thermal 双模态融合的光伏组件缺陷检测与热斑识别/平台系统_完整版/training_pipeline_v2/prepared/cell_anomaly/images/val/cell1979.png,val,1,0,0
/Users/heyanfeng/Desktop/STUDY/科研/基于 RGB-Thermal 双模态融合的光伏组件缺陷检测与热斑识别/平台系统_完整版/training_pipeline_v2/prepared/cell_anomaly/images/val/cell2390.png,val,1,0,0
/Users/heyanfeng/Desktop/STUDY/科研/基于 RGB-Thermal 双模态融合的光伏组件缺陷检测与热斑识别/平台系统_完整版/training_pipeline_v2/prepared/cell_anomaly/images/val/cell0195.png,val,1,0,0
/Users/heyanfeng/Desktop/STUDY/科研/基于 RGB-Thermal 双模态融合的光伏组件缺陷检测与热斑识别/平台系统_完整版/training_pipeline_v2/prepared/cell_anomaly/images/val/cell0101.png,val,1,0,0
/Users/heyanfeng/Desktop/STUDY/科研/基于 RGB-Thermal 双模态融合的光伏组件缺陷检测与热斑识别/平台系统_完整版/training_pipeline_v2/prepared/cell_anomaly/images/val/cell0558.png,val,1,0,0
/Users/heyanfeng/Desktop/STUDY/科研/基于 RGB-Thermal 双模态融合的光伏组件缺陷检测与热斑识别/平台系统_完整版/training_pipeline_v2/prepared/cell_anomaly/images/val/cell0112.png,val,1,0,0
/Users/heyanfeng/Desktop/STUDY/科研/基于 RGB-Thermal 双模态融合的光伏组件缺陷检测与热斑识别/平台系统_完整版/training_pipeline_v2/prepared/cell_anomaly/images/val/cell0638.png,val,1,0,0
/Users/heyanfeng/Desktop/STUDY/科研/基于 RGB-Thermal 双模态融合的光伏组件缺陷检测与热斑识别/平台系统_完整版/training_pipeline_v2/prepared/cell_anomaly/images/val/cell0138.png,val,1,0,0
/Users/heyanfeng/Desktop/STUDY/科研/基于 RGB-Thermal 双模态融合的光伏组件缺陷检测与热斑识别/平台系统_完整版/training_pipeline_v2/prepared/cell_anomaly/images/val/cell1716.png,val,1,0,0
/Users/heyanfeng/Desktop/STUDY/科研/基于 RGB-Thermal 双模态融合的光伏组件缺陷检测与热斑识别/平台系统_完整版/training_pipeline_v2/prepared/cell_anomaly/images/val/cell0348.png,val,1,0,0
/Users/heyanfeng/Desktop/STUDY/科研/基于 RGB-Thermal 双模态融合的光伏组件缺陷检测与热斑识别/平台系统_完整版/training_pipeline_v2/prepared/cell_anomaly/images/val/cell1801.png,val,1,0,0
/Users/heyanfeng/Desktop/STUDY/科研/基于 RGB-Thermal 双模态融合的光伏组件缺陷检测与热斑识别/平台系统_完整版/training_pipeline_v2/prepared/cell_anomaly/images/val/cell2565.png,val,1,0,0
/Users/heyanfeng/Desktop/STUDY/科研/基于 RGB-Thermal 双模态融合的光伏组件缺陷检测与热斑识别/平台系统_完整版/training_pipeline_v2/prepared/cell_anomaly/images/val/cell0282.png,val,1,0,0
/Users/heyanfeng/Desktop/STUDY/科研/基于 RGB-Thermal 双模态融合的光伏组件缺陷检测与热斑识别/平台系统_完整版/training_pipeline_v2/prepared/cell_anomaly/images/val/cell1889.png,val,1,0,0
/Users/heyanfeng/Desktop/STUDY/科研/基于 RGB-Thermal 双模态融合的光伏组件缺陷检测与热斑识别/平台系统_完整版/training_pipeline_v2/prepared/cell_anomaly/images/val/cell0754.png,val,1,0,0
/Users/heyanfeng/Desktop/STUDY/科研/基于 RGB-Thermal 双模态融合的光伏组件缺陷检测与热斑识别/平台系统_完整版/training_pipeline_v2/prepared/cell_anomaly/images/val/cell2583.png,val,1,0,0
/Users/heyanfeng/Desktop/STUDY/科研/基于 RGB-Thermal 双模态融合的光伏组件缺陷检测与热斑识别/平台系统_完整版/training_pipeline_v2/prepared/cell_anomaly/images/val/cell0303.png,val,1,0,0
/Users/heyanfeng/Desktop/STUDY/科研/基于 RGB-Thermal 双模态融合的光伏组件缺陷检测与热斑识别/平台系统_完整版/training_pipeline_v2/prepared/cell_anomaly/images/val/cell0204.png,val,1,0,0
/Users/heyanfeng/Desktop/STUDY/科研/基于 RGB-Thermal 双模态融合的光伏组件缺陷检测与热斑识别/平台系统_完整版/training_pipeline_v2/prepared/cell_anomaly/images/val/cell2604.png,val,1,0,0
/Users/heyanfeng/Desktop/STUDY/科研/基于 RGB-Thermal 双模态融合的光伏组件缺陷检测与热斑识别/平台系统_完整版/training_pipeline_v2/prepared/cell_anomaly/images/val/cell0154.png,val,1,0,0
/Users/heyanfeng/Desktop/STUDY/科研/基于 RGB-Thermal 双模态融合的光伏组件缺陷检测与热斑识别/平台系统_完整版/training_pipeline_v2/prepared/cell_anomaly/images/val/cell1765.png,val,1,0,0
/Users/heyanfeng/Desktop/STUDY/科研/基于 RGB-Thermal 双模态融合的光伏组件缺陷检测与热斑识别/平台系统_完整版/training_pipeline_v2/prepared/cell_anomaly/images/val/cell1913.png,val,1,0,0
/Users/heyanfeng/Desktop/STUDY/科研/基于 RGB-Thermal 双模态融合的光伏组件缺陷检测与热斑识别/平台系统_完整版/training_pipeline_v2/prepared/cell_anomaly/images/val/cell0712.png,val,1,0,0
/Users/heyanfeng/Desktop/STUDY/科研/基于 RGB-Thermal 双模态融合的光伏组件缺陷检测与热斑识别/平台系统_完整版/training_pipeline_v2/prepared/cell_anomaly/images/val/cell1735.png,val,1,0,0
/Users/heyanfeng/Desktop/STUDY/科研/基于 RGB-Thermal 双模态融合的光伏组件缺陷检测与热斑识别/平台系统_完整版/training_pipeline_v2/prepared/cell_anomaly/images/val/cell2125.png,val,1,0,0
/Users/heyanfeng/Desktop/STUDY/科研/基于 RGB-Thermal 双模态融合的光伏组件缺陷检测与热斑识别/平台系统_完整版/training_pipeline_v2/prepared/cell_anomaly/images/val/cell1873.png,val,1,0,0
/Users/heyanfeng/Desktop/STUDY/科研/基于 RGB-Thermal 双模态融合的光伏组件缺陷检测与热斑识别/平台系统_完整版/training_pipeline_v2/prepared/cell_anomaly/images/val/cell2487.png,val,1,0,0
/Users/heyanfeng/Desktop/STUDY/科研/基于 RGB-Thermal 双模态融合的光伏组件缺陷检测与热斑识别/平台系统_完整版/training_pipeline_v2/prepared/cell_anomaly/images/val/cell1818.png,val,1,0,0
/Users/heyanfeng/Desktop/STUDY/科研/基于 RGB-Thermal 双模态融合的光伏组件缺陷检测与热斑识别/平台系统_完整版/training_pipeline_v2/prepared/cell_anomaly/images/val/cell1792.png,val,1,0,0
/Users/heyanfeng/Desktop/STUDY/科研/基于 RGB-Thermal 双模态融合的光伏组件缺陷检测与热斑识别/平台系统_完整版/training_pipeline_v2/prepared/cell_anomaly/images/val/cell2609.png,val,1,0,0
/Users/heyanfeng/Desktop/STUDY/科研/基于 RGB-Thermal 双模态融合的光伏组件缺陷检测与热斑识别/平台系统_完整版/training_pipeline_v2/prepared/cell_anomaly/images/val/cell2026.png,val,1,0,0
/Users/heyanfeng/Desktop/STUDY/科研/基于 RGB-Thermal 双模态融合的光伏组件缺陷检测与热斑识别/平台系统_完整版/training_pipeline_v2/prepared/cell_anomaly/images/val/cell2330.png,val,1,0,0
/Users/heyanfeng/Desktop/STUDY/科研/基于 RGB-Thermal 双模态融合的光伏组件缺陷检测与热斑识别/平台系统_完整版/training_pipeline_v2/prepared/cell_anomaly/images/val/cell0096.png,val,1,0,0
/Users/heyanfeng/Desktop/STUDY/科研/基于 RGB-Thermal 双模态融合的光伏组件缺陷检测与热斑识别/平台系统_完整版/training_pipeline_v2/prepared/cell_anomaly/images/val/cell0541.png,val,1,0,0
/Users/heyanfeng/Desktop/STUDY/科研/基于 RGB-Thermal 双模态融合的光伏组件缺陷检测与热斑识别/平台系统_完整版/training_pipeline_v2/prepared/cell_anomaly/images/val/cell2221.png,val,1,0,0
/Users/heyanfeng/Desktop/STUDY/科研/基于 RGB-Thermal 双模态融合的光伏组件缺陷检测与热斑识别/平台系统_完整版/training_pipeline_v2/prepared/cell_anomaly/images/val/cell2602.png,val,1,0,0
/Users/heyanfeng/Desktop/STUDY/科研/基于 RGB-Thermal 双模态融合的光伏组件缺陷检测与热斑识别/平台系统_完整版/training_pipeline_v2/prepared/cell_anomaly/images/val/cell2494.png,val,1,0,0
/Users/heyanfeng/Desktop/STUDY/科研/基于 RGB-Thermal 双模态融合的光伏组件缺陷检测与热斑识别/平台系统_完整版/training_pipeline_v2/prepared/cell_anomaly/images/val/cell2380.png,val,1,0,0
/Users/heyanfeng/Desktop/STUDY/科研/基于 RGB-Thermal 双模态融合的光伏组件缺陷检测与热斑识别/平台系统_完整版/training_pipeline_v2/prepared/cell_anomaly/images/val/cell2346.png,val,1,0,0
/Users/heyanfeng/Desktop/STUDY/科研/基于 RGB-Thermal 双模态融合的光伏组件缺陷检测与热斑识别/平台系统_完整版/training_pipeline_v2/prepared/cell_anomaly/images/val/cell1680.png,val,1,0,0
/Users/heyanfeng/Desktop/STUDY/科研/基于 RGB-Thermal 双模态融合的光伏组件缺陷检测与热斑识别/平台系统_完整版/training_pipeline_v2/prepared/cell_anomaly/images/val/cell0628.png,val,1,0,0
/Users/heyanfeng/Desktop/STUDY/科研/基于 RGB-Thermal 双模态融合的光伏组件缺陷检测与热斑识别/平台系统_完整版/training_pipeline_v2/prepared/cell_anomaly/images/val/cell2588.png,val,1,0,0
/Users/heyanfeng/Desktop/STUDY/科研/基于 RGB-Thermal 双模态融合的光伏组件缺陷检测与热斑识别/平台系统_完整版/training_pipeline_v2/prepared/cell_anomaly/images/val/cell1974.png,val,1,0,0
/Users/heyanfeng/Desktop/STUDY/科研/基于 RGB-Thermal 双模态融合的光伏组件缺陷检测与热斑识别/平台系统_完整版/training_pipeline_v2/prepared/cell_anomaly/images/val/cell1924.png,val,1,0,0
/Users/heyanfeng/Desktop/STUDY/科研/基于 RGB-Thermal 双模态融合的光伏组件缺陷检测与热斑识别/平台系统_完整版/training_pipeline_v2/prepared/cell_anomaly/images/val/cell2560.png,val,1,0,0
/Users/heyanfeng/Desktop/STUDY/科研/基于 RGB-Thermal 双模态融合的光伏组件缺陷检测与热斑识别/平台系统_完整版/training_pipeline_v2/prepared/cell_anomaly/images/val/cell2341.png,val,1,0,0
/Users/heyanfeng/Desktop/STUDY/科研/基于 RGB-Thermal 双模态融合的光伏组件缺陷检测与热斑识别/平台系统_完整版/training_pipeline_v2/prepared/cell_anomaly/images/val/cell1809.png,val,1,0,0
/Users/heyanfeng/Desktop/STUDY/科研/基于 RGB-Thermal 双模态融合的光伏组件缺陷检测与热斑识别/平台系统_完整版/training_pipeline_v2/prepared/cell_anomaly/images/val/cell2120.png,val,1,0,0
/Users/heyanfeng/Desktop/STUDY/科研/基于 RGB-Thermal 双模态融合的光伏组件缺陷检测与热斑识别/平台系统_完整版/training_pipeline_v2/prepared/cell_anomaly/images/val/cell0894.png,val,1,0,0
/Users/heyanfeng/Desktop/STUDY/科研/基于 RGB-Thermal 双模态融合的光伏组件缺陷检测与热斑识别/平台系统_完整版/training_pipeline_v2/prepared/cell_anomaly/images/val/cell1859.png,val,1,0,0
/Users/heyanfeng/Desktop/STUDY/科研/基于 RGB-Thermal 双模态融合的光伏组件缺陷检测与热斑识别/平台系统_完整版/training_pipeline_v2/prepared/cell_anomaly/images/val/cell1821.png,val,1,0,0
/Users/heyanfeng/Desktop/STUDY/科研/基于 RGB-Thermal 双模态融合的光伏组件缺陷检测与热斑识别/平台系统_完整版/training_pipeline_v2/prepared/cell_anomaly/images/val/cell0751.png,val,1,0,0
/Users/heyanfeng/Desktop/STUDY/科研/基于 RGB-Thermal 双模态融合的光伏组件缺陷检测与热斑识别/平台系统_完整版/training_pipeline_v2/prepared/cell_anomaly/images/val/cell1700.png,val,1,0,0
/Users/heyanfeng/Desktop/STUDY/科研/基于 RGB-Thermal 双模态融合的光伏组件缺陷检测与热斑识别/平台系统_完整版/training_pipeline_v2/prepared/cell_anomaly/images/val/cell1805.png,val,1,0,0
/Users/heyanfeng/Desktop/STUDY/科研/基于 RGB-Thermal 双模态融合的光伏组件缺陷检测与热斑识别/平台系统_完整版/training_pipeline_v2/prepared/cell_anomaly/images/val/cell0308.png,val,1,0,0
/Users/heyanfeng/Desktop/STUDY/科研/基于 RGB-Thermal 双模态融合的光伏组件缺陷检测与热斑识别/平台系统_完整版/training_pipeline_v2/prepared/cell_anomaly/images/val/cell0239.png,val,1,0,0
/Users/heyanfeng/Desktop/STUDY/科研/基于 RGB-Thermal 双模态融合的光伏组件缺陷检测与热斑识别/平台系统_完整版/training_pipeline_v2/prepared/cell_anomaly/images/val/cell0632.png,val,1,0,0
/Users/heyanfeng/Desktop/STUDY/科研/基于 RGB-Thermal 双模态融合的光伏组件缺陷检测与热斑识别/平台系统_完整版/training_pipeline_v2/prepared/cell_anomaly/images/val/cell2353.png,val,1,0,0
/Users/heyanfeng/Desktop/STUDY/科研/基于 RGB-Thermal 双模态融合的光伏组件缺陷检测与热斑识别/平台系统_完整版/training_pipeline_v2/prepared/cell_anomaly/images/val/cell0719.png,val,1,0,0
/Users/heyanfeng/Desktop/STUDY/科研/基于 RGB-Thermal 双模态融合的光伏组件缺陷检测与热斑识别/平台系统_完整版/training_pipeline_v2/prepared/cell_anomaly/images/val/cell1780.png,val,1,0,0
/Users/heyanfeng/Desktop/STUDY/科研/基于 RGB-Thermal 双模态融合的光伏组件缺陷检测与热斑识别/平台系统_完整版/training_pipeline_v2/prepared/cell_anomaly/images/val/cell2379.png,val,1,0,0
/Users/heyanfeng/Desktop/STUDY/科研/基于 RGB-Thermal 双模态融合的光伏组件缺陷检测与热斑识别/平台系统_完整版/training_pipeline_v2/prepared/cell_anomaly/images/val/cell2239.png,val,1,0,0
/Users/heyanfeng/Desktop/STUDY/科研/基于 RGB-Thermal 双模态融合的光伏组件缺陷检测与热斑识别/平台系统_完整版/training_pipeline_v2/prepared/cell_anomaly/images/val/cell2620.png,val,1,0,0
/Users/heyanfeng/Desktop/STUDY/科研/基于 RGB-Thermal 双模态融合的光伏组件缺陷检测与热斑识别/平台系统_完整版/training_pipeline_v2/prepared/cell_anomaly/images/val/cell0828.png,val,1,0,0
/Users/heyanfeng/Desktop/STUDY/科研/基于 RGB-Thermal 双模态融合的光伏组件缺陷检测与热斑识别/平台系统_完整版/training_pipeline_v2/prepared/cell_anomaly/images/val/cell0168.png,val,1,0,0
/Users/heyanfeng/Desktop/STUDY/科研/基于 RGB-Thermal 双模态融合的光伏组件缺陷检测与热斑识别/平台系统_完整版/training_pipeline_v2/prepared/cell_anomaly/images/val/cell1833.png,val,1,0,0
/Users/heyanfeng/Desktop/STUDY/科研/基于 RGB-Thermal 双模态融合的光伏组件缺陷检测与热斑识别/平台系统_完整版/training_pipeline_v2/prepared/cell_anomaly/images/val/cell2459.png,val,1,0,0
/Users/heyanfeng/Desktop/STUDY/科研/基于 RGB-Thermal 双模态融合的光伏组件缺陷检测与热斑识别/平台系统_完整版/training_pipeline_v2/prepared/cell_anomaly/images/val/cell0717.png,val,1,0,0
/Users/heyanfeng/Desktop/STUDY/科研/基于 RGB-Thermal 双模态融合的光伏组件缺陷检测与热斑识别/平台系统_完整版/training_pipeline_v2/prepared/cell_anomaly/images/val/cell2563.png,val,1,0,0
/Users/heyanfeng/Desktop/STUDY/科研/基于 RGB-Thermal 双模态融合的光伏组件缺陷检测与热斑识别/平台系统_完整版/training_pipeline_v2/prepared/cell_anomaly/images/val/cell2449.png,val,1,0,0
/Users/heyanfeng/Desktop/STUDY/科研/基于 RGB-Thermal 双模态融合的光伏组件缺陷检测与热斑识别/平台系统_完整版/training_pipeline_v2/prepared/cell_anomaly/images/val/cell0336.png,val,1,0,0
/Users/heyanfeng/Desktop/STUDY/科研/基于 RGB-Thermal 双模态融合的光伏组件缺陷检测与热斑识别/平台系统_完整版/training_pipeline_v2/prepared/cell_anomaly/images/val/cell2056.png,val,1,0,0
/Users/heyanfeng/Desktop/STUDY/科研/基于 RGB-Thermal 双模态融合的光伏组件缺陷检测与热斑识别/平台系统_完整版/training_pipeline_v2/prepared/cell_anomaly/images/val/cell1879.png,val,1,0,0
/Users/heyanfeng/Desktop/STUDY/科研/基于 RGB-Thermal 双模态融合的光伏组件缺陷检测与热斑识别/平台系统_完整版/training_pipeline_v2/prepared/cell_anomaly/images/val/cell1956.png,val,1,0,0
/Users/heyanfeng/Desktop/STUDY/科研/基于 RGB-Thermal 双模态融合的光伏组件缺陷检测与热斑识别/平台系统_完整版/training_pipeline_v2/prepared/cell_anomaly/images/val/cell2522.png,val,1,0,0
/Users/heyanfeng/Desktop/STUDY/科研/基于 RGB-Thermal 双模态融合的光伏组件缺陷检测与热斑识别/平台系统_完整版/training_pipeline_v2/prepared/cell_anomaly/images/val/cell1878.png,val,1,0,0
/Users/heyanfeng/Desktop/STUDY/科研/基于 RGB-Thermal 双模态融合的光伏组件缺陷检测与热斑识别/平台系统_完整版/training_pipeline_v2/prepared/cell_anomaly/images/val/cell0844.png,val,1,0,0
/Users/heyanfeng/Desktop/STUDY/科研/基于 RGB-Thermal 双模态融合的光伏组件缺陷检测与热斑识别/平台系统_完整版/training_pipeline_v2/prepared/cell_anomaly/images/val/cell0816.png,val,1,0,0
/Users/heyanfeng/Desktop/STUDY/科研/基于 RGB-Thermal 双模态融合的光伏组件缺陷检测与热斑识别/平台系统_完整版/training_pipeline_v2/prepared/cell_anomaly/images/val/cell2457.png,val,1,0,0
/Users/heyanfeng/Desktop/STUDY/科研/基于 RGB-Thermal 双模态融合的光伏组件缺陷检测与热斑识别/平台系统_完整版/training_pipeline_v2/prepared/cell_anomaly/images/val/cell2097.png,val,1,0,0
/Users/heyanfeng/Desktop/STUDY/科研/基于 RGB-Thermal 双模态融合的光伏组件缺陷检测与热斑识别/平台系统_完整版/training_pipeline_v2/prepared/cell_anomaly/images/val/cell0820.png,val,1,0,0
/Users/heyanfeng/Desktop/STUDY/科研/基于 RGB-Thermal 双模态融合的光伏组件缺陷检测与热斑识别/平台系统_完整版/training_pipeline_v2/prepared/cell_anomaly/images/val/cell2611.png,val,1,0,0
/Users/heyanfeng/Desktop/STUDY/科研/基于 RGB-Thermal 双模态融合的光伏组件缺陷检测与热斑识别/平台系统_完整版/training_pipeline_v2/prepared/cell_anomaly/images/val/cell1737.png,val,1,0,0
/Users/heyanfeng/Desktop/STUDY/科研/基于 RGB-Thermal 双模态融合的光伏组件缺陷检测与热斑识别/平台系统_完整版/training_pipeline_v2/prepared/cell_anomaly/images/val/cell1745.png,val,1,0,0
/Users/heyanfeng/Desktop/STUDY/科研/基于 RGB-Thermal 双模态融合的光伏组件缺陷检测与热斑识别/平台系统_完整版/training_pipeline_v2/prepared/cell_anomaly/images/val/cell1687.png,val,1,0,0
/Users/heyanfeng/Desktop/STUDY/科研/基于 RGB-Thermal 双模态融合的光伏组件缺陷检测与热斑识别/平台系统_完整版/training_pipeline_v2/prepared/cell_anomaly/images/val/cell2477.png,val,1,0,0
/Users/heyanfeng/Desktop/STUDY/科研/基于 RGB-Thermal 双模态融合的光伏组件缺陷检测与热斑识别/平台系统_完整版/training_pipeline_v2/prepared/cell_anomaly/images/val/cell0544.png,val,1,0,0
/Users/heyanfeng/Desktop/STUDY/科研/基于 RGB-Thermal 双模态融合的光伏组件缺陷检测与热斑识别/平台系统_完整版/training_pipeline_v2/prepared/cell_anomaly/images/val/cell0658.png,val,1,0,0
/Users/heyanfeng/Desktop/STUDY/科研/基于 RGB-Thermal 双模态融合的光伏组件缺陷检测与热斑识别/平台系统_完整版/training_pipeline_v2/prepared/cell_anomaly/images/val/cell0254.png,val,1,0,0
/Users/heyanfeng/Desktop/STUDY/科研/基于 RGB-Thermal 双模态融合的光伏组件缺陷检测与热斑识别/平台系统_完整版/training_pipeline_v2/prepared/cell_anomaly/images/val/cell1636.png,val,1,0,0
/Users/heyanfeng/Desktop/STUDY/科研/基于 RGB-Thermal 双模态融合的光伏组件缺陷检测与热斑识别/平台系统_完整版/training_pipeline_v2/prepared/cell_anomaly/images/val/cell2274.png,val,1,0,0
/Users/heyanfeng/Desktop/STUDY/科研/基于 RGB-Thermal 双模态融合的光伏组件缺陷检测与热斑识别/平台系统_完整版/training_pipeline_v2/prepared/cell_anomaly/images/val/cell2463.png,val,1,0,0
/Users/heyanfeng/Desktop/STUDY/科研/基于 RGB-Thermal 双模态融合的光伏组件缺陷检测与热斑识别/平台系统_完整版/training_pipeline_v2/prepared/cell_anomaly/images/val/cell1812.png,val,1,0,0
/Users/heyanfeng/Desktop/STUDY/科研/基于 RGB-Thermal 双模态融合的光伏组件缺陷检测与热斑识别/平台系统_完整版/training_pipeline_v2/prepared/cell_anomaly/images/val/cell2480.png,val,1,0,0
/Users/heyanfeng/Desktop/STUDY/科研/基于 RGB-Thermal 双模态融合的光伏组件缺陷检测与热斑识别/平台系统_完整版/training_pipeline_v2/prepared/cell_anomaly/images/val/cell0546.png,val,1,0,0
/Users/heyanfeng/Desktop/STUDY/科研/基于 RGB-Thermal 双模态融合的光伏组件缺陷检测与热斑识别/平台系统_完整版/training_pipeline_v2/prepared/cell_anomaly/images/val/cell2527.png,val,1,0,0
/Users/heyanfeng/Desktop/STUDY/科研/基于 RGB-Thermal 双模态融合的光伏组件缺陷检测与热斑识别/平台系统_完整版/training_pipeline_v2/prepared/cell_anomaly/images/val/cell2005.png,val,1,0,0
/Users/heyanfeng/Desktop/STUDY/科研/基于 RGB-Thermal 双模态融合的光伏组件缺陷检测与热斑识别/平台系统_完整版/training_pipeline_v2/prepared/cell_anomaly/images/val/cell0238.png,val,1,0,0
/Users/heyanfeng/Desktop/STUDY/科研/基于 RGB-Thermal 双模态融合的光伏组件缺陷检测与热斑识别/平台系统_完整版/training_pipeline_v2/prepared/cell_anomaly/images/val/cell1841.png,val,1,0,0
/Users/heyanfeng/Desktop/STUDY/科研/基于 RGB-Thermal 双模态融合的光伏组件缺陷检测与热斑识别/平台系统_完整版/training_pipeline_v2/prepared/cell_anomaly/images/val/cell0352.png,val,1,0,0
/Users/heyanfeng/Desktop/STUDY/科研/基于 RGB-Thermal 双模态融合的光伏组件缺陷检测与热斑识别/平台系统_完整版/training_pipeline_v2/prepared/cell_anomaly/images/val/cell1663.png,val,1,0,0
/Users/heyanfeng/Desktop/STUDY/科研/基于 RGB-Thermal 双模态融合的光伏组件缺陷检测与热斑识别/平台系统_完整版/training_pipeline_v2/prepared/cell_anomaly/images/val/cell2020.png,val,1,0,0
/Users/heyanfeng/Desktop/STUDY/科研/基于 RGB-Thermal 双模态融合的光伏组件缺陷检测与热斑识别/平台系统_完整版/training_pipeline_v2/prepared/cell_anomaly/images/val/cell0718.png,val,1,0,0
/Users/heyanfeng/Desktop/STUDY/科研/基于 RGB-Thermal 双模态融合的光伏组件缺陷检测与热斑识别/平台系统_完整版/training_pipeline_v2/prepared/cell_anomaly/images/val/cell1927.png,val,1,0,0
/Users/heyanfeng/Desktop/STUDY/科研/基于 RGB-Thermal 双模态融合的光伏组件缺陷检测与热斑识别/平台系统_完整版/training_pipeline_v2/prepared/cell_anomaly/images/val/cell0218.png,val,1,0,0
/Users/heyanfeng/Desktop/STUDY/科研/基于 RGB-Thermal 双模态融合的光伏组件缺陷检测与热斑识别/平台系统_完整版/training_pipeline_v2/prepared/cell_anomaly/images/train/cell2118.png,train,1,0,0
/Users/heyanfeng/Desktop/STUDY/科研/基于 RGB-Thermal 双模态融合的光伏组件缺陷检测与热斑识别/平台系统_完整版/training_pipeline_v2/prepared/cell_anomaly/images/train/cell1750.png,train,1,0,0
/Users/heyanfeng/Desktop/STUDY/科研/基于 RGB-Thermal 双模态融合的光伏组件缺陷检测与热斑识别/平台系统_完整版/training_pipeline_v2/prepared/cell_anomaly/images/train/cell2247.png,train,1,0,0
/Users/heyanfeng/Desktop/STUDY/科研/基于 RGB-Thermal 双模态融合的光伏组件缺陷检测与热斑识别/平台系统_完整版/training_pipeline_v2/prepared/cell_anomaly/images/train/cell0300.png,train,1,0,0
/Users/heyanfeng/Desktop/STUDY/科研/基于 RGB-Thermal 双模态融合的光伏组件缺陷检测与热斑识别/平台系统_完整版/training_pipeline_v2/prepared/cell_anomaly/images/train/cell0772.png,train,1,0,0
/Users/heyanfeng/Desktop/STUDY/科研/基于 RGB-Thermal 双模态融合的光伏组件缺陷检测与热斑识别/平台系统_完整版/training_pipeline_v2/prepared/cell_anomaly/images/train/cell2231.png,train,1,0,0
/Users/heyanfeng/Desktop/STUDY/科研/基于 RGB-Thermal 双模态融合的光伏组件缺陷检测与热斑识别/平台系统_完整版/training_pipeline_v2/prepared/cell_anomaly/images/train/cell2344.png,train,1,0,0
/Users/heyanfeng/Desktop/STUDY/科研/基于 RGB-Thermal 双模态融合的光伏组件缺陷检测与热斑识别/平台系统_完整版/training_pipeline_v2/prepared/cell_anomaly/images/train/cell0156.png,train,1,0,0
/Users/heyanfeng/Desktop/STUDY/科研/基于 RGB-Thermal 双模态融合的光伏组件缺陷检测与热斑识别/平台系统_完整版/training_pipeline_v2/prepared/cell_anomaly/images/train/cell1620.png,train,1,0,0
/Users/heyanfeng/Desktop/STUDY/科研/基于 RGB-Thermal 双模态融合的光伏组件缺陷检测与热斑识别/平台系统_完整版/training_pipeline_v2/prepared/cell_anomaly/images/train/cell2377.png,train,1,0,0
/Users/heyanfeng/Desktop/STUDY/科研/基于 RGB-Thermal 双模态融合的光伏组件缺陷检测与热斑识别/平台系统_完整版/training_pipeline_v2/prepared/cell_anomaly/images/train/cell2233.png,train,1,0,0
/Users/heyanfeng/Desktop/STUDY/科研/基于 RGB-Thermal 双模态融合的光伏组件缺陷检测与热斑识别/平台系统_完整版/training_pipeline_v2/prepared/cell_anomaly/images/train/cell0635.png,train,1,0,0
/Users/heyanfeng/Desktop/STUDY/科研/基于 RGB-Thermal 双模态融合的光伏组件缺陷检测与热斑识别/平台系统_完整版/training_pipeline_v2/prepared/cell_anomaly/images/train/cell2370.png,train,1,0,0
/Users/heyanfeng/Desktop/STUDY/科研/基于 RGB-Thermal 双模态融合的光伏组件缺陷检测与热斑识别/平台系统_完整版/training_pipeline_v2/prepared/cell_anomaly/images/train/cell1891.png,train,1,0,0
/Users/heyanfeng/Desktop/STUDY/科研/基于 RGB-Thermal 双模态融合的光伏组件缺陷检测与热斑识别/平台系统_完整版/training_pipeline_v2/prepared/cell_anomaly/images/train/cell2110.png,train,1,0,0
/Users/heyanfeng/Desktop/STUDY/科研/基于 RGB-Thermal 双模态融合的光伏组件缺陷检测与热斑识别/平台系统_完整版/training_pipeline_v2/prepared/cell_anomaly/images/train/cell2450.png,train,1,0,0
/Users/heyanfeng/Desktop/STUDY/科研/基于 RGB-Thermal 双模态融合的光伏组件缺陷检测与热斑识别/平台系统_完整版/training_pipeline_v2/prepared/cell_anomaly/images/train/cell2275.png,train,1,0,0
/Users/heyanfeng/Desktop/STUDY/科研/基于 RGB-Thermal 双模态融合的光伏组件缺陷检测与热斑识别/平台系统_完整版/training_pipeline_v2/prepared/cell_anomaly/images/train/cell2521.png,train,1,0,0
/Users/heyanfeng/Desktop/STUDY/科研/基于 RGB-Thermal 双模态融合的光伏组件缺陷检测与热斑识别/平台系统_完整版/training_pipeline_v2/prepared/cell_anomaly/images/train/cell2489.png,train,1,0,0
/Users/heyanfeng/Desktop/STUDY/科研/基于 RGB-Thermal 双模态融合的光伏组件缺陷检测与热斑识别/平台系统_完整版/training_pipeline_v2/prepared/cell_anomaly/images/train/cell2358.png,train,1,0,0
/Users/heyanfeng/Desktop/STUDY/科研/基于 RGB-Thermal 双模态融合的光伏组件缺陷检测与热斑识别/平台系统_完整版/training_pipeline_v2/prepared/cell_anomaly/images/train/cell0124.png,train,1,0,0
/Users/heyanfeng/Desktop/STUDY/科研/基于 RGB-Thermal 双模态融合的光伏组件缺陷检测与热斑识别/平台系统_完整版/training_pipeline_v2/prepared/cell_anomaly/images/train/cell1719.png,train,1,0,0
/Users/heyanfeng/Desktop/STUDY/科研/基于 RGB-Thermal 双模态融合的光伏组件缺陷检测与热斑识别/平台系统_完整版/training_pipeline_v2/prepared/cell_anomaly/images/train/cell0823.png,train,1,0,0
/Users/heyanfeng/Desktop/STUDY/科研/基于 RGB-Thermal 双模态融合的光伏组件缺陷检测与热斑识别/平台系统_完整版/training_pipeline_v2/prepared/cell_anomaly/images/train/cell2535.png,train,1,0,0
/Users/heyanfeng/Desktop/STUDY/科研/基于 RGB-Thermal 双模态融合的光伏组件缺陷检测与热斑识别/平台系统_完整版/training_pipeline_v2/prepared/cell_anomaly/images/train/cell0711.png,train,1,0,0
/Users/heyanfeng/Desktop/STUDY/科研/基于 RGB-Thermal 双模态融合的光伏组件缺陷检测与热斑识别/平台系统_完整版/training_pipeline_v2/prepared/cell_anomaly/images/train/cell0170.png,train,1,0,0
/Users/heyanfeng/Desktop/STUDY/科研/基于 RGB-Thermal 双模态融合的光伏组件缺陷检测与热斑识别/平台系统_完整版/training_pipeline_v2/prepared/cell_anomaly/images/train/cell0106.png,train,1,0,0
/Users/heyanfeng/Desktop/STUDY/科研/基于 RGB-Thermal 双模态融合的光伏组件缺陷检测与热斑识别/平台系统_完整版/training_pipeline_v2/prepared/cell_anomaly/images/train/cell0233.png,train,1,0,0
/Users/heyanfeng/Desktop/STUDY/科研/基于 RGB-Thermal 双模态融合的光伏组件缺陷检测与热斑识别/平台系统_完整版/training_pipeline_v2/prepared/cell_anomaly/images/train/cell2608.png,train,1,0,0
/Users/heyanfeng/Desktop/STUDY/科研/基于 RGB-Thermal 双模态融合的光伏组件缺陷检测与热斑识别/平台系统_完整版/training_pipeline_v2/prepared/cell_anomaly/images/train/cell0150.png,train,1,0,0
/Users/heyanfeng/Desktop/STUDY/科研/基于 RGB-Thermal 双模态融合的光伏组件缺陷检测与热斑识别/平台系统_完整版/training_pipeline_v2/prepared/cell_anomaly/images/train/cell1703.png,train,1,0,0
/Users/heyanfeng/Desktop/STUDY/科研/基于 RGB-Thermal 双模态融合的光伏组件缺陷检测与热斑识别/平台系统_完整版/training_pipeline_v2/prepared/cell_anomaly/images/train/cell2111.png,train,1,0,0
/Users/heyanfeng/Desktop/STUDY/科研/基于 RGB-Thermal 双模态融合的光伏组件缺陷检测与热斑识别/平台系统_完整版/training_pipeline_v2/prepared/cell_anomaly/images/train/cell0176.png,train,1,0,0
/Users/heyanfeng/Desktop/STUDY/科研/基于 RGB-Thermal 双模态融合的光伏组件缺陷检测与热斑识别/平台系统_完整版/training_pipeline_v2/prepared/cell_anomaly/images/train/cell1696.png,train,1,0,0
/Users/heyanfeng/Desktop/STUDY/科研/基于 RGB-Thermal 双模态融合的光伏组件缺陷检测与热斑识别/平台系统_完整版/training_pipeline_v2/prepared/cell_anomaly/images/train/cell1964.png,train,1,0,0
/Users/heyanfeng/Desktop/STUDY/科研/基于 RGB-Thermal 双模态融合的光伏组件缺陷检测与热斑识别/平台系统_完整版/training_pipeline_v2/prepared/cell_anomaly/images/train/cell1815.png,train,1,0,0
/Users/heyanfeng/Desktop/STUDY/科研/基于 RGB-Thermal 双模态融合的光伏组件缺陷检测与热斑识别/平台系统_完整版/training_pipeline_v2/prepared/cell_anomaly/images/train/cell2577.png,train,1,0,0
/Users/heyanfeng/Desktop/STUDY/科研/基于 RGB-Thermal 双模态融合的光伏组件缺陷检测与热斑识别/平台系统_完整版/training_pipeline_v2/prepared/cell_anomaly/images/train/cell1714.png,train,1,0,0
/Users/heyanfeng/Desktop/STUDY/科研/基于 RGB-Thermal 双模态融合的光伏组件缺陷检测与热斑识别/平台系统_完整版/training_pipeline_v2/prepared/cell_anomaly/images/train/cell2354.png,train,1,0,0
/Users/heyanfeng/Desktop/STUDY/科研/基于 RGB-Thermal 双模态融合的光伏组件缺陷检测与热斑识别/平台系统_完整版/training_pipeline_v2/prepared/cell_anomaly/images/train/cell1722.png,train,1,0,0
/Users/heyanfeng/Desktop/STUDY/科研/基于 RGB-Thermal 双模态融合的光伏组件缺陷检测与热斑识别/平台系统_完整版/training_pipeline_v2/prepared/cell_anomaly/images/train/cell0839.png,train,1,0,0
/Users/heyanfeng/Desktop/STUDY/科研/基于 RGB-Thermal 双模态融合的光伏组件缺陷检测与热斑识别/平台系统_完整版/training_pipeline_v2/prepared/cell_anomaly/images/train/cell2328.png,train,1,0,0
/Users/heyanfeng/Desktop/STUDY/科研/基于 RGB-Thermal 双模态融合的光伏组件缺陷检测与热斑识别/平台系统_完整版/training_pipeline_v2/prepared/cell_anomaly/images/train/cell1950.png,train,1,0,0
/Users/heyanfeng/Desktop/STUDY/科研/基于 RGB-Thermal 双模态融合的光伏组件缺陷检测与热斑识别/平台系统_完整版/training_pipeline_v2/prepared/cell_anomaly/images/train/cell0600.png,train,1,0,0
/Users/heyanfeng/Desktop/STUDY/科研/基于 RGB-Thermal 双模态融合的光伏组件缺陷检测与热斑识别/平台系统_完整版/training_pipeline_v2/prepared/cell_anomaly/images/train/cell1933.png,train,1,0,0
/Users/heyanfeng/Desktop/STUDY/科研/基于 RGB-Thermal 双模态融合的光伏组件缺陷检测与热斑识别/平台系统_完整版/training_pipeline_v2/prepared/cell_anomaly/images/train/cell0126.png,train,1,0,0
/Users/heyanfeng/Desktop/STUDY/科研/基于 RGB-Thermal 双模态融合的光伏组件缺陷检测与热斑识别/平台系统_完整版/training_pipeline_v2/prepared/cell_anomaly/images/train/cell1981.png,train,1,0,0
/Users/heyanfeng/Desktop/STUDY/科研/基于 RGB-Thermal 双模态融合的光伏组件缺陷检测与热斑识别/平台系统_完整版/training_pipeline_v2/prepared/cell_anomaly/images/train/cell2294.png,train,1,0,0
/Users/heyanfeng/Desktop/STUDY/科研/基于 RGB-Thermal 双模态融合的光伏组件缺陷检测与热斑识别/平台系统_完整版/training_pipeline_v2/prepared/cell_anomaly/images/train/cell2468.png,train,1,0,0
/Users/heyanfeng/Desktop/STUDY/科研/基于 RGB-Thermal 双模态融合的光伏组件缺陷检测与热斑识别/平台系统_完整版/training_pipeline_v2/prepared/cell_anomaly/images/train/cell2069.png,train,1,0,0
/Users/heyanfeng/Desktop/STUDY/科研/基于 RGB-Thermal 双模态融合的光伏组件缺陷检测与热斑识别/平台系统_完整版/training_pipeline_v2/prepared/cell_anomaly/images/train/cell1715.png,train,1,0,0
/Users/heyanfeng/Desktop/STUDY/科研/基于 RGB-Thermal 双模态融合的光伏组件缺陷检测与热斑识别/平台系统_完整版/training_pipeline_v2/prepared/cell_anomaly/images/train/cell0703.png,train,1,0,0
/Users/heyanfeng/Desktop/STUDY/科研/基于 RGB-Thermal 双模态融合的光伏组件缺陷检测与热斑识别/平台系统_完整版/training_pipeline_v2/prepared/cell_anomaly/images/train/cell2004.png,train,1,0,0
/Users/heyanfeng/Desktop/STUDY/科研/基于 RGB-Thermal 双模态融合的光伏组件缺陷检测与热斑识别/平台系统_完整版/training_pipeline_v2/prepared/cell_anomaly/images/train/cell1720.png,train,1,0,0
/Users/heyanfeng/Desktop/STUDY/科研/基于 RGB-Thermal 双模态融合的光伏组件缺陷检测与热斑识别/平台系统_完整版/training_pipeline_v2/prepared/cell_anomaly/images/train/cell2012.png,train,1,0,0
/Users/heyanfeng/Desktop/STUDY/科研/基于 RGB-Thermal 双模态融合的光伏组件缺陷检测与热斑识别/平台系统_完整版/training_pipeline_v2/prepared/cell_anomaly/images/train/cell1828.png,train,1,0,0
/Users/heyanfeng/Desktop/STUDY/科研/基于 RGB-Thermal 双模态融合的光伏组件缺陷检测与热斑识别/平台系统_完整版/training_pipeline_v2/prepared/cell_anomaly/images/train/cell0063.png,train,1,0,0
/Users/heyanfeng/Desktop/STUDY/科研/基于 RGB-Thermal 双模态融合的光伏组件缺陷检测与热斑识别/平台系统_完整版/training_pipeline_v2/prepared/cell_anomaly/images/train/cell1807.png,train,1,0,0
/Users/heyanfeng/Desktop/STUDY/科研/基于 RGB-Thermal 双模态融合的光伏组件缺陷检测与热斑识别/平台系统_完整版/training_pipeline_v2/prepared/cell_anomaly/images/train/cell2337.png,train,1,0,0
/Users/heyanfeng/Desktop/STUDY/科研/基于 RGB-Thermal 双模态融合的光伏组件缺陷检测与热斑识别/平台系统_完整版/training_pipeline_v2/prepared/cell_anomaly/images/train/cell1756.png,train,1,0,0
/Users/heyanfeng/Desktop/STUDY/科研/基于 RGB-Thermal 双模态融合的光伏组件缺陷检测与热斑识别/平台系统_完整版/training_pipeline_v2/prepared/cell_anomaly/images/train/cell0209.png,train,1,0,0
/Users/heyanfeng/Desktop/STUDY/科研/基于 RGB-Thermal 双模态融合的光伏组件缺陷检测与热斑识别/平台系统_完整版/training_pipeline_v2/prepared/cell_anomaly/images/train/cell1758.png,train,1,0,0
/Users/heyanfeng/Desktop/STUDY/科研/基于 RGB-Thermal 双模态融合的光伏组件缺陷检测与热斑识别/平台系统_完整版/training_pipeline_v2/prepared/cell_anomaly/images/train/cell2058.png,train,1,0,0
/Users/heyanfeng/Desktop/STUDY/科研/基于 RGB-Thermal 双模态融合的光伏组件缺陷检测与热斑识别/平台系统_完整版/training_pipeline_v2/prepared/cell_anomaly/images/train/cell2140.png,train,1,0,0
/Users/heyanfeng/Desktop/STUDY/科研/基于 RGB-Thermal 双模态融合的光伏组件缺陷检测与热斑识别/平台系统_完整版/training_pipeline_v2/prepared/cell_anomaly/images/train/cell0610.png,train,1,0,0
/Users/heyanfeng/Desktop/STUDY/科研/基于 RGB-Thermal 双模态融合的光伏组件缺陷检测与热斑识别/平台系统_完整版/training_pipeline_v2/prepared/cell_anomaly/images/train/cell0080.png,train,1,0,0
/Users/heyanfeng/Desktop/STUDY/科研/基于 RGB-Thermal 双模态融合的光伏组件缺陷检测与热斑识别/平台系统_完整版/training_pipeline_v2/prepared/cell_anomaly/images/train/cell2474.png,train,1,0,0
/Users/heyanfeng/Desktop/STUDY/科研/基于 RGB-Thermal 双模态融合的光伏组件缺陷检测与热斑识别/平台系统_完整版/training_pipeline_v2/prepared/cell_anomaly/images/train/cell2554.png,train,1,0,0
/Users/heyanfeng/Desktop/STUDY/科研/基于 RGB-Thermal 双模态融合的光伏组件缺陷检测与热斑识别/平台系统_完整版/training_pipeline_v2/prepared/cell_anomaly/images/train/cell0262.png,train,1,0,0
/Users/heyanfeng/Desktop/STUDY/科研/基于 RGB-Thermal 双模态融合的光伏组件缺陷检测与热斑识别/平台系统_完整版/training_pipeline_v2/prepared/cell_anomaly/images/train/cell1963.png,train,1,0,0
/Users/heyanfeng/Desktop/STUDY/科研/基于 RGB-Thermal 双模态融合的光伏组件缺陷检测与热斑识别/平台系统_完整版/training_pipeline_v2/prepared/cell_anomaly/images/train/cell0134.png,train,1,0,0
/Users/heyanfeng/Desktop/STUDY/科研/基于 RGB-Thermal 双模态融合的光伏组件缺陷检测与热斑识别/平台系统_完整版/training_pipeline_v2/prepared/cell_anomaly/images/train/cell2614.png,train,1,0,0
/Users/heyanfeng/Desktop/STUDY/科研/基于 RGB-Thermal 双模态融合的光伏组件缺陷检测与热斑识别/平台系统_完整版/training_pipeline_v2/prepared/cell_anomaly/images/train/cell2343.png,train,1,0,0
/Users/heyanfeng/Desktop/STUDY/科研/基于 RGB-Thermal 双模态融合的光伏组件缺陷检测与热斑识别/平台系统_完整版/training_pipeline_v2/prepared/cell_anomaly/images/train/cell2540.png,train,1,0,0
/Users/heyanfeng/Desktop/STUDY/科研/基于 RGB-Thermal 双模态融合的光伏组件缺陷检测与热斑识别/平台系统_完整版/training_pipeline_v2/prepared/cell_anomaly/images/train/cell2469.png,train,1,0,0
/Users/heyanfeng/Desktop/STUDY/科研/基于 RGB-Thermal 双模态融合的光伏组件缺陷检测与热斑识别/平台系统_完整版/training_pipeline_v2/prepared/cell_anomaly/images/train/cell1642.png,train,1,0,0
/Users/heyanfeng/Desktop/STUDY/科研/基于 RGB-Thermal 双模态融合的光伏组件缺陷检测与热斑识别/平台系统_完整版/training_pipeline_v2/prepared/cell_anomaly/images/train/cell2552.png,train,1,0,0
/Users/heyanfeng/Desktop/STUDY/科研/基于 RGB-Thermal 双模态融合的光伏组件缺陷检测与热斑识别/平台系统_完整版/training_pipeline_v2/prepared/cell_anomaly/images/train/cell2451.png,train,1,0,0
/Users/heyanfeng/Desktop/STUDY/科研/基于 RGB-Thermal 双模态融合的光伏组件缺陷检测与热斑识别/平台系统_完整版/training_pipeline_v2/prepared/cell_anomaly/images/train/cell0621.png,train,1,0,0
/Users/heyanfeng/Desktop/STUDY/科研/基于 RGB-Thermal 双模态融合的光伏组件缺陷检测与热斑识别/平台系统_完整版/training_pipeline_v2/prepared/cell_anomaly/images/train/cell0332.png,train,1,0,0
/Users/heyanfeng/Desktop/STUDY/科研/基于 RGB-Thermal 双模态融合的光伏组件缺陷检测与热斑识别/平台系统_完整版/training_pipeline_v2/prepared/cell_anomaly/images/train/cell0566.png,train,1,0,0
/Users/heyanfeng/Desktop/STUDY/科研/基于 RGB-Thermal 双模态融合的光伏组件缺陷检测与热斑识别/平台系统_完整版/training_pipeline_v2/prepared/cell_anomaly/images/train/cell0357.png,train,1,0,0
/Users/heyanfeng/Desktop/STUDY/科研/基于 RGB-Thermal 双模态融合的光伏组件缺陷检测与热斑识别/平台系统_完整版/training_pipeline_v2/prepared/cell_anomaly/images/train/cell0550.png,train,1,0,0
/Users/heyanfeng/Desktop/STUDY/科研/基于 RGB-Thermal 双模态融合的光伏组件缺陷检测与热斑识别/平台系统_完整版/training_pipeline_v2/prepared/cell_anomaly/images/train/cell2334.png,train,1,0,0
/Users/heyanfeng/Desktop/STUDY/科研/基于 RGB-Thermal 双模态融合的光伏组件缺陷检测与热斑识别/平台系统_完整版/training_pipeline_v2/prepared/cell_anomaly/images/train/cell0188.png,train,1,0,0
/Users/heyanfeng/Desktop/STUDY/科研/基于 RGB-Thermal 双模态融合的光伏组件缺陷检测与热斑识别/平台系统_完整版/training_pipeline_v2/prepared/cell_anomaly/images/train/cell2226.png,train,1,0,0
/Users/heyanfeng/Desktop/STUDY/科研/基于 RGB-Thermal 双模态融合的光伏组件缺陷检测与热斑识别/平台系统_完整版/training_pipeline_v2/prepared/cell_anomaly/images/train/cell1619.png,train,1,0,0
/Users/heyanfeng/Desktop/STUDY/科研/基于 RGB-Thermal 双模态融合的光伏组件缺陷检测与热斑识别/平台系统_完整版/training_pipeline_v2/prepared/cell_anomaly/images/train/cell1693.png,train,1,0,0
/Users/heyanfeng/Desktop/STUDY/科研/基于 RGB-Thermal 双模态融合的光伏组件缺陷检测与热斑识别/平台系统_完整版/training_pipeline_v2/prepared/cell_anomaly/images/train/cell0726.png,train,1,0,0
/Users/heyanfeng/Desktop/STUDY/科研/基于 RGB-Thermal 双模态融合的光伏组件缺陷检测与热斑识别/平台系统_完整版/training_pipeline_v2/prepared/cell_anomaly/images/train/cell1908.png,train,1,0,0
/Users/heyanfeng/Desktop/STUDY/科研/基于 RGB-Thermal 双模态融合的光伏组件缺陷检测与热斑识别/平台系统_完整版/training_pipeline_v2/prepared/cell_anomaly/images/train/cell2496.png,train,1,0,0
/Users/heyanfeng/Desktop/STUDY/科研/基于 RGB-Thermal 双模态融合的光伏组件缺陷检测与热斑识别/平台系统_完整版/training_pipeline_v2/prepared/cell_anomaly/images/train/cell0739.png,train,1,0,0
/Users/heyanfeng/Desktop/STUDY/科研/基于 RGB-Thermal 双模态融合的光伏组件缺陷检测与热斑识别/平台系统_完整版/training_pipeline_v2/prepared/cell_anomaly/images/train/cell1746.png,train,1,0,0
/Users/heyanfeng/Desktop/STUDY/科研/基于 RGB-Thermal 双模态融合的光伏组件缺陷检测与热斑识别/平台系统_完整版/training_pipeline_v2/prepared/cell_anomaly/images/train/cell1829.png,train,1,0,0
/Users/heyanfeng/Desktop/STUDY/科研/基于 RGB-Thermal 双模态融合的光伏组件缺陷检测与热斑识别/平台系统_完整版/training_pipeline_v2/prepared/cell_anomaly/images/train/cell0160.png,train,1,0,0
/Users/heyanfeng/Desktop/STUDY/科研/基于 RGB-Thermal 双模态融合的光伏组件缺陷检测与热斑识别/平台系统_完整版/training_pipeline_v2/prepared/cell_anomaly/images/train/cell1813.png,train,1,0,0
/Users/heyanfeng/Desktop/STUDY/科研/基于 RGB-Thermal 双模态融合的光伏组件缺陷检测与热斑识别/平台系统_完整版/training_pipeline_v2/prepared/cell_anomaly/images/train/cell1847.png,train,1,0,0
/Users/heyanfeng/Desktop/STUDY/科研/基于 RGB-Thermal 双模态融合的光伏组件缺陷检测与热斑识别/平台系统_完整版/training_pipeline_v2/prepared/cell_anomaly/images/train/cell2000.png,train,1,0,0
/Users/heyanfeng/Desktop/STUDY/科研/基于 RGB-Thermal 双模态融合的光伏组件缺陷检测与热斑识别/平台系统_完整版/training_pipeline_v2/prepared/cell_anomaly/images/train/cell1863.png,train,1,0,0
/Users/heyanfeng/Desktop/STUDY/科研/基于 RGB-Thermal 双模态融合的光伏组件缺陷检测与热斑识别/平台系统_完整版/training_pipeline_v2/prepared/cell_anomaly/images/train/cell0548.png,train,1,0,0
/Users/heyanfeng/Desktop/STUDY/科研/基于 RGB-Thermal 双模态融合的光伏组件缺陷检测与热斑识别/平台系统_完整版/training_pipeline_v2/prepared/cell_anomaly/images/train/cell0775.png,train,1,0,0
/Users/heyanfeng/Desktop/STUDY/科研/基于 RGB-Thermal 双模态融合的光伏组件缺陷检测与热斑识别/平台系统_完整版/training_pipeline_v2/prepared/cell_anomaly/images/train/cell0087.png,train,1,0,0
/Users/heyanfeng/Desktop/STUDY/科研/基于 RGB-Thermal 双模态融合的光伏组件缺陷检测与热斑识别/平台系统_完整版/training_pipeline_v2/prepared/cell_anomaly/images/train/cell1767.png,train,1,0,0
/Users/heyanfeng/Desktop/STUDY/科研/基于 RGB-Thermal 双模态融合的光伏组件缺陷检测与热斑识别/平台系统_完整版/training_pipeline_v2/prepared/cell_anomaly/images/train/cell0733.png,train,1,0,0
/Users/heyanfeng/Desktop/STUDY/科研/基于 RGB-Thermal 双模态融合的光伏组件缺陷检测与热斑识别/平台系统_完整版/training_pipeline_v2/prepared/cell_anomaly/images/train/cell2259.png,train,1,0,0
/Users/heyanfeng/Desktop/STUDY/科研/基于 RGB-Thermal 双模态融合的光伏组件缺陷检测与热斑识别/平台系统_完整版/training_pipeline_v2/prepared/cell_anomaly/images/train/cell0302.png,train,1,0,0
/Users/heyanfeng/Desktop/STUDY/科研/基于 RGB-Thermal 双模态融合的光伏组件缺陷检测与热斑识别/平台系统_完整版/training_pipeline_v2/prepared/cell_anomaly/images/train/cell0219.png,train,1,0,0
/Users/heyanfeng/Desktop/STUDY/科研/基于 RGB-Thermal 双模态融合的光伏组件缺陷检测与热斑识别/平台系统_完整版/training_pipeline_v2/prepared/cell_anomaly/images/train/cell1677.png,train,1,0,0
/Users/heyanfeng/Desktop/STUDY/科研/基于 RGB-Thermal 双模态融合的光伏组件缺陷检测与热斑识别/平台系统_完整版/training_pipeline_v2/prepared/cell_anomaly/images/train/cell1823.png,train,1,0,0
/Users/heyanfeng/Desktop/STUDY/科研/基于 RGB-Thermal 双模态融合的光伏组件缺陷检测与热斑识别/平台系统_完整版/training_pipeline_v2/prepared/cell_anomaly/images/train/cell2510.png,train,1,0,0
/Users/heyanfeng/Desktop/STUDY/科研/基于 RGB-Thermal 双模态融合的光伏组件缺陷检测与热斑识别/平台系统_完整版/training_pipeline_v2/prepared/cell_anomaly/images/train/cell1983.png,train,1,0,0
/Users/heyanfeng/Desktop/STUDY/科研/基于 RGB-Thermal 双模态融合的光伏组件缺陷检测与热斑识别/平台系统_完整版/training_pipeline_v2/prepared/cell_anomaly/images/train/cell2454.png,train,1,0,0
/Users/heyanfeng/Desktop/STUDY/科研/基于 RGB-Thermal 双模态融合的光伏组件缺陷检测与热斑识别/平台系统_完整版/training_pipeline_v2/prepared/cell_anomaly/images/train/cell0329.png,train,1,0,0
/Users/heyanfeng/Desktop/STUDY/科研/基于 RGB-Thermal 双模态融合的光伏组件缺陷检测与热斑识别/平台系统_完整版/training_pipeline_v2/prepared/cell_anomaly/images/train/cell2003.png,train,1,0,0
/Users/heyanfeng/Desktop/STUDY/科研/基于 RGB-Thermal 双模态融合的光伏组件缺陷检测与热斑识别/平台系统_完整版/training_pipeline_v2/prepared/cell_anomaly/images/train/cell2144.png,train,1,0,0
/Users/heyanfeng/Desktop/STUDY/科研/基于 RGB-Thermal 双模态融合的光伏组件缺陷检测与热斑识别/平台系统_完整版/training_pipeline_v2/prepared/cell_anomaly/images/train/cell0778.png,train,1,0,0
/Users/heyanfeng/Desktop/STUDY/科研/基于 RGB-Thermal 双模态融合的光伏组件缺陷检测与热斑识别/平台系统_完整版/training_pipeline_v2/prepared/cell_anomaly/images/train/cell1985.png,train,1,0,0
/Users/heyanfeng/Desktop/STUDY/科研/基于 RGB-Thermal 双模态融合的光伏组件缺陷检测与热斑识别/平台系统_完整版/training_pipeline_v2/prepared/cell_anomaly/images/train/cell2383.png,train,1,0,0
/Users/heyanfeng/Desktop/STUDY/科研/基于 RGB-Thermal 双模态融合的光伏组件缺陷检测与热斑识别/平台系统_完整版/training_pipeline_v2/prepared/cell_anomaly/images/train/cell2032.png,train,1,0,0
/Users/heyanfeng/Desktop/STUDY/科研/基于 RGB-Thermal 双模态融合的光伏组件缺陷检测与热斑识别/平台系统_完整版/training_pipeline_v2/prepared/cell_anomaly/images/train/cell1681.png,train,1,0,0
/Users/heyanfeng/Desktop/STUDY/科研/基于 RGB-Thermal 双模态融合的光伏组件缺陷检测与热斑识别/平台系统_完整版/training_pipeline_v2/prepared/cell_anomaly/images/train/cell1925.png,train,1,0,0
/Users/heyanfeng/Desktop/STUDY/科研/基于 RGB-Thermal 双模态融合的光伏组件缺陷检测与热斑识别/平台系统_完整版/training_pipeline_v2/prepared/cell_anomaly/images/train/cell2250.png,train,1,0,0
/Users/heyanfeng/Desktop/STUDY/科研/基于 RGB-Thermal 双模态融合的光伏组件缺陷检测与热斑识别/平台系统_完整版/training_pipeline_v2/prepared/cell_anomaly/images/train/cell1923.png,train,1,0,0
/Users/heyanfeng/Desktop/STUDY/科研/基于 RGB-Thermal 双模态融合的光伏组件缺陷检测与热斑识别/平台系统_完整版/training_pipeline_v2/prepared/cell_anomaly/images/train/cell1905.png,train,1,0,0
/Users/heyanfeng/Desktop/STUDY/科研/基于 RGB-Thermal 双模态融合的光伏组件缺陷检测与热斑识别/平台系统_完整版/training_pipeline_v2/prepared/cell_anomaly/images/train/cell0598.png,train,1,0,0
/Users/heyanfeng/Desktop/STUDY/科研/基于 RGB-Thermal 双模态融合的光伏组件缺陷检测与热斑识别/平台系统_完整版/training_pipeline_v2/prepared/cell_anomaly/images/train/cell2236.png,train,1,0,0
/Users/heyanfeng/Desktop/STUDY/科研/基于 RGB-Thermal 双模态融合的光伏组件缺陷检测与热斑识别/平台系统_完整版/training_pipeline_v2/prepared/cell_anomaly/images/train/cell0622.png,train,1,0,0
/Users/heyanfeng/Desktop/STUDY/科研/基于 RGB-Thermal 双模态融合的光伏组件缺陷检测与热斑识别/平台系统_完整版/training_pipeline_v2/prepared/cell_anomaly/images/train/cell1824.png,train,1,0,0
/Users/heyanfeng/Desktop/STUDY/科研/基于 RGB-Thermal 双模态融合的光伏组件缺陷检测与热斑识别/平台系统_完整版/training_pipeline_v2/prepared/cell_anomaly/images/train/cell0066.png,train,1,0,0
/Users/heyanfeng/Desktop/STUDY/科研/基于 RGB-Thermal 双模态融合的光伏组件缺陷检测与热斑识别/平台系统_完整版/training_pipeline_v2/prepared/cell_anomaly/images/train/cell2223.png,train,1,0,0
/Users/heyanfeng/Desktop/STUDY/科研/基于 RGB-Thermal 双模态融合的光伏组件缺陷检测与热斑识别/平台系统_完整版/training_pipeline_v2/prepared/cell_anomaly/images/train/cell2245.png,train,1,0,0
/Users/heyanfeng/Desktop/STUDY/科研/基于 RGB-Thermal 双模态融合的光伏组件缺陷检测与热斑识别/平台系统_完整版/training_pipeline_v2/prepared/cell_anomaly/images/train/cell2073.png,train,1,0,0
/Users/heyanfeng/Desktop/STUDY/科研/基于 RGB-Thermal 双模态融合的光伏组件缺陷检测与热斑识别/平台系统_完整版/training_pipeline_v2/prepared/cell_anomaly/images/train/cell1826.png,train,1,0,0
/Users/heyanfeng/Desktop/STUDY/科研/基于 RGB-Thermal 双模态融合的光伏组件缺陷检测与热斑识别/平台系统_完整版/training_pipeline_v2/prepared/cell_anomaly/images/train/cell2283.png,train,1,0,0
/Users/heyanfeng/Desktop/STUDY/科研/基于 RGB-Thermal 双模态融合的光伏组件缺陷检测与热斑识别/平台系统_完整版/training_pipeline_v2/prepared/cell_anomaly/images/train/cell1968.png,train,1,0,0
/Users/heyanfeng/Desktop/STUDY/科研/基于 RGB-Thermal 双模态融合的光伏组件缺陷检测与热斑识别/平台系统_完整版/training_pipeline_v2/prepared/cell_anomaly/images/train/cell1840.png,train,1,0,0
/Users/heyanfeng/Desktop/STUDY/科研/基于 RGB-Thermal 双模态融合的光伏组件缺陷检测与热斑识别/平台系统_完整版/training_pipeline_v2/prepared/cell_anomaly/images/train/cell0561.png,train,1,0,0
/Users/heyanfeng/Desktop/STUDY/科研/基于 RGB-Thermal 双模态融合的光伏组件缺陷检测与热斑识别/平台系统_完整版/training_pipeline_v2/prepared/cell_anomaly/images/train/cell1691.png,train,1,0,0
/Users/heyanfeng/Desktop/STUDY/科研/基于 RGB-Thermal 双模态融合的光伏组件缺陷检测与热斑识别/平台系统_完整版/training_pipeline_v2/prepared/cell_anomaly/images/train/cell1739.png,train,1,0,0
/Users/heyanfeng/Desktop/STUDY/科研/基于 RGB-Thermal 双模态融合的光伏组件缺陷检测与热斑识别/平台系统_完整版/training_pipeline_v2/prepared/cell_anomaly/images/train/cell1729.png,train,1,0,0
/Users/heyanfeng/Desktop/STUDY/科研/基于 RGB-Thermal 双模态融合的光伏组件缺陷检测与热斑识别/平台系统_完整版/training_pipeline_v2/prepared/cell_anomaly/images/train/cell2452.png,train,1,0,0
/Users/heyanfeng/Desktop/STUDY/科研/基于 RGB-Thermal 双模态融合的光伏组件缺陷检测与热斑识别/平台系统_完整版/training_pipeline_v2/prepared/cell_anomaly/images/train/cell1725.png,train,1,0,0
/Users/heyanfeng/Desktop/STUDY/科研/基于 RGB-Thermal 双模态融合的光伏组件缺陷检测与热斑识别/平台系统_完整版/training_pipeline_v2/prepared/cell_anomaly/images/train/cell0125.png,train,1,0,0
/Users/heyanfeng/Desktop/STUDY/科研/基于 RGB-Thermal 双模态融合的光伏组件缺陷检测与热斑识别/平台系统_完整版/training_pipeline_v2/prepared/cell_anomaly/images/train/cell1856.png,train,1,0,0
/Users/heyanfeng/Desktop/STUDY/科研/基于 RGB-Thermal 双模态融合的光伏组件缺陷检测与热斑识别/平台系统_完整版/training_pipeline_v2/prepared/cell_anomaly/images/train/cell0580.png,train,1,0,0
/Users/heyanfeng/Desktop/STUDY/科研/基于 RGB-Thermal 双模态融合的光伏组件缺陷检测与热斑识别/平台系统_完整版/training_pipeline_v2/prepared/cell_anomaly/images/train/cell2570.png,train,1,0,0
/Users/heyanfeng/Desktop/STUDY/科研/基于 RGB-Thermal 双模态融合的光伏组件缺陷检测与热斑识别/平台系统_完整版/training_pipeline_v2/prepared/cell_anomaly/images/train/cell1932.png,train,1,0,0
/Users/heyanfeng/Desktop/STUDY/科研/基于 RGB-Thermal 双模态融合的光伏组件缺陷检测与热斑识别/平台系统_完整版/training_pipeline_v2/prepared/cell_anomaly/images/train/cell2108.png,train,1,0,0
/Users/heyanfeng/Desktop/STUDY/科研/基于 RGB-Thermal 双模态融合的光伏组件缺陷检测与热斑识别/平台系统_完整版/training_pipeline_v2/prepared/cell_anomaly/images/train/cell2531.png,train,1,0,0
/Users/heyanfeng/Desktop/STUDY/科研/基于 RGB-Thermal 双模态融合的光伏组件缺陷检测与热斑识别/平台系统_完整版/training_pipeline_v2/prepared/cell_anomaly/images/train/cell1707.png,train,1,0,0
/Users/heyanfeng/Desktop/STUDY/科研/基于 RGB-Thermal 双模态融合的光伏组件缺陷检测与热斑识别/平台系统_完整版/training_pipeline_v2/prepared/cell_anomaly/images/train/cell0100.png,train,1,0,0
/Users/heyanfeng/Desktop/STUDY/科研/基于 RGB-Thermal 双模态融合的光伏组件缺陷检测与热斑识别/平台系统_完整版/training_pipeline_v2/prepared/cell_anomaly/images/train/cell0720.png,train,1,0,0
/Users/heyanfeng/Desktop/STUDY/科研/基于 RGB-Thermal 双模态融合的光伏组件缺陷检测与热斑识别/平台系统_完整版/training_pipeline_v2/prepared/cell_anomaly/images/train/cell2007.png,train,1,0,0
/Users/heyanfeng/Desktop/STUDY/科研/基于 RGB-Thermal 双模态融合的光伏组件缺陷检测与热斑识别/平台系统_完整版/training_pipeline_v2/prepared/cell_anomaly/images/train/cell0071.png,train,1,0,0
/Users/heyanfeng/Desktop/STUDY/科研/基于 RGB-Thermal 双模态融合的光伏组件缺陷检测与热斑识别/平台系统_完整版/training_pipeline_v2/prepared/cell_anomaly/images/train/cell2035.png,train,1,0,0
/Users/heyanfeng/Desktop/STUDY/科研/基于 RGB-Thermal 双模态融合的光伏组件缺陷检测与热斑识别/平台系统_完整版/training_pipeline_v2/prepared/cell_anomaly/images/train/cell1861.png,train,1,0,0
/Users/heyanfeng/Desktop/STUDY/科研/基于 RGB-Thermal 双模态融合的光伏组件缺陷检测与热斑识别/平台系统_完整版/training_pipeline_v2/prepared/cell_anomaly/images/train/cell0765.png,train,1,0,0
/Users/heyanfeng/Desktop/STUDY/科研/基于 RGB-Thermal 双模态融合的光伏组件缺陷检测与热斑识别/平台系统_完整版/training_pipeline_v2/prepared/cell_anomaly/images/train/cell0093.png,train,1,0,0
/Users/heyanfeng/Desktop/STUDY/科研/基于 RGB-Thermal 双模态融合的光伏组件缺陷检测与热斑识别/平台系统_完整版/training_pipeline_v2/prepared/cell_anomaly/images/train/cell0331.png,train,1,0,0
/Users/heyanfeng/Desktop/STUDY/科研/基于 RGB-Thermal 双模态融合的光伏组件缺陷检测与热斑识别/平台系统_完整版/training_pipeline_v2/prepared/cell_anomaly/images/train/cell2001.png,train,1,0,0
/Users/heyanfeng/Desktop/STUDY/科研/基于 RGB-Thermal 双模态融合的光伏组件缺陷检测与热斑识别/平台系统_完整版/training_pipeline_v2/prepared/cell_anomaly/images/train/cell0085.png,train,1,0,0
/Users/heyanfeng/Desktop/STUDY/科研/基于 RGB-Thermal 双模态融合的光伏组件缺陷检测与热斑识别/平台系统_完整版/training_pipeline_v2/prepared/cell_anomaly/images/train/cell2585.png,train,1,0,0
/Users/heyanfeng/Desktop/STUDY/科研/基于 RGB-Thermal 双模态融合的光伏组件缺陷检测与热斑识别/平台系统_完整版/training_pipeline_v2/prepared/cell_anomaly/images/train/cell2138.png,train,1,0,0
/Users/heyanfeng/Desktop/STUDY/科研/基于 RGB-Thermal 双模态融合的光伏组件缺陷检测与热斑识别/平台系统_完整版/training_pipeline_v2/prepared/cell_anomaly/images/train/cell2581.png,train,1,0,0
/Users/heyanfeng/Desktop/STUDY/科研/基于 RGB-Thermal 双模态融合的光伏组件缺陷检测与热斑识别/平台系统_完整版/training_pipeline_v2/prepared/cell_anomaly/images/train/cell0067.png,train,1,0,0
/Users/heyanfeng/Desktop/STUDY/科研/基于 RGB-Thermal 双模态融合的光伏组件缺陷检测与热斑识别/平台系统_完整版/training_pipeline_v2/prepared/cell_anomaly/images/train/cell1718.png,train,1,0,0
/Users/heyanfeng/Desktop/STUDY/科研/基于 RGB-Thermal 双模态融合的光伏组件缺陷检测与热斑识别/平台系统_完整版/training_pipeline_v2/prepared/cell_anomaly/images/train/cell0131.png,train,1,0,0
/Users/heyanfeng/Desktop/STUDY/科研/基于 RGB-Thermal 双模态融合的光伏组件缺陷检测与热斑识别/平台系统_完整版/training_pipeline_v2/prepared/cell_anomaly/images/train/cell2528.png,train,1,0,0
/Users/heyanfeng/Desktop/STUDY/科研/基于 RGB-Thermal 双模态融合的光伏组件缺陷检测与热斑识别/平台系统_完整版/training_pipeline_v2/prepared/cell_anomaly/images/train/cell2085.png,train,1,0,0
/Users/heyanfeng/Desktop/STUDY/科研/基于 RGB-Thermal 双模态融合的光伏组件缺陷检测与热斑识别/平台系统_完整版/training_pipeline_v2/prepared/cell_anomaly/images/train/cell0088.png,train,1,0,0
/Users/heyanfeng/Desktop/STUDY/科研/基于 RGB-Thermal 双模态融合的光伏组件缺陷检测与热斑识别/平台系统_完整版/training_pipeline_v2/prepared/cell_anomaly/images/train/cell1987.png,train,1,0,0
/Users/heyanfeng/Desktop/STUDY/科研/基于 RGB-Thermal 双模态融合的光伏组件缺陷检测与热斑识别/平台系统_完整版/training_pipeline_v2/prepared/cell_anomaly/images/train/cell1917.png,train,1,0,0
/Users/heyanfeng/Desktop/STUDY/科研/基于 RGB-Thermal 双模态融合的光伏组件缺陷检测与热斑识别/平台系统_完整版/training_pipeline_v2/prepared/cell_anomaly/images/train/cell1819.png,train,1,0,0
/Users/heyanfeng/Desktop/STUDY/科研/基于 RGB-Thermal 双模态融合的光伏组件缺陷检测与热斑识别/平台系统_完整版/training_pipeline_v2/prepared/cell_anomaly/images/train/cell2551.png,train,1,0,0
/Users/heyanfeng/Desktop/STUDY/科研/基于 RGB-Thermal 双模态融合的光伏组件缺陷检测与热斑识别/平台系统_完整版/training_pipeline_v2/prepared/cell_anomaly/images/train/cell2292.png,train,1,0,0
/Users/heyanfeng/Desktop/STUDY/科研/基于 RGB-Thermal 双模态融合的光伏组件缺陷检测与热斑识别/平台系统_完整版/training_pipeline_v2/prepared/cell_anomaly/images/train/cell1754.png,train,1,0,0
/Users/heyanfeng/Desktop/STUDY/科研/基于 RGB-Thermal 双模态融合的光伏组件缺陷检测与热斑识别/平台系统_完整版/training_pipeline_v2/prepared/cell_anomaly/images/train/cell2582.png,train,1,0,0
/Users/heyanfeng/Desktop/STUDY/科研/基于 RGB-Thermal 双模态融合的光伏组件缺陷检测与热斑识别/平台系统_完整版/training_pipeline_v2/prepared/cell_anomaly/images/train/cell2300.png,train,1,0,0
/Users/heyanfeng/Desktop/STUDY/科研/基于 RGB-Thermal 双模态融合的光伏组件缺陷检测与热斑识别/平台系统_完整版/training_pipeline_v2/prepared/cell_anomaly/images/train/cell1909.png,train,1,0,0
/Users/heyanfeng/Desktop/STUDY/科研/基于 RGB-Thermal 双模态融合的光伏组件缺陷检测与热斑识别/平台系统_完整版/training_pipeline_v2/prepared/cell_anomaly/images/train/cell1752.png,train,1,0,0
/Users/heyanfeng/Desktop/STUDY/科研/基于 RGB-Thermal 双模态融合的光伏组件缺陷检测与热斑识别/平台系统_完整版/training_pipeline_v2/prepared/cell_anomaly/images/train/cell2043.png,train,1,0,0
/Users/heyanfeng/Desktop/STUDY/科研/基于 RGB-Thermal 双模态融合的光伏组件缺陷检测与热斑识别/平台系统_完整版/training_pipeline_v2/prepared/cell_anomaly/images/train/cell2284.png,train,1,0,0
/Users/heyanfeng/Desktop/STUDY/科研/基于 RGB-Thermal 双模态融合的光伏组件缺陷检测与热斑识别/平台系统_完整版/training_pipeline_v2/prepared/cell_anomaly/images/train/cell0163.png,train,1,0,0
/Users/heyanfeng/Desktop/STUDY/科研/基于 RGB-Thermal 双模态融合的光伏组件缺陷检测与热斑识别/平台系统_完整版/training_pipeline_v2/prepared/cell_anomaly/images/train/cell2260.png,train,1,0,0
/Users/heyanfeng/Desktop/STUDY/科研/基于 RGB-Thermal 双模态融合的光伏组件缺陷检测与热斑识别/平台系统_完整版/training_pipeline_v2/prepared/cell_anomaly/images/train/cell1802.png,train,1,0,0
/Users/heyanfeng/Desktop/STUDY/科研/基于 RGB-Thermal 双模态融合的光伏组件缺陷检测与热斑识别/平台系统_完整版/training_pipeline_v2/prepared/cell_anomaly/images/train/cell0355.png,train,1,0,0
/Users/heyanfeng/Desktop/STUDY/科研/基于 RGB-Thermal 双模态融合的光伏组件缺陷检测与热斑识别/平台系统_完整版/training_pipeline_v2/prepared/cell_anomaly/images/train/cell0850.png,train,1,0,0
/Users/heyanfeng/Desktop/STUDY/科研/基于 RGB-Thermal 双模态融合的光伏组件缺陷检测与热斑识别/平台系统_完整版/training_pipeline_v2/prepared/cell_anomaly/images/train/cell0623.png,train,1,0,0
/Users/heyanfeng/Desktop/STUDY/科研/基于 RGB-Thermal 双模态融合的光伏组件缺陷检测与热斑识别/平台系统_完整版/training_pipeline_v2/prepared/cell_anomaly/images/train/cell2033.png,train,1,0,0
/Users/heyanfeng/Desktop/STUDY/科研/基于 RGB-Thermal 双模态融合的光伏组件缺陷检测与热斑识别/平台系统_完整版/training_pipeline_v2/prepared/cell_anomaly/images/train/cell1692.png,train,1,0,0
/Users/heyanfeng/Desktop/STUDY/科研/基于 RGB-Thermal 双模态融合的光伏组件缺陷检测与热斑识别/平台系统_完整版/training_pipeline_v2/prepared/cell_anomaly/images/train/cell1789.png,train,1,0,0
/Users/heyanfeng/Desktop/STUDY/科研/基于 RGB-Thermal 双模态融合的光伏组件缺陷检测与热斑识别/平台系统_完整版/training_pipeline_v2/prepared/cell_anomaly/images/train/cell0651.png,train,1,0,0
/Users/heyanfeng/Desktop/STUDY/科研/基于 RGB-Thermal 双模态融合的光伏组件缺陷检测与热斑识别/平台系统_完整版/training_pipeline_v2/prepared/cell_anomaly/images/train/cell0785.png,train,1,0,0
/Users/heyanfeng/Desktop/STUDY/科研/基于 RGB-Thermal 双模态融合的光伏组件缺陷检测与热斑识别/平台系统_完整版/training_pipeline_v2/prepared/cell_anomaly/images/train/cell2497.png,train,1,0,0
/Users/heyanfeng/Desktop/STUDY/科研/基于 RGB-Thermal 双模态融合的光伏组件缺陷检测与热斑识别/平台系统_完整版/training_pipeline_v2/prepared/cell_anomaly/images/train/cell2022.png,train,1,0,0
/Users/heyanfeng/Desktop/STUDY/科研/基于 RGB-Thermal 双模态融合的光伏组件缺陷检测与热斑识别/平台系统_完整版/training_pipeline_v2/prepared/cell_anomaly/images/train/cell2466.png,train,1,0,0
/Users/heyanfeng/Desktop/STUDY/科研/基于 RGB-Thermal 双模态融合的光伏组件缺陷检测与热斑识别/平台系统_完整版/training_pipeline_v2/prepared/cell_anomaly/images/train/cell1708.png,train,1,0,0
/Users/heyanfeng/Desktop/STUDY/科研/基于 RGB-Thermal 双模态融合的光伏组件缺陷检测与热斑识别/平台系统_完整版/training_pipeline_v2/prepared/cell_anomaly/images/train/cell0756.png,train,1,0,0
/Users/heyanfeng/Desktop/STUDY/科研/基于 RGB-Thermal 双模态融合的光伏组件缺陷检测与热斑识别/平台系统_完整版/training_pipeline_v2/prepared/cell_anomaly/images/train/cell1710.png,train,1,0,0
/Users/heyanfeng/Desktop/STUDY/科研/基于 RGB-Thermal 双模态融合的光伏组件缺陷检测与热斑识别/平台系统_完整版/training_pipeline_v2/prepared/cell_anomaly/images/train/cell2109.png,train,1,0,0
/Users/heyanfeng/Desktop/STUDY/科研/基于 RGB-Thermal 双模态融合的光伏组件缺陷检测与热斑识别/平台系统_完整版/training_pipeline_v2/prepared/cell_anomaly/images/train/cell0827.png,train,1,0,0
/Users/heyanfeng/Desktop/STUDY/科研/基于 RGB-Thermal 双模态融合的光伏组件缺陷检测与热斑识别/平台系统_完整版/training_pipeline_v2/prepared/cell_anomaly/images/train/cell0753.png,train,1,0,0
/Users/heyanfeng/Desktop/STUDY/科研/基于 RGB-Thermal 双模态融合的光伏组件缺陷检测与热斑识别/平台系统_完整版/training_pipeline_v2/prepared/cell_anomaly/images/train/cell2139.png,train,1,0,0
/Users/heyanfeng/Desktop/STUDY/科研/基于 RGB-Thermal 双模态融合的光伏组件缺陷检测与热斑识别/平台系统_完整版/training_pipeline_v2/prepared/cell_anomaly/images/train/cell1939.png,train,1,0,0
/Users/heyanfeng/Desktop/STUDY/科研/基于 RGB-Thermal 双模态融合的光伏组件缺陷检测与热斑识别/平台系统_完整版/training_pipeline_v2/prepared/cell_anomaly/images/train/cell2037.png,train,1,0,0
/Users/heyanfeng/Desktop/STUDY/科研/基于 RGB-Thermal 双模态融合的光伏组件缺陷检测与热斑识别/平台系统_完整版/training_pipeline_v2/prepared/cell_anomaly/images/train/cell2393.png,train,1,0,0
/Users/heyanfeng/Desktop/STUDY/科研/基于 RGB-Thermal 双模态融合的光伏组件缺陷检测与热斑识别/平台系统_完整版/training_pipeline_v2/prepared/cell_anomaly/images/train/cell1661.png,train,1,0,0
/Users/heyanfeng/Desktop/STUDY/科研/基于 RGB-Thermal 双模态融合的光伏组件缺陷检测与热斑识别/平台系统_完整版/training_pipeline_v2/prepared/cell_anomaly/images/train/cell0593.png,train,1,0,0
/Users/heyanfeng/Desktop/STUDY/科研/基于 RGB-Thermal 双模态融合的光伏组件缺陷检测与热斑识别/平台系统_完整版/training_pipeline_v2/prepared/cell_anomaly/images/train/cell1954.png,train,1,0,0
/Users/heyanfeng/Desktop/STUDY/科研/基于 RGB-Thermal 双模态融合的光伏组件缺陷检测与热斑识别/平台系统_完整版/training_pipeline_v2/prepared/cell_anomaly/images/train/cell2378.png,train,1,0,0
/Users/heyanfeng/Desktop/STUDY/科研/基于 RGB-Thermal 双模态融合的光伏组件缺陷检测与热斑识别/平台系统_完整版/training_pipeline_v2/prepared/cell_anomaly/images/train/cell1709.png,train,1,0,0
/Users/heyanfeng/Desktop/STUDY/科研/基于 RGB-Thermal 双模态融合的光伏组件缺陷检测与热斑识别/平台系统_完整版/training_pipeline_v2/prepared/cell_anomaly/images/train/cell2040.png,train,1,0,0
/Users/heyanfeng/Desktop/STUDY/科研/基于 RGB-Thermal 双模态融合的光伏组件缺陷检测与热斑识别/平台系统_完整版/training_pipeline_v2/prepared/cell_anomaly/images/train/cell0562.png,train,1,0,0
/Users/heyanfeng/Desktop/STUDY/科研/基于 RGB-Thermal 双模态融合的光伏组件缺陷检测与热斑识别/平台系统_完整版/training_pipeline_v2/prepared/cell_anomaly/images/train/cell1825.png,train,1,0,0
/Users/heyanfeng/Desktop/STUDY/科研/基于 RGB-Thermal 双模态融合的光伏组件缺陷检测与热斑识别/平台系统_完整版/training_pipeline_v2/prepared/cell_anomaly/images/train/cell2511.png,train,1,0,0
/Users/heyanfeng/Desktop/STUDY/科研/基于 RGB-Thermal 双模态融合的光伏组件缺陷检测与热斑识别/平台系统_完整版/training_pipeline_v2/prepared/cell_anomaly/images/train/cell2276.png,train,1,0,0
/Users/heyanfeng/Desktop/STUDY/科研/基于 RGB-Thermal 双模态融合的光伏组件缺陷检测与热斑识别/平台系统_完整版/training_pipeline_v2/prepared/cell_anomaly/images/train/cell2561.png,train,1,0,0
/Users/heyanfeng/Desktop/STUDY/科研/基于 RGB-Thermal 双模态融合的光伏组件缺陷检测与热斑识别/平台系统_完整版/training_pipeline_v2/prepared/cell_anomaly/images/train/cell1711.png,train,1,0,0
/Users/heyanfeng/Desktop/STUDY/科研/基于 RGB-Thermal 双模态融合的光伏组件缺陷检测与热斑识别/平台系统_完整版/training_pipeline_v2/prepared/cell_anomaly/images/train/cell2491.png,train,1,0,0
/Users/heyanfeng/Desktop/STUDY/科研/基于 RGB-Thermal 双模态融合的光伏组件缺陷检测与热斑识别/平台系统_完整版/training_pipeline_v2/prepared/cell_anomaly/images/train/cell2447.png,train,1,0,0
/Users/heyanfeng/Desktop/STUDY/科研/基于 RGB-Thermal 双模态融合的光伏组件缺陷检测与热斑识别/平台系统_完整版/training_pipeline_v2/prepared/cell_anomaly/images/train/cell1706.png,train,1,0,0
/Users/heyanfeng/Desktop/STUDY/科研/基于 RGB-Thermal 双模态融合的光伏组件缺陷检测与热斑识别/平台系统_完整版/training_pipeline_v2/prepared/cell_anomaly/images/train/cell0330.png,train,1,0,0
/Users/heyanfeng/Desktop/STUDY/科研/基于 RGB-Thermal 双模态融合的光伏组件缺陷检测与热斑识别/平台系统_完整版/training_pipeline_v2/prepared/cell_anomaly/images/train/cell2101.png,train,1,0,0
/Users/heyanfeng/Desktop/STUDY/科研/基于 RGB-Thermal 双模态融合的光伏组件缺陷检测与热斑识别/平台系统_完整版/training_pipeline_v2/prepared/cell_anomaly/images/train/cell0542.png,train,1,0,0
/Users/heyanfeng/Desktop/STUDY/科研/基于 RGB-Thermal 双模态融合的光伏组件缺陷检测与热斑识别/平台系统_完整版/training_pipeline_v2/prepared/cell_anomaly/images/train/cell0811.png,train,1,0,0
/Users/heyanfeng/Desktop/STUDY/科研/基于 RGB-Thermal 双模态融合的光伏组件缺陷检测与热斑识别/平台系统_完整版/training_pipeline_v2/prepared/cell_anomaly/images/train/cell1808.png,train,1,0,0
/Users/heyanfeng/Desktop/STUDY/科研/基于 RGB-Thermal 双模态融合的光伏组件缺陷检测与热斑识别/平台系统_完整版/training_pipeline_v2/prepared/cell_anomaly/images/train/cell1998.png,train,1,0,0
/Users/heyanfeng/Desktop/STUDY/科研/基于 RGB-Thermal 双模态融合的光伏组件缺陷检测与热斑识别/平台系统_完整版/training_pipeline_v2/prepared/cell_anomaly/images/train/cell0207.png,train,1,0,0
/Users/heyanfeng/Desktop/STUDY/科研/基于 RGB-Thermal 双模态融合的光伏组件缺陷检测与热斑识别/平台系统_完整版/training_pipeline_v2/prepared/cell_anomaly/images/train/cell2092.png,train,1,0,0
/Users/heyanfeng/Desktop/STUDY/科研/基于 RGB-Thermal 双模态融合的光伏组件缺陷检测与热斑识别/平台系统_完整版/training_pipeline_v2/prepared/cell_anomaly/images/train/cell0734.png,train,1,0,0
/Users/heyanfeng/Desktop/STUDY/科研/基于 RGB-Thermal 双模态融合的光伏组件缺陷检测与热斑识别/平台系统_完整版/training_pipeline_v2/prepared/cell_anomaly/images/train/cell0311.png,train,1,0,0
/Users/heyanfeng/Desktop/STUDY/科研/基于 RGB-Thermal 双模态融合的光伏组件缺陷检测与热斑识别/平台系统_完整版/training_pipeline_v2/prepared/cell_anomaly/images/train/cell0304.png,train,1,0,0
/Users/heyanfeng/Desktop/STUDY/科研/基于 RGB-Thermal 双模态融合的光伏组件缺陷检测与热斑识别/平台系统_完整版/training_pipeline_v2/prepared/cell_anomaly/images/train/cell1748.png,train,1,0,0
/Users/heyanfeng/Desktop/STUDY/科研/基于 RGB-Thermal 双模态融合的光伏组件缺陷检测与热斑识别/平台系统_完整版/training_pipeline_v2/prepared/cell_anomaly/images/train/cell1774.png,train,1,0,0
/Users/heyanfeng/Desktop/STUDY/科研/基于 RGB-Thermal 双模态融合的光伏组件缺陷检测与热斑识别/平台系统_完整版/training_pipeline_v2/prepared/cell_anomaly/images/train/cell1794.png,train,1,0,0
/Users/heyanfeng/Desktop/STUDY/科研/基于 RGB-Thermal 双模态融合的光伏组件缺陷检测与热斑识别/平台系统_完整版/training_pipeline_v2/prepared/cell_anomaly/images/train/cell0866.png,train,1,0,0
/Users/heyanfeng/Desktop/STUDY/科研/基于 RGB-Thermal 双模态融合的光伏组件缺陷检测与热斑识别/平台系统_完整版/training_pipeline_v2/prepared/cell_anomaly/images/train/cell0809.png,train,1,0,0
/Users/heyanfeng/Desktop/STUDY/科研/基于 RGB-Thermal 双模态融合的光伏组件缺陷检测与热斑识别/平台系统_完整版/training_pipeline_v2/prepared/cell_anomaly/images/train/cell0777.png,train,1,0,0
/Users/heyanfeng/Desktop/STUDY/科研/基于 RGB-Thermal 双模态融合的光伏组件缺陷检测与热斑识别/平台系统_完整版/training_pipeline_v2/prepared/cell_anomaly/images/train/cell2600.png,train,1,0,0
/Users/heyanfeng/Desktop/STUDY/科研/基于 RGB-Thermal 双模态融合的光伏组件缺陷检测与热斑识别/平台系统_完整版/training_pipeline_v2/prepared/cell_anomaly/images/train/cell0135.png,train,1,0,0
/Users/heyanfeng/Desktop/STUDY/科研/基于 RGB-Thermal 双模态融合的光伏组件缺陷检测与热斑识别/平台系统_完整版/training_pipeline_v2/prepared/cell_anomaly/images/train/cell2091.png,train,1,0,0
/Users/heyanfeng/Desktop/STUDY/科研/基于 RGB-Thermal 双模态融合的光伏组件缺陷检测与热斑识别/平台系统_完整版/training_pipeline_v2/prepared/cell_anomaly/images/train/cell1775.png,train,1,0,0
/Users/heyanfeng/Desktop/STUDY/科研/基于 RGB-Thermal 双模态融合的光伏组件缺陷检测与热斑识别/平台系统_完整版/training_pipeline_v2/prepared/cell_anomaly/images/train/cell1755.png,train,1,0,0
/Users/heyanfeng/Desktop/STUDY/科研/基于 RGB-Thermal 双模态融合的光伏组件缺陷检测与热斑识别/平台系统_完整版/training_pipeline_v2/prepared/cell_anomaly/images/train/cell0791.png,train,1,0,0
/Users/heyanfeng/Desktop/STUDY/科研/基于 RGB-Thermal 双模态融合的光伏组件缺陷检测与热斑识别/平台系统_完整版/training_pipeline_v2/prepared/cell_anomaly/images/train/cell2589.png,train,1,0,0
/Users/heyanfeng/Desktop/STUDY/科研/基于 RGB-Thermal 双模态融合的光伏组件缺陷检测与热斑识别/平台系统_完整版/training_pipeline_v2/prepared/cell_anomaly/images/train/cell2249.png,train,1,0,0
/Users/heyanfeng/Desktop/STUDY/科研/基于 RGB-Thermal 双模态融合的光伏组件缺陷检测与热斑识别/平台系统_完整版/training_pipeline_v2/prepared/cell_anomaly/images/train/cell0556.png,train,1,0,0
/Users/heyanfeng/Desktop/STUDY/科研/基于 RGB-Thermal 双模态融合的光伏组件缺陷检测与热斑识别/平台系统_完整版/training_pipeline_v2/prepared/cell_anomaly/images/train/cell2124.png,train,1,0,0
/Users/heyanfeng/Desktop/STUDY/科研/基于 RGB-Thermal 双模态融合的光伏组件缺陷检测与热斑识别/平台系统_完整版/training_pipeline_v2/prepared/cell_anomaly/images/train/cell2388.png,train,1,0,0
/Users/heyanfeng/Desktop/STUDY/科研/基于 RGB-Thermal 双模态融合的光伏组件缺陷检测与热斑识别/平台系统_完整版/training_pipeline_v2/prepared/cell_anomaly/images/train/cell2031.png,train,1,0,0
/Users/heyanfeng/Desktop/STUDY/科研/基于 RGB-Thermal 双模态融合的光伏组件缺陷检测与热斑识别/平台系统_完整版/training_pipeline_v2/prepared/cell_anomaly/images/train/cell0847.png,train,1,0,0
/Users/heyanfeng/Desktop/STUDY/科研/基于 RGB-Thermal 双模态融合的光伏组件缺陷检测与热斑识别/平台系统_完整版/training_pipeline_v2/prepared/cell_anomaly/images/train/cell2340.png,train,1,0,0
/Users/heyanfeng/Desktop/STUDY/科研/基于 RGB-Thermal 双模态融合的光伏组件缺陷检测与热斑识别/平台系统_完整版/training_pipeline_v2/prepared/cell_anomaly/images/train/cell2016.png,train,1,0,0
/Users/heyanfeng/Desktop/STUDY/科研/基于 RGB-Thermal 双模态融合的光伏组件缺陷检测与热斑识别/平台系统_完整版/training_pipeline_v2/prepared/cell_anomaly/images/train/cell0081.png,train,1,0,0
/Users/heyanfeng/Desktop/STUDY/科研/基于 RGB-Thermal 双模态融合的光伏组件缺陷检测与热斑识别/平台系统_完整版/training_pipeline_v2/prepared/cell_anomaly/images/train/cell2624.png,train,1,0,0
/Users/heyanfeng/Desktop/STUDY/科研/基于 RGB-Thermal 双模态融合的光伏组件缺陷检测与热斑识别/平台系统_完整版/training_pipeline_v2/prepared/cell_anomaly/images/train/cell2385.png,train,1,0,0
/Users/heyanfeng/Desktop/STUDY/科研/基于 RGB-Thermal 双模态融合的光伏组件缺陷检测与热斑识别/平台系统_完整版/training_pipeline_v2/prepared/cell_anomaly/images/train/cell2030.png,train,1,0,0
/Users/heyanfeng/Desktop/STUDY/科研/基于 RGB-Thermal 双模态融合的光伏组件缺陷检测与热斑识别/平台系统_完整版/training_pipeline_v2/prepared/cell_anomaly/images/train/cell2498.png,train,1,0,0
/Users/heyanfeng/Desktop/STUDY/科研/基于 RGB-Thermal 双模态融合的光伏组件缺陷检测与热斑识别/平台系统_完整版/training_pipeline_v2/prepared/cell_anomaly/images/train/cell2564.png,train,1,0,0
/Users/heyanfeng/Desktop/STUDY/科研/基于 RGB-Thermal 双模态融合的光伏组件缺陷检测与热斑识别/平台系统_完整版/training_pipeline_v2/prepared/cell_anomaly/images/train/cell2549.png,train,1,0,0
/Users/heyanfeng/Desktop/STUDY/科研/基于 RGB-Thermal 双模态融合的光伏组件缺陷检测与热斑识别/平台系统_完整版/training_pipeline_v2/prepared/cell_anomaly/images/train/cell1776.png,train,1,0,0
/Users/heyanfeng/Desktop/STUDY/科研/基于 RGB-Thermal 双模态融合的光伏组件缺陷检测与热斑识别/平台系统_完整版/training_pipeline_v2/prepared/cell_anomaly/images/train/cell0845.png,train,1,0,0
/Users/heyanfeng/Desktop/STUDY/科研/基于 RGB-Thermal 双模态融合的光伏组件缺陷检测与热斑识别/平台系统_完整版/training_pipeline_v2/prepared/cell_anomaly/images/train/cell0779.png,train,1,0,0
/Users/heyanfeng/Desktop/STUDY/科研/基于 RGB-Thermal 双模态融合的光伏组件缺陷检测与热斑识别/平台系统_完整版/training_pipeline_v2/prepared/cell_anomaly/images/train/cell0849.png,train,1,0,0
/Users/heyanfeng/Desktop/STUDY/科研/基于 RGB-Thermal 双模态融合的光伏组件缺陷检测与热斑识别/平台系统_完整版/training_pipeline_v2/prepared/cell_anomaly/images/train/cell0747.png,train,1,0,0
/Users/heyanfeng/Desktop/STUDY/科研/基于 RGB-Thermal 双模态融合的光伏组件缺陷检测与热斑识别/平台系统_完整版/training_pipeline_v2/prepared/cell_anomaly/images/train/cell1953.png,train,1,0,0
/Users/heyanfeng/Desktop/STUDY/科研/基于 RGB-Thermal 双模态融合的光伏组件缺陷检测与热斑识别/平台系统_完整版/training_pipeline_v2/prepared/cell_anomaly/images/train/cell1920.png,train,1,0,0
/Users/heyanfeng/Desktop/STUDY/科研/基于 RGB-Thermal 双模态融合的光伏组件缺陷检测与热斑识别/平台系统_完整版/training_pipeline_v2/prepared/cell_anomaly/images/train/cell0267.png,train,1,0,0
/Users/heyanfeng/Desktop/STUDY/科研/基于 RGB-Thermal 双模态融合的光伏组件缺陷检测与热斑识别/平台系统_完整版/training_pipeline_v2/prepared/cell_anomaly/images/train/cell2615.png,train,1,0,0
/Users/heyanfeng/Desktop/STUDY/科研/基于 RGB-Thermal 双模态融合的光伏组件缺陷检测与热斑识别/平台系统_完整版/training_pipeline_v2/prepared/cell_anomaly/images/train/cell2458.png,train,1,0,0
/Users/heyanfeng/Desktop/STUDY/科研/基于 RGB-Thermal 双模态融合的光伏组件缺陷检测与热斑识别/平台系统_完整版/training_pipeline_v2/prepared/cell_anomaly/images/train/cell1990.png,train,1,0,0
/Users/heyanfeng/Desktop/STUDY/科研/基于 RGB-Thermal 双模态融合的光伏组件缺陷检测与热斑识别/平台系统_完整版/training_pipeline_v2/prepared/cell_anomaly/images/train/cell1764.png,train,1,0,0
/Users/heyanfeng/Desktop/STUDY/科研/基于 RGB-Thermal 双模态融合的光伏组件缺陷检测与热斑识别/平台系统_完整版/training_pipeline_v2/prepared/cell_anomaly/images/train/cell1640.png,train,1,0,0
/Users/heyanfeng/Desktop/STUDY/科研/基于 RGB-Thermal 双模态融合的光伏组件缺陷检测与热斑识别/平台系统_完整版/training_pipeline_v2/prepared/cell_anomaly/images/train/cell0216.png,train,1,0,0
/Users/heyanfeng/Desktop/STUDY/科研/基于 RGB-Thermal 双模态融合的光伏组件缺陷检测与热斑识别/平台系统_完整版/training_pipeline_v2/prepared/cell_anomaly/images/train/cell1951.png,train,1,0,0
/Users/heyanfeng/Desktop/STUDY/科研/基于 RGB-Thermal 双模态融合的光伏组件缺陷检测与热斑识别/平台系统_完整版/training_pipeline_v2/prepared/cell_anomaly/images/train/cell2367.png,train,1,0,0
/Users/heyanfeng/Desktop/STUDY/科研/基于 RGB-Thermal 双模态融合的光伏组件缺陷检测与热斑识别/平台系统_完整版/training_pipeline_v2/prepared/cell_anomaly/images/train/cell0625.png,train,1,0,0
/Users/heyanfeng/Desktop/STUDY/科研/基于 RGB-Thermal 双模态融合的光伏组件缺陷检测与热斑识别/平台系统_完整版/training_pipeline_v2/prepared/cell_anomaly/images/train/cell2009.png,train,1,0,0
/Users/heyanfeng/Desktop/STUDY/科研/基于 RGB-Thermal 双模态融合的光伏组件缺陷检测与热斑识别/平台系统_完整版/training_pipeline_v2/prepared/cell_anomaly/images/train/cell2448.png,train,1,0,0
/Users/heyanfeng/Desktop/STUDY/科研/基于 RGB-Thermal 双模态融合的光伏组件缺陷检测与热斑识别/平台系统_完整版/training_pipeline_v2/prepared/cell_anomaly/images/train/cell0568.png,train,1,0,0
/Users/heyanfeng/Desktop/STUDY/科研/基于 RGB-Thermal 双模态融合的光伏组件缺陷检测与热斑识别/平台系统_完整版/training_pipeline_v2/prepared/cell_anomaly/images/train/cell0576.png,train,1,0,0
/Users/heyanfeng/Desktop/STUDY/科研/基于 RGB-Thermal 双模态融合的光伏组件缺陷检测与热斑识别/平台系统_完整版/training_pipeline_v2/prepared/cell_anomaly/images/train/cell1699.png,train,1,0,0
/Users/heyanfeng/Desktop/STUDY/科研/基于 RGB-Thermal 双模态融合的光伏组件缺陷检测与热斑识别/平台系统_完整版/training_pipeline_v2/prepared/cell_anomaly/images/train/cell0359.png,train,1,0,0
/Users/heyanfeng/Desktop/STUDY/科研/基于 RGB-Thermal 双模态融合的光伏组件缺陷检测与热斑识别/平台系统_完整版/training_pipeline_v2/prepared/cell_anomaly/images/train/cell0210.png,train,1,0,0
/Users/heyanfeng/Desktop/STUDY/科研/基于 RGB-Thermal 双模态融合的光伏组件缺陷检测与热斑识别/平台系统_完整版/training_pipeline_v2/prepared/cell_anomaly/images/train/cell2096.png,train,1,0,0
/Users/heyanfeng/Desktop/STUDY/科研/基于 RGB-Thermal 双模态融合的光伏组件缺陷检测与热斑识别/平台系统_完整版/training_pipeline_v2/prepared/cell_anomaly/images/train/cell1799.png,train,1,0,0
/Users/heyanfeng/Desktop/STUDY/科研/基于 RGB-Thermal 双模态融合的光伏组件缺陷检测与热斑识别/平台系统_完整版/training_pipeline_v2/prepared/cell_anomaly/images/train/cell0592.png,train,1,0,0
/Users/heyanfeng/Desktop/STUDY/科研/基于 RGB-Thermal 双模态融合的光伏组件缺陷检测与热斑识别/平台系统_完整版/training_pipeline_v2/prepared/cell_anomaly/images/train/cell0151.png,train,1,0,0
/Users/heyanfeng/Desktop/STUDY/科研/基于 RGB-Thermal 双模态融合的光伏组件缺陷检测与热斑识别/平台系统_完整版/training_pipeline_v2/prepared/cell_anomaly/images/train/cell1931.png,train,1,0,0
/Users/heyanfeng/Desktop/STUDY/科研/基于 RGB-Thermal 双模态融合的光伏组件缺陷检测与热斑识别/平台系统_完整版/training_pipeline_v2/prepared/cell_anomaly/images/train/cell2086.png,train,1,0,0
/Users/heyanfeng/Desktop/STUDY/科研/基于 RGB-Thermal 双模态融合的光伏组件缺陷检测与热斑识别/平台系统_完整版/training_pipeline_v2/prepared/cell_anomaly/images/train/cell0178.png,train,1,0,0
/Users/heyanfeng/Desktop/STUDY/科研/基于 RGB-Thermal 双模态融合的光伏组件缺陷检测与热斑识别/平台系统_完整版/training_pipeline_v2/prepared/cell_anomaly/images/train/cell2302.png,train,1,0,0
/Users/heyanfeng/Desktop/STUDY/科研/基于 RGB-Thermal 双模态融合的光伏组件缺陷检测与热斑识别/平台系统_完整版/training_pipeline_v2/prepared/cell_anomaly/images/train/cell2132.png,train,1,0,0
/Users/heyanfeng/Desktop/STUDY/科研/基于 RGB-Thermal 双模态融合的光伏组件缺陷检测与热斑识别/平台系统_完整版/training_pipeline_v2/prepared/cell_anomaly/images/train/cell0181.png,train,1,0,0
/Users/heyanfeng/Desktop/STUDY/科研/基于 RGB-Thermal 双模态融合的光伏组件缺陷检测与热斑识别/平台系统_完整版/training_pipeline_v2/prepared/cell_anomaly/images/train/cell0745.png,train,1,0,0
/Users/heyanfeng/Desktop/STUDY/科研/基于 RGB-Thermal 双模态融合的光伏组件缺陷检测与热斑识别/平台系统_完整版/training_pipeline_v2/prepared/cell_anomaly/images/train/cell1705.png,train,1,0,0
/Users/heyanfeng/Desktop/STUDY/科研/基于 RGB-Thermal 双模态融合的光伏组件缺陷检测与热斑识别/平台系统_完整版/training_pipeline_v2/prepared/cell_anomaly/images/train/cell2028.png,train,1,0,0
/Users/heyanfeng/Desktop/STUDY/科研/基于 RGB-Thermal 双模态融合的光伏组件缺陷检测与热斑识别/平台系统_完整版/training_pipeline_v2/prepared/cell_anomaly/images/train/cell1806.png,train,1,0,0
/Users/heyanfeng/Desktop/STUDY/科研/基于 RGB-Thermal 双模态融合的光伏组件缺陷检测与热斑识别/平台系统_完整版/training_pipeline_v2/prepared/cell_anomaly/images/train/cell1870.png,train,1,0,0
/Users/heyanfeng/Desktop/STUDY/科研/基于 RGB-Thermal 双模态融合的光伏组件缺陷检测与热斑识别/平台系统_完整版/training_pipeline_v2/prepared/cell_anomaly/images/train/cell0258.png,train,1,0,0
/Users/heyanfeng/Desktop/STUDY/科研/基于 RGB-Thermal 双模态融合的光伏组件缺陷检测与热斑识别/平台系统_完整版/training_pipeline_v2/prepared/cell_anomaly/images/train/cell0716.png,train,1,0,0
/Users/heyanfeng/Desktop/STUDY/科研/基于 RGB-Thermal 双模态融合的光伏组件缺陷检测与热斑识别/平台系统_完整版/training_pipeline_v2/prepared/cell_anomaly/images/train/cell0818.png,train,1,0,0
/Users/heyanfeng/Desktop/STUDY/科研/基于 RGB-Thermal 双模态融合的光伏组件缺陷检测与热斑识别/平台系统_完整版/training_pipeline_v2/prepared/cell_anomaly/images/train/cell0095.png,train,1,0,0
/Users/heyanfeng/Desktop/STUDY/科研/基于 RGB-Thermal 双模态融合的光伏组件缺陷检测与热斑识别/平台系统_完整版/training_pipeline_v2/prepared/cell_anomaly/images/train/cell0345.png,train,1,0,0
/Users/heyanfeng/Desktop/STUDY/科研/基于 RGB-Thermal 双模态融合的光伏组件缺陷检测与热斑识别/平台系统_完整版/training_pipeline_v2/prepared/cell_anomaly/images/train/cell1883.png,train,1,0,0
/Users/heyanfeng/Desktop/STUDY/科研/基于 RGB-Thermal 双模态融合的光伏组件缺陷检测与热斑识别/平台系统_完整版/training_pipeline_v2/prepared/cell_anomaly/images/train/cell2246.png,train,1,0,0
/Users/heyanfeng/Desktop/STUDY/科研/基于 RGB-Thermal 双模态融合的光伏组件缺陷检测与热斑识别/平台系统_完整版/training_pipeline_v2/prepared/cell_anomaly/images/train/cell1796.png,train,1,0,0
/Users/heyanfeng/Desktop/STUDY/科研/基于 RGB-Thermal 双模态融合的光伏组件缺陷检测与热斑识别/平台系统_完整版/training_pipeline_v2/prepared/cell_anomaly/images/train/cell2303.png,train,1,0,0
/Users/heyanfeng/Desktop/STUDY/科研/基于 RGB-Thermal 双模态融合的光伏组件缺陷检测与热斑识别/平台系统_完整版/training_pipeline_v2/prepared/cell_anomaly/images/train/cell0826.png,train,1,0,0
/Users/heyanfeng/Desktop/STUDY/科研/基于 RGB-Thermal 双模态融合的光伏组件缺陷检测与热斑识别/平台系统_完整版/training_pipeline_v2/prepared/cell_anomaly/images/train/cell0707.png,train,1,0,0
/Users/heyanfeng/Desktop/STUDY/科研/基于 RGB-Thermal 双模态融合的光伏组件缺陷检测与热斑识别/平台系统_完整版/training_pipeline_v2/prepared/cell_anomaly/images/train/cell0084.png,train,1,0,0
/Users/heyanfeng/Desktop/STUDY/科研/基于 RGB-Thermal 双模态融合的光伏组件缺陷检测与热斑识别/平台系统_完整版/training_pipeline_v2/prepared/cell_anomaly/images/train/cell2616.png,train,1,0,0
/Users/heyanfeng/Desktop/STUDY/科研/基于 RGB-Thermal 双模态融合的光伏组件缺陷检测与热斑识别/平台系统_完整版/training_pipeline_v2/prepared/cell_anomaly/images/train/cell0737.png,train,1,0,0
/Users/heyanfeng/Desktop/STUDY/科研/基于 RGB-Thermal 双模态融合的光伏组件缺陷检测与热斑识别/平台系统_完整版/training_pipeline_v2/prepared/cell_anomaly/images/train/cell1832.png,train,1,0,0
/Users/heyanfeng/Desktop/STUDY/科研/基于 RGB-Thermal 双模态融合的光伏组件缺陷检测与热斑识别/平台系统_完整版/training_pipeline_v2/prepared/cell_anomaly/images/train/cell2595.png,train,1,0,0
/Users/heyanfeng/Desktop/STUDY/科研/基于 RGB-Thermal 双模态融合的光伏组件缺陷检测与热斑识别/平台系统_完整版/training_pipeline_v2/prepared/cell_anomaly/images/train/cell1938.png,train,1,0,0
/Users/heyanfeng/Desktop/STUDY/科研/基于 RGB-Thermal 双模态融合的光伏组件缺陷检测与热斑识别/平台系统_完整版/training_pipeline_v2/prepared/cell_anomaly/images/train/cell0574.png,train,1,0,0
/Users/heyanfeng/Desktop/STUDY/科研/基于 RGB-Thermal 双模态融合的光伏组件缺陷检测与热斑识别/平台系统_完整版/training_pipeline_v2/prepared/cell_anomaly/images/train/cell2571.png,train,1,0,0
/Users/heyanfeng/Desktop/STUDY/科研/基于 RGB-Thermal 双模态融合的光伏组件缺陷检测与热斑识别/平台系统_完整版/training_pipeline_v2/prepared/cell_anomaly/images/train/cell2542.png,train,1,0,0
/Users/heyanfeng/Desktop/STUDY/科研/基于 RGB-Thermal 双模态融合的光伏组件缺陷检测与热斑识别/平台系统_完整版/training_pipeline_v2/prepared/cell_anomaly/images/train/cell0770.png,train,1,0,0
/Users/heyanfeng/Desktop/STUDY/科研/基于 RGB-Thermal 双模态融合的光伏组件缺陷检测与热斑识别/平台系统_完整版/training_pipeline_v2/prepared/cell_anomaly/images/train/cell2130.png,train,1,0,0
/Users/heyanfeng/Desktop/STUDY/科研/基于 RGB-Thermal 双模态融合的光伏组件缺陷检测与热斑识别/平台系统_完整版/training_pipeline_v2/prepared/cell_anomaly/images/train/cell2361.png,train,1,0,0
/Users/heyanfeng/Desktop/STUDY/科研/基于 RGB-Thermal 双模态融合的光伏组件缺陷检测与热斑识别/平台系统_完整版/training_pipeline_v2/prepared/cell_anomaly/images/train/cell1874.png,train,1,0,0
/Users/heyanfeng/Desktop/STUDY/科研/基于 RGB-Thermal 双模态融合的光伏组件缺陷检测与热斑识别/平台系统_完整版/training_pipeline_v2/prepared/cell_anomaly/images/train/cell0334.png,train,1,0,0
/Users/heyanfeng/Desktop/STUDY/科研/基于 RGB-Thermal 双模态融合的光伏组件缺陷检测与热斑识别/平台系统_完整版/training_pipeline_v2/prepared/cell_anomaly/images/train/cell2333.png,train,1,0,0
/Users/heyanfeng/Desktop/STUDY/科研/基于 RGB-Thermal 双模态融合的光伏组件缺陷检测与热斑识别/平台系统_完整版/training_pipeline_v2/prepared/cell_anomaly/images/train/cell2011.png,train,1,0,0
/Users/heyanfeng/Desktop/STUDY/科研/基于 RGB-Thermal 双模态融合的光伏组件缺陷检测与热斑识别/平台系统_完整版/training_pipeline_v2/prepared/cell_anomaly/images/train/cell0327.png,train,1,0,0
/Users/heyanfeng/Desktop/STUDY/科研/基于 RGB-Thermal 双模态融合的光伏组件缺陷检测与热斑识别/平台系统_完整版/training_pipeline_v2/prepared/cell_anomaly/images/train/cell0166.png,train,1,0,0
/Users/heyanfeng/Desktop/STUDY/科研/基于 RGB-Thermal 双模态融合的光伏组件缺陷检测与热斑识别/平台系统_完整版/training_pipeline_v2/prepared/cell_anomaly/images/train/cell2569.png,train,1,0,0
/Users/heyanfeng/Desktop/STUDY/科研/基于 RGB-Thermal 双模态融合的光伏组件缺陷检测与热斑识别/平台系统_完整版/training_pipeline_v2/prepared/cell_anomaly/images/train/cell0776.png,train,1,0,0
/Users/heyanfeng/Desktop/STUDY/科研/基于 RGB-Thermal 双模态融合的光伏组件缺陷检测与热斑识别/平台系统_完整版/training_pipeline_v2/prepared/cell_anomaly/images/train/cell0557.png,train,1,0,0
/Users/heyanfeng/Desktop/STUDY/科研/基于 RGB-Thermal 双模态融合的光伏组件缺陷检测与热斑识别/平台系统_完整版/training_pipeline_v2/prepared/cell_anomaly/images/train/cell0766.png,train,1,0,0
/Users/heyanfeng/Desktop/STUDY/科研/基于 RGB-Thermal 双模态融合的光伏组件缺陷检测与热斑识别/平台系统_完整版/training_pipeline_v2/prepared/cell_anomaly/images/train/cell1686.png,train,1,0,0
/Users/heyanfeng/Desktop/STUDY/科研/基于 RGB-Thermal 双模态融合的光伏组件缺陷检测与热斑识别/平台系统_完整版/training_pipeline_v2/prepared/cell_anomaly/images/train/cell2342.png,train,1,0,0
/Users/heyanfeng/Desktop/STUDY/科研/基于 RGB-Thermal 双模态融合的光伏组件缺陷检测与热斑识别/平台系统_完整版/training_pipeline_v2/prepared/cell_anomaly/images/train/cell2262.png,train,1,0,0
/Users/heyanfeng/Desktop/STUDY/科研/基于 RGB-Thermal 双模态融合的光伏组件缺陷检测与热斑识别/平台系统_完整版/training_pipeline_v2/prepared/cell_anomaly/images/train/cell0234.png,train,1,0,0
/Users/heyanfeng/Desktop/STUDY/科研/基于 RGB-Thermal 双模态融合的光伏组件缺陷检测与热斑识别/平台系统_完整版/training_pipeline_v2/prepared/cell_anomaly/images/train/cell1915.png,train,1,0,0
/Users/heyanfeng/Desktop/STUDY/科研/基于 RGB-Thermal 双模态融合的光伏组件缺陷检测与热斑识别/平台系统_完整版/training_pipeline_v2/prepared/cell_anomaly/images/train/cell0893.png,train,1,0,0
/Users/heyanfeng/Desktop/STUDY/科研/基于 RGB-Thermal 双模态融合的光伏组件缺陷检测与热斑识别/平台系统_完整版/training_pipeline_v2/prepared/cell_anomaly/images/train/cell1744.png,train,1,0,0
/Users/heyanfeng/Desktop/STUDY/科研/基于 RGB-Thermal 双模态融合的光伏组件缺陷检测与热斑识别/平台系统_完整版/training_pipeline_v2/prepared/cell_anomaly/images/train/cell2002.png,train,1,0,0
/Users/heyanfeng/Desktop/STUDY/科研/基于 RGB-Thermal 双模态融合的光伏组件缺陷检测与热斑识别/平台系统_完整版/training_pipeline_v2/prepared/cell_anomaly/images/train/cell0655.png,train,1,0,0
/Users/heyanfeng/Desktop/STUDY/科研/基于 RGB-Thermal 双模态融合的光伏组件缺陷检测与热斑识别/平台系统_完整版/training_pipeline_v2/prepared/cell_anomaly/images/train/cell0118.png,train,1,0,0
/Users/heyanfeng/Desktop/STUDY/科研/基于 RGB-Thermal 双模态融合的光伏组件缺陷检测与热斑识别/平台系统_完整版/training_pipeline_v2/prepared/cell_anomaly/images/train/cell1996.png,train,1,0,0
/Users/heyanfeng/Desktop/STUDY/科研/基于 RGB-Thermal 双模态融合的光伏组件缺陷检测与热斑识别/平台系统_完整版/training_pipeline_v2/prepared/cell_anomaly/images/train/cell2059.png,train,1,0,0
/Users/heyanfeng/Desktop/STUDY/科研/基于 RGB-Thermal 双模态融合的光伏组件缺陷检测与热斑识别/平台系统_完整版/training_pipeline_v2/prepared/cell_anomaly/images/train/cell0121.png,train,1,0,0
/Users/heyanfeng/Desktop/STUDY/科研/基于 RGB-Thermal 双模态融合的光伏组件缺陷检测与热斑识别/平台系统_完整版/training_pipeline_v2/prepared/cell_anomaly/images/train/cell2309.png,train,1,0,0
/Users/heyanfeng/Desktop/STUDY/科研/基于 RGB-Thermal 双模态融合的光伏组件缺陷检测与热斑识别/平台系统_完整版/training_pipeline_v2/prepared/cell_anomaly/images/train/cell2363.png,train,1,0,0
/Users/heyanfeng/Desktop/STUDY/科研/基于 RGB-Thermal 双模态融合的光伏组件缺陷检测与热斑识别/平台系统_完整版/training_pipeline_v2/prepared/cell_anomaly/images/train/cell2307.png,train,1,0,0
/Users/heyanfeng/Desktop/STUDY/科研/基于 RGB-Thermal 双模态融合的光伏组件缺陷检测与热斑识别/平台系统_完整版/training_pipeline_v2/prepared/cell_anomaly/images/train/cell1899.png,train,1,0,0
/Users/heyanfeng/Desktop/STUDY/科研/基于 RGB-Thermal 双模态融合的光伏组件缺陷检测与热斑识别/平台系统_完整版/training_pipeline_v2/prepared/cell_anomaly/images/train/cell1911.png,train,1,0,0
/Users/heyanfeng/Desktop/STUDY/科研/基于 RGB-Thermal 双模态融合的光伏组件缺陷检测与热斑识别/平台系统_完整版/training_pipeline_v2/prepared/cell_anomaly/images/train/cell1816.png,train,1,0,0
/Users/heyanfeng/Desktop/STUDY/科研/基于 RGB-Thermal 双模态融合的光伏组件缺陷检测与热斑识别/平台系统_完整版/training_pipeline_v2/prepared/cell_anomaly/images/train/cell1916.png,train,1,0,0
/Users/heyanfeng/Desktop/STUDY/科研/基于 RGB-Thermal 双模态融合的光伏组件缺陷检测与热斑识别/平台系统_完整版/training_pipeline_v2/prepared/cell_anomaly/images/train/cell1864.png,train,1,0,0
/Users/heyanfeng/Desktop/STUDY/科研/基于 RGB-Thermal 双模态融合的光伏组件缺陷检测与热斑识别/平台系统_完整版/training_pipeline_v2/prepared/cell_anomaly/images/train/cell2314.png,train,1,0,0
/Users/heyanfeng/Desktop/STUDY/科研/基于 RGB-Thermal 双模态融合的光伏组件缺陷检测与热斑识别/平台系统_完整版/training_pipeline_v2/prepared/cell_anomaly/images/train/cell2545.png,train,1,0,0
/Users/heyanfeng/Desktop/STUDY/科研/基于 RGB-Thermal 双模态融合的光伏组件缺陷检测与热斑识别/平台系统_完整版/training_pipeline_v2/prepared/cell_anomaly/images/train/cell0341.png,train,1,0,0
/Users/heyanfeng/Desktop/STUDY/科研/基于 RGB-Thermal 双模态融合的光伏组件缺陷检测与热斑识别/平台系统_完整版/training_pipeline_v2/prepared/cell_anomaly/images/train/cell2381.png,train,1,0,0
/Users/heyanfeng/Desktop/STUDY/科研/基于 RGB-Thermal 双模态融合的光伏组件缺陷检测与热斑识别/平台系统_完整版/training_pipeline_v2/prepared/cell_anomaly/images/train/cell2296.png,train,1,0,0
/Users/heyanfeng/Desktop/STUDY/科研/基于 RGB-Thermal 双模态融合的光伏组件缺陷检测与热斑识别/平台系统_完整版/training_pipeline_v2/prepared/cell_anomaly/images/train/cell1797.png,train,1,0,0
/Users/heyanfeng/Desktop/STUDY/科研/基于 RGB-Thermal 双模态融合的光伏组件缺陷检测与热斑识别/平台系统_完整版/training_pipeline_v2/prepared/cell_anomaly/images/train/cell2254.png,train,1,0,0
/Users/heyanfeng/Desktop/STUDY/科研/基于 RGB-Thermal 双模态融合的光伏组件缺陷检测与热斑识别/平台系统_完整版/training_pipeline_v2/prepared/cell_anomaly/images/train/cell2286.png,train,1,0,0
/Users/heyanfeng/Desktop/STUDY/科研/基于 RGB-Thermal 双模态融合的光伏组件缺陷检测与热斑识别/平台系统_完整版/training_pipeline_v2/prepared/cell_anomaly/images/train/cell0690.png,train,1,0,0
/Users/heyanfeng/Desktop/STUDY/科研/基于 RGB-Thermal 双模态融合的光伏组件缺陷检测与热斑识别/平台系统_完整版/training_pipeline_v2/prepared/cell_anomaly/images/train/cell2490.png,train,1,0,0
/Users/heyanfeng/Desktop/STUDY/科研/基于 RGB-Thermal 双模态融合的光伏组件缺陷检测与热斑识别/平台系统_完整版/training_pipeline_v2/prepared/cell_anomaly/images/train/cell2256.png,train,1,0,0
/Users/heyanfeng/Desktop/STUDY/科研/基于 RGB-Thermal 双模态融合的光伏组件缺陷检测与热斑识别/平台系统_完整版/training_pipeline_v2/prepared/cell_anomaly/images/train/cell1751.png,train,1,0,0
/Users/heyanfeng/Desktop/STUDY/科研/基于 RGB-Thermal 双模态融合的光伏组件缺陷检测与热斑识别/平台系统_完整版/training_pipeline_v2/prepared/cell_anomaly/images/train/cell2482.png,train,1,0,0
/Users/heyanfeng/Desktop/STUDY/科研/基于 RGB-Thermal 双模态融合的光伏组件缺陷检测与热斑识别/平台系统_完整版/training_pipeline_v2/prepared/cell_anomaly/images/train/cell1868.png,train,1,0,0
/Users/heyanfeng/Desktop/STUDY/科研/基于 RGB-Thermal 双模态融合的光伏组件缺陷检测与热斑识别/平台系统_完整版/training_pipeline_v2/prepared/cell_anomaly/images/train/cell1855.png,train,1,0,0
/Users/heyanfeng/Desktop/STUDY/科研/基于 RGB-Thermal 双模态融合的光伏组件缺陷检测与热斑识别/平台系统_完整版/training_pipeline_v2/prepared/cell_anomaly/images/train/cell2227.png,train,1,0,0
/Users/heyanfeng/Desktop/STUDY/科研/基于 RGB-Thermal 双模态融合的光伏组件缺陷检测与热斑识别/平台系统_完整版/training_pipeline_v2/prepared/cell_anomaly/images/train/cell0643.png,train,1,0,0
/Users/heyanfeng/Desktop/STUDY/科研/基于 RGB-Thermal 双模态融合的光伏组件缺陷检测与热斑识别/平台系统_完整版/training_pipeline_v2/prepared/cell_anomaly/images/train/cell0062.png,train,1,0,0
/Users/heyanfeng/Desktop/STUDY/科研/基于 RGB-Thermal 双模态融合的光伏组件缺陷检测与热斑识别/平台系统_完整版/training_pipeline_v2/prepared/cell_anomaly/images/train/cell0144.png,train,1,0,0
/Users/heyanfeng/Desktop/STUDY/科研/基于 RGB-Thermal 双模态融合的光伏组件缺陷检测与热斑识别/平台系统_完整版/training_pipeline_v2/prepared/cell_anomaly/images/train/cell2243.png,train,1,0,0
/Users/heyanfeng/Desktop/STUDY/科研/基于 RGB-Thermal 双模态融合的光伏组件缺陷检测与热斑识别/平台系统_完整版/training_pipeline_v2/prepared/cell_anomaly/images/train/cell2306.png,train,1,0,0
/Users/heyanfeng/Desktop/STUDY/科研/基于 RGB-Thermal 双模态融合的光伏组件缺陷检测与热斑识别/平台系统_完整版/training_pipeline_v2/prepared/cell_anomaly/images/train/cell2321.png,train,1,0,0
/Users/heyanfeng/Desktop/STUDY/科研/基于 RGB-Thermal 双模态融合的光伏组件缺陷检测与热斑识别/平台系统_完整版/training_pipeline_v2/prepared/cell_anomaly/images/train/cell0856.png,train,1,0,0
/Users/heyanfeng/Desktop/STUDY/科研/基于 RGB-Thermal 双模态融合的光伏组件缺陷检测与热斑识别/平台系统_完整版/training_pipeline_v2/prepared/cell_anomaly/images/train/cell0819.png,train,1,0,0
/Users/heyanfeng/Desktop/STUDY/科研/基于 RGB-Thermal 双模态融合的光伏组件缺陷检测与热斑识别/平台系统_完整版/training_pipeline_v2/prepared/cell_anomaly/images/train/cell0137.png,train,1,0,0
/Users/heyanfeng/Desktop/STUDY/科研/基于 RGB-Thermal 双模态融合的光伏组件缺陷检测与热斑识别/平台系统_完整版/training_pipeline_v2/prepared/cell_anomaly/images/train/cell2329.png,train,1,0,0
/Users/heyanfeng/Desktop/STUDY/科研/基于 RGB-Thermal 双模态融合的光伏组件缺陷检测与热斑识别/平台系统_完整版/training_pipeline_v2/prepared/cell_anomaly/images/train/cell2539.png,train,1,0,0
/Users/heyanfeng/Desktop/STUDY/科研/基于 RGB-Thermal 双模态融合的光伏组件缺陷检测与热斑识别/平台系统_完整版/training_pipeline_v2/prepared/cell_anomaly/images/train/cell0664.png,train,1,0,0
/Users/heyanfeng/Desktop/STUDY/科研/基于 RGB-Thermal 双模态融合的光伏组件缺陷检测与热斑识别/平台系统_完整版/training_pipeline_v2/prepared/cell_anomaly/images/train/cell2272.png,train,1,0,0
/Users/heyanfeng/Desktop/STUDY/科研/基于 RGB-Thermal 双模态融合的光伏组件缺陷检测与热斑识别/平台系统_完整版/training_pipeline_v2/prepared/cell_anomaly/images/train/cell2507.png,train,1,0,0
/Users/heyanfeng/Desktop/STUDY/科研/基于 RGB-Thermal 双模态融合的光伏组件缺陷检测与热斑识别/平台系统_完整版/training_pipeline_v2/prepared/cell_anomaly/images/train/cell0683.png,train,1,0,0
/Users/heyanfeng/Desktop/STUDY/科研/基于 RGB-Thermal 双模态融合的光伏组件缺陷检测与热斑识别/平台系统_完整版/training_pipeline_v2/prepared/cell_anomaly/images/train/cell1830.png,train,1,0,0
/Users/heyanfeng/Desktop/STUDY/科研/基于 RGB-Thermal 双模态融合的光伏组件缺陷检测与热斑识别/平台系统_完整版/training_pipeline_v2/prepared/cell_anomaly/images/train/cell0769.png,train,1,0,0
/Users/heyanfeng/Desktop/STUDY/科研/基于 RGB-Thermal 双模态融合的光伏组件缺陷检测与热斑识别/平台系统_完整版/training_pipeline_v2/prepared/cell_anomaly/images/train/cell2506.png,train,1,0,0
/Users/heyanfeng/Desktop/STUDY/科研/基于 RGB-Thermal 双模态融合的光伏组件缺陷检测与热斑识别/平台系统_完整版/training_pipeline_v2/prepared/cell_anomaly/images/train/cell0746.png,train,1,0,0
/Users/heyanfeng/Desktop/STUDY/科研/基于 RGB-Thermal 双模态融合的光伏组件缺陷检测与热斑识别/平台系统_完整版/training_pipeline_v2/prepared/cell_anomaly/images/train/cell0193.png,train,1,0,0
/Users/heyanfeng/Desktop/STUDY/科研/基于 RGB-Thermal 双模态融合的光伏组件缺陷检测与热斑识别/平台系统_完整版/training_pipeline_v2/prepared/cell_anomaly/images/train/cell1740.png,train,1,0,0
/Users/heyanfeng/Desktop/STUDY/科研/基于 RGB-Thermal 双模态融合的光伏组件缺陷检测与热斑识别/平台系统_完整版/training_pipeline_v2/prepared/cell_anomaly/images/train/cell1877.png,train,1,0,0
/Users/heyanfeng/Desktop/STUDY/科研/基于 RGB-Thermal 双模态融合的光伏组件缺陷检测与热斑识别/平台系统_完整版/training_pipeline_v2/prepared/cell_anomaly/images/train/cell2278.png,train,1,0,0
/Users/heyanfeng/Desktop/STUDY/科研/基于 RGB-Thermal 双模态融合的光伏组件缺陷检测与热斑识别/平台系统_完整版/training_pipeline_v2/prepared/cell_anomaly/images/train/cell2308.png,train,1,0,0
/Users/heyanfeng/Desktop/STUDY/科研/基于 RGB-Thermal 双模态融合的光伏组件缺陷检测与热斑识别/平台系统_完整版/training_pipeline_v2/prepared/cell_anomaly/images/train/cell2479.png,train,1,0,0
/Users/heyanfeng/Desktop/STUDY/科研/基于 RGB-Thermal 双模态融合的光伏组件缺陷检测与热斑识别/平台系统_完整版/training_pipeline_v2/prepared/cell_anomaly/images/train/cell0829.png,train,1,0,0
/Users/heyanfeng/Desktop/STUDY/科研/基于 RGB-Thermal 双模态融合的光伏组件缺陷检测与热斑识别/平台系统_完整版/training_pipeline_v2/prepared/cell_anomaly/images/train/cell0567.png,train,1,0,0
/Users/heyanfeng/Desktop/STUDY/科研/基于 RGB-Thermal 双模态融合的光伏组件缺陷检测与热斑识别/平台系统_完整版/training_pipeline_v2/prepared/cell_anomaly/images/train/cell1865.png,train,1,0,0
/Users/heyanfeng/Desktop/STUDY/科研/基于 RGB-Thermal 双模态融合的光伏组件缺陷检测与热斑识别/平台系统_完整版/training_pipeline_v2/prepared/cell_anomaly/images/train/cell1787.png,train,1,0,0
/Users/heyanfeng/Desktop/STUDY/科研/基于 RGB-Thermal 双模态融合的光伏组件缺陷检测与热斑识别/平台系统_完整版/training_pipeline_v2/prepared/cell_anomaly/images/train/cell2553.png,train,1,0,0
/Users/heyanfeng/Desktop/STUDY/科研/基于 RGB-Thermal 双模态融合的光伏组件缺陷检测与热斑识别/平台系统_完整版/training_pipeline_v2/prepared/cell_anomaly/images/train/cell2129.png,train,1,0,0
/Users/heyanfeng/Desktop/STUDY/科研/基于 RGB-Thermal 双模态融合的光伏组件缺陷检测与热斑识别/平台系统_完整版/training_pipeline_v2/prepared/cell_anomaly/images/train/cell2365.png,train,1,0,0
/Users/heyanfeng/Desktop/STUDY/科研/基于 RGB-Thermal 双模态融合的光伏组件缺陷检测与热斑识别/平台系统_完整版/training_pipeline_v2/prepared/cell_anomaly/images/train/cell1694.png,train,1,0,0
/Users/heyanfeng/Desktop/STUDY/科研/基于 RGB-Thermal 双模态融合的光伏组件缺陷检测与热斑识别/平台系统_完整版/training_pipeline_v2/prepared/cell_anomaly/images/train/cell0721.png,train,1,0,0
/Users/heyanfeng/Desktop/STUDY/科研/基于 RGB-Thermal 双模态融合的光伏组件缺陷检测与热斑识别/平台系统_完整版/training_pipeline_v2/prepared/cell_anomaly/images/train/cell1955.png,train,1,0,0
/Users/heyanfeng/Desktop/STUDY/科研/基于 RGB-Thermal 双模态融合的光伏组件缺陷检测与热斑识别/平台系统_完整版/training_pipeline_v2/prepared/cell_anomaly/images/train/cell2360.png,train,1,0,0
/Users/heyanfeng/Desktop/STUDY/科研/基于 RGB-Thermal 双模态融合的光伏组件缺陷检测与热斑识别/平台系统_完整版/training_pipeline_v2/prepared/cell_anomaly/images/train/cell2578.png,train,1,0,0
/Users/heyanfeng/Desktop/STUDY/科研/基于 RGB-Thermal 双模态融合的光伏组件缺陷检测与热斑识别/平台系统_完整版/training_pipeline_v2/prepared/cell_anomaly/images/train/cell0159.png,train,1,0,0
/Users/heyanfeng/Desktop/STUDY/科研/基于 RGB-Thermal 双模态融合的光伏组件缺陷检测与热斑识别/平台系统_完整版/training_pipeline_v2/prepared/cell_anomaly/images/train/cell0551.png,train,1,0,0
/Users/heyanfeng/Desktop/STUDY/科研/基于 RGB-Thermal 双模态融合的光伏组件缺陷检测与热斑识别/平台系统_完整版/training_pipeline_v2/prepared/cell_anomaly/images/train/cell0659.png,train,1,0,0
/Users/heyanfeng/Desktop/STUDY/科研/基于 RGB-Thermal 双模态融合的光伏组件缺陷检测与热斑识别/平台系统_完整版/training_pipeline_v2/prepared/cell_anomaly/images/train/cell2297.png,train,1,0,0
/Users/heyanfeng/Desktop/STUDY/科研/基于 RGB-Thermal 双模态融合的光伏组件缺陷检测与热斑识别/平台系统_完整版/training_pipeline_v2/prepared/cell_anomaly/images/train/cell2102.png,train,1,0,0
/Users/heyanfeng/Desktop/STUDY/科研/基于 RGB-Thermal 双模态融合的光伏组件缺陷检测与热斑识别/平台系统_完整版/training_pipeline_v2/prepared/cell_anomaly/images/train/cell2241.png,train,1,0,0
/Users/heyanfeng/Desktop/STUDY/科研/基于 RGB-Thermal 双模态融合的光伏组件缺陷检测与热斑识别/平台系统_完整版/training_pipeline_v2/prepared/cell_anomaly/images/train/cell0205.png,train,1,0,0
/Users/heyanfeng/Desktop/STUDY/科研/基于 RGB-Thermal 双模态融合的光伏组件缺陷检测与热斑识别/平台系统_完整版/training_pipeline_v2/prepared/cell_anomaly/images/train/cell2112.png,train,1,0,0
/Users/heyanfeng/Desktop/STUDY/科研/基于 RGB-Thermal 双模态融合的光伏组件缺陷检测与热斑识别/平台系统_完整版/training_pipeline_v2/prepared/cell_anomaly/images/train/cell1798.png,train,1,0,0
/Users/heyanfeng/Desktop/STUDY/科研/基于 RGB-Thermal 双模态融合的光伏组件缺陷检测与热斑识别/平台系统_完整版/training_pipeline_v2/prepared/cell_anomaly/images/train/cell0123.png,train,1,0,0
/Users/heyanfeng/Desktop/STUDY/科研/基于 RGB-Thermal 双模态融合的光伏组件缺陷检测与热斑识别/平台系统_完整版/training_pipeline_v2/prepared/cell_anomaly/images/train/cell2529.png,train,1,0,0
/Users/heyanfeng/Desktop/STUDY/科研/基于 RGB-Thermal 双模态融合的光伏组件缺陷检测与热斑识别/平台系统_完整版/training_pipeline_v2/prepared/cell_anomaly/images/train/cell0637.png,train,1,0,0
/Users/heyanfeng/Desktop/STUDY/科研/基于 RGB-Thermal 双模态融合的光伏组件缺陷检测与热斑识别/平台系统_完整版/training_pipeline_v2/prepared/cell_anomaly/images/train/cell2376.png,train,1,0,0
/Users/heyanfeng/Desktop/STUDY/科研/基于 RGB-Thermal 双模态融合的光伏组件缺陷检测与热斑识别/平台系统_完整版/training_pipeline_v2/prepared/cell_anomaly/images/train/cell1880.png,train,1,0,0
/Users/heyanfeng/Desktop/STUDY/科研/基于 RGB-Thermal 双模态融合的光伏组件缺陷检测与热斑识别/平台系统_完整版/training_pipeline_v2/prepared/cell_anomaly/images/train/cell1960.png,train,1,0,0
/Users/heyanfeng/Desktop/STUDY/科研/基于 RGB-Thermal 双模态融合的光伏组件缺陷检测与热斑识别/平台系统_完整版/training_pipeline_v2/prepared/cell_anomaly/images/train/cell0650.png,train,1,0,0
/Users/heyanfeng/Desktop/STUDY/科研/基于 RGB-Thermal 双模态融合的光伏组件缺陷检测与热斑识别/平台系统_完整版/training_pipeline_v2/prepared/cell_anomaly/images/train/cell2478.png,train,1,0,0
/Users/heyanfeng/Desktop/STUDY/科研/基于 RGB-Thermal 双模态融合的光伏组件缺陷检测与热斑识别/平台系统_完整版/training_pipeline_v2/prepared/cell_anomaly/images/train/cell0099.png,train,1,0,0
/Users/heyanfeng/Desktop/STUDY/科研/基于 RGB-Thermal 双模态融合的光伏组件缺陷检测与热斑识别/平台系统_完整版/training_pipeline_v2/prepared/cell_anomaly/images/train/cell2559.png,train,1,0,0
/Users/heyanfeng/Desktop/STUDY/科研/基于 RGB-Thermal 双模态融合的光伏组件缺陷检测与热斑识别/平台系统_完整版/training_pipeline_v2/prepared/cell_anomaly/images/train/cell2610.png,train,1,0,0
/Users/heyanfeng/Desktop/STUDY/科研/基于 RGB-Thermal 双模态融合的光伏组件缺陷检测与热斑识别/平台系统_完整版/training_pipeline_v2/prepared/cell_anomaly/images/train/cell2537.png,train,1,0,0
/Users/heyanfeng/Desktop/STUDY/科研/基于 RGB-Thermal 双模态融合的光伏组件缺陷检测与热斑识别/平台系统_完整版/training_pipeline_v2/prepared/cell_anomaly/images/train/cell2351.png,train,1,0,0
/Users/heyanfeng/Desktop/STUDY/科研/基于 RGB-Thermal 双模态融合的光伏组件缺陷检测与热斑识别/平台系统_完整版/training_pipeline_v2/prepared/cell_anomaly/images/train/cell0684.png,train,1,0,0
/Users/heyanfeng/Desktop/STUDY/科研/基于 RGB-Thermal 双模态融合的光伏组件缺陷检测与热斑识别/平台系统_完整版/training_pipeline_v2/prepared/cell_anomaly/images/train/cell1781.png,train,1,0,0
/Users/heyanfeng/Desktop/STUDY/科研/基于 RGB-Thermal 双模态融合的光伏组件缺陷检测与热斑识别/平台系统_完整版/training_pipeline_v2/prepared/cell_anomaly/images/train/cell0173.png,train,1,0,0
/Users/heyanfeng/Desktop/STUDY/科研/基于 RGB-Thermal 双模态融合的光伏组件缺陷检测与热斑识别/平台系统_完整版/training_pipeline_v2/prepared/cell_anomaly/images/train/cell0339.png,train,1,0,0
/Users/heyanfeng/Desktop/STUDY/科研/基于 RGB-Thermal 双模态融合的光伏组件缺陷检测与热斑识别/平台系统_完整版/training_pipeline_v2/prepared/cell_anomaly/images/train/cell2327.png,train,1,0,0
/Users/heyanfeng/Desktop/STUDY/科研/基于 RGB-Thermal 双模态融合的光伏组件缺陷检测与热斑识别/平台系统_完整版/training_pipeline_v2/prepared/cell_anomaly/images/train/cell2251.png,train,1,0,0
/Users/heyanfeng/Desktop/STUDY/科研/基于 RGB-Thermal 双模态融合的光伏组件缺陷检测与热斑识别/平台系统_完整版/training_pipeline_v2/prepared/cell_anomaly/images/train/cell2128.png,train,1,0,0
/Users/heyanfeng/Desktop/STUDY/科研/基于 RGB-Thermal 双模态融合的光伏组件缺陷检测与热斑识别/平台系统_完整版/training_pipeline_v2/prepared/cell_anomaly/images/train/cell0755.png,train,1,0,0
/Users/heyanfeng/Desktop/STUDY/科研/基于 RGB-Thermal 双模态融合的光伏组件缺陷检测与热斑识别/平台系统_完整版/training_pipeline_v2/prepared/cell_anomaly/images/train/cell2099.png,train,1,0,0
/Users/heyanfeng/Desktop/STUDY/科研/基于 RGB-Thermal 双模态融合的光伏组件缺陷检测与热斑识别/平台系统_完整版/training_pipeline_v2/prepared/cell_anomaly/images/train/cell0796.png,train,1,0,0
/Users/heyanfeng/Desktop/STUDY/科研/基于 RGB-Thermal 双模态融合的光伏组件缺陷检测与热斑识别/平台系统_完整版/training_pipeline_v2/prepared/cell_anomaly/images/train/cell2576.png,train,1,0,0
/Users/heyanfeng/Desktop/STUDY/科研/基于 RGB-Thermal 双模态融合的光伏组件缺陷检测与热斑识别/平台系统_完整版/training_pipeline_v2/prepared/cell_anomaly/images/train/cell2237.png,train,1,0,0
/Users/heyanfeng/Desktop/STUDY/科研/基于 RGB-Thermal 双模态融合的光伏组件缺陷检测与热斑识别/平台系统_完整版/training_pipeline_v2/prepared/cell_anomaly/images/train/cell0140.png,train,1,0,0
/Users/heyanfeng/Desktop/STUDY/科研/基于 RGB-Thermal 双模态融合的光伏组件缺陷检测与热斑识别/平台系统_完整版/training_pipeline_v2/prepared/cell_anomaly/images/train/cell0273.png,train,1,0,0
/Users/heyanfeng/Desktop/STUDY/科研/基于 RGB-Thermal 双模态融合的光伏组件缺陷检测与热斑识别/平台系统_完整版/training_pipeline_v2/prepared/cell_anomaly/images/train/cell2475.png,train,1,0,0
/Users/heyanfeng/Desktop/STUDY/科研/基于 RGB-Thermal 双模态融合的光伏组件缺陷检测与热斑识别/平台系统_完整版/training_pipeline_v2/prepared/cell_anomaly/images/train/cell1762.png,train,1,0,0
/Users/heyanfeng/Desktop/STUDY/科研/基于 RGB-Thermal 双模态融合的光伏组件缺陷检测与热斑识别/平台系统_完整版/training_pipeline_v2/prepared/cell_anomaly/images/train/cell0736.png,train,1,0,0
/Users/heyanfeng/Desktop/STUDY/科研/基于 RGB-Thermal 双模态融合的光伏组件缺陷检测与热斑识别/平台系统_完整版/training_pipeline_v2/prepared/cell_anomaly/images/train/cell2285.png,train,1,0,0
/Users/heyanfeng/Desktop/STUDY/科研/基于 RGB-Thermal 双模态融合的光伏组件缺陷检测与热斑识别/平台系统_完整版/training_pipeline_v2/prepared/cell_anomaly/images/train/cell1897.png,train,1,0,0
/Users/heyanfeng/Desktop/STUDY/科研/基于 RGB-Thermal 双模态融合的光伏组件缺陷检测与热斑识别/平台系统_完整版/training_pipeline_v2/prepared/cell_anomaly/images/train/cell2373.png,train,1,0,0
/Users/heyanfeng/Desktop/STUDY/科研/基于 RGB-Thermal 双模态融合的光伏组件缺陷检测与热斑识别/平台系统_完整版/training_pipeline_v2/prepared/cell_anomaly/images/train/cell1704.png,train,1,0,0
/Users/heyanfeng/Desktop/STUDY/科研/基于 RGB-Thermal 双模态融合的光伏组件缺陷检测与热斑识别/平台系统_完整版/training_pipeline_v2/prepared/cell_anomaly/images/train/cell0804.png,train,1,0,0
/Users/heyanfeng/Desktop/STUDY/科研/基于 RGB-Thermal 双模态融合的光伏组件缺陷检测与热斑识别/平台系统_完整版/training_pipeline_v2/prepared/cell_anomaly/images/train/cell0103.png,train,1,0,0
/Users/heyanfeng/Desktop/STUDY/科研/基于 RGB-Thermal 双模态融合的光伏组件缺陷检测与热斑识别/平台系统_完整版/training_pipeline_v2/prepared/cell_anomaly/images/train/cell2041.png,train,1,0,0
/Users/heyanfeng/Desktop/STUDY/科研/基于 RGB-Thermal 双模态融合的光伏组件缺陷检测与热斑识别/平台系统_完整版/training_pipeline_v2/prepared/cell_anomaly/images/train/cell1970.png,train,1,0,0
/Users/heyanfeng/Desktop/STUDY/科研/基于 RGB-Thermal 双模态融合的光伏组件缺陷检测与热斑识别/平台系统_完整版/training_pipeline_v2/prepared/cell_anomaly/images/train/cell1777.png,train,1,0,0
/Users/heyanfeng/Desktop/STUDY/科研/基于 RGB-Thermal 双模态融合的光伏组件缺陷检测与热斑识别/平台系统_完整版/training_pipeline_v2/prepared/cell_anomaly/images/train/cell2263.png,train,1,0,0
/Users/heyanfeng/Desktop/STUDY/科研/基于 RGB-Thermal 双模态融合的光伏组件缺陷检测与热斑识别/平台系统_完整版/training_pipeline_v2/prepared/cell_anomaly/images/train/cell2080.png,train,1,0,0
/Users/heyanfeng/Desktop/STUDY/科研/基于 RGB-Thermal 双模态融合的光伏组件缺陷检测与热斑识别/平台系统_完整版/training_pipeline_v2/prepared/cell_anomaly/images/train/cell1688.png,train,1,0,0
/Users/heyanfeng/Desktop/STUDY/科研/基于 RGB-Thermal 双模态融合的光伏组件缺陷检测与热斑识别/平台系统_完整版/training_pipeline_v2/prepared/cell_anomaly/images/train/cell1835.png,train,1,0,0
/Users/heyanfeng/Desktop/STUDY/科研/基于 RGB-Thermal 双模态融合的光伏组件缺陷检测与热斑识别/平台系统_完整版/training_pipeline_v2/prepared/cell_anomaly/images/train/cell1742.png,train,1,0,0
/Users/heyanfeng/Desktop/STUDY/科研/基于 RGB-Thermal 双模态融合的光伏组件缺陷检测与热斑识别/平台系统_完整版/training_pipeline_v2/prepared/cell_anomaly/images/train/cell1850.png,train,1,0,0
/Users/heyanfeng/Desktop/STUDY/科研/基于 RGB-Thermal 双模态融合的光伏组件缺陷检测与热斑识别/平台系统_完整版/training_pipeline_v2/prepared/cell_anomaly/images/train/cell0061.png,train,1,0,0
/Users/heyanfeng/Desktop/STUDY/科研/基于 RGB-Thermal 双模态融合的光伏组件缺陷检测与热斑识别/平台系统_完整版/training_pipeline_v2/prepared/cell_anomaly/images/train/cell0094.png,train,1,0,0
/Users/heyanfeng/Desktop/STUDY/科研/基于 RGB-Thermal 双模态融合的光伏组件缺陷检测与热斑识别/平台系统_完整版/training_pipeline_v2/prepared/cell_anomaly/images/train/cell2389.png,train,1,0,0
/Users/heyanfeng/Desktop/STUDY/科研/基于 RGB-Thermal 双模态融合的光伏组件缺陷检测与热斑识别/平台系统_完整版/training_pipeline_v2/prepared/cell_anomaly/images/train/cell2319.png,train,1,0,0
/Users/heyanfeng/Desktop/STUDY/科研/基于 RGB-Thermal 双模态融合的光伏组件缺陷检测与热斑识别/平台系统_完整版/training_pipeline_v2/prepared/cell_anomaly/images/train/cell2484.png,train,1,0,0
/Users/heyanfeng/Desktop/STUDY/科研/基于 RGB-Thermal 双模态融合的光伏组件缺陷检测与热斑识别/平台系统_完整版/training_pipeline_v2/prepared/cell_anomaly/images/train/cell2335.png,train,1,0,0
/Users/heyanfeng/Desktop/STUDY/科研/基于 RGB-Thermal 双模态融合的光伏组件缺陷检测与热斑识别/平台系统_完整版/training_pipeline_v2/prepared/cell_anomaly/images/train/cell2512.png,train,1,0,0
/Users/heyanfeng/Desktop/STUDY/科研/基于 RGB-Thermal 双模态融合的光伏组件缺陷检测与热斑识别/平台系统_完整版/training_pipeline_v2/prepared/cell_anomaly/images/train/cell0679.png,train,1,0,0
/Users/heyanfeng/Desktop/STUDY/科研/基于 RGB-Thermal 双模态融合的光伏组件缺陷检测与热斑识别/平台系统_完整版/training_pipeline_v2/prepared/cell_anomaly/images/train/cell0189.png,train,1,0,0
/Users/heyanfeng/Desktop/STUDY/科研/基于 RGB-Thermal 双模态融合的光伏组件缺陷检测与热斑识别/平台系统_完整版/training_pipeline_v2/prepared/cell_anomaly/images/train/cell2472.png,train,1,0,0
/Users/heyanfeng/Desktop/STUDY/科研/基于 RGB-Thermal 双模态融合的光伏组件缺陷检测与热斑识别/平台系统_完整版/training_pipeline_v2/prepared/cell_anomaly/images/train/cell0545.png,train,1,0,0
/Users/heyanfeng/Desktop/STUDY/科研/基于 RGB-Thermal 双模态融合的光伏组件缺陷检测与热斑识别/平台系统_完整版/training_pipeline_v2/prepared/cell_anomaly/images/train/cell2486.png,train,1,0,0
/Users/heyanfeng/Desktop/STUDY/科研/基于 RGB-Thermal 双模态融合的光伏组件缺陷检测与热斑识别/平台系统_完整版/training_pipeline_v2/prepared/cell_anomaly/images/train/cell1783.png,train,1,0,0
/Users/heyanfeng/Desktop/STUDY/科研/基于 RGB-Thermal 双模态融合的光伏组件缺陷检测与热斑识别/平台系统_完整版/training_pipeline_v2/prepared/cell_anomaly/images/train/cell0194.png,train,1,0,0
/Users/heyanfeng/Desktop/STUDY/科研/基于 RGB-Thermal 双模态融合的光伏组件缺陷检测与热斑识别/平台系统_完整版/training_pipeline_v2/prepared/cell_anomaly/images/train/cell2550.png,train,1,0,0
/Users/heyanfeng/Desktop/STUDY/科研/基于 RGB-Thermal 双模态融合的光伏组件缺陷检测与热斑识别/平台系统_完整版/training_pipeline_v2/prepared/cell_anomaly/images/train/cell0570.png,train,1,0,0
/Users/heyanfeng/Desktop/STUDY/科研/基于 RGB-Thermal 双模态融合的光伏组件缺陷检测与热斑识别/平台系统_完整版/training_pipeline_v2/prepared/cell_anomaly/images/train/cell2143.png,train,1,0,0
/Users/heyanfeng/Desktop/STUDY/科研/基于 RGB-Thermal 双模态融合的光伏组件缺陷检测与热斑识别/平台系统_完整版/training_pipeline_v2/prepared/cell_anomaly/images/train/cell0139.png,train,1,0,0
/Users/heyanfeng/Desktop/STUDY/科研/基于 RGB-Thermal 双模态融合的光伏组件缺陷检测与热斑识别/平台系统_完整版/training_pipeline_v2/prepared/cell_anomaly/images/train/cell2591.png,train,1,0,0
/Users/heyanfeng/Desktop/STUDY/科研/基于 RGB-Thermal 双模态融合的光伏组件缺陷检测与热斑识别/平台系统_完整版/training_pipeline_v2/prepared/cell_anomaly/images/train/cell2331.png,train,1,0,0
/Users/heyanfeng/Desktop/STUDY/科研/基于 RGB-Thermal 双模态融合的光伏组件缺陷检测与热斑识别/平台系统_完整版/training_pipeline_v2/prepared/cell_anomaly/images/train/cell1795.png,train,1,0,0
/Users/heyanfeng/Desktop/STUDY/科研/基于 RGB-Thermal 双模态融合的光伏组件缺陷检测与热斑识别/平台系统_完整版/training_pipeline_v2/prepared/cell_anomaly/images/train/cell2318.png,train,1,0,0
/Users/heyanfeng/Desktop/STUDY/科研/基于 RGB-Thermal 双模态融合的光伏组件缺陷检测与热斑识别/平台系统_完整版/training_pipeline_v2/prepared/cell_anomaly/images/train/cell0802.png,train,1,0,0
/Users/heyanfeng/Desktop/STUDY/科研/基于 RGB-Thermal 双模态融合的光伏组件缺陷检测与热斑识别/平台系统_完整版/training_pipeline_v2/prepared/cell_anomaly/images/train/cell2100.png,train,1,0,0
/Users/heyanfeng/Desktop/STUDY/科研/基于 RGB-Thermal 双模态融合的光伏组件缺陷检测与热斑识别/平台系统_完整版/training_pipeline_v2/prepared/cell_anomaly/images/train/cell0795.png,train,1,0,0
/Users/heyanfeng/Desktop/STUDY/科研/基于 RGB-Thermal 双模态融合的光伏组件缺陷检测与热斑识别/平台系统_完整版/training_pipeline_v2/prepared/cell_anomaly/images/train/cell0090.png,train,1,0,0
/Users/heyanfeng/Desktop/STUDY/科研/基于 RGB-Thermal 双模态融合的光伏组件缺陷检测与热斑识别/平台系统_完整版/training_pipeline_v2/prepared/cell_anomaly/images/train/cell0333.png,train,1,0,0
/Users/heyanfeng/Desktop/STUDY/科研/基于 RGB-Thermal 双模态融合的光伏组件缺陷检测与热斑识别/平台系统_完整版/training_pipeline_v2/prepared/cell_anomaly/images/train/cell0167.png,train,1,0,0
/Users/heyanfeng/Desktop/STUDY/科研/基于 RGB-Thermal 双模态融合的光伏组件缺陷检测与热斑识别/平台系统_完整版/training_pipeline_v2/prepared/cell_anomaly/images/train/cell2305.png,train,1,0,0
/Users/heyanfeng/Desktop/STUDY/科研/基于 RGB-Thermal 双模态融合的光伏组件缺陷检测与热斑识别/平台系统_完整版/training_pipeline_v2/prepared/cell_anomaly/images/train/cell0677.png,train,1,0,0
/Users/heyanfeng/Desktop/STUDY/科研/基于 RGB-Thermal 双模态融合的光伏组件缺陷检测与热斑识别/平台系统_完整版/training_pipeline_v2/prepared/cell_anomaly/images/train/cell1683.png,train,1,0,0
/Users/heyanfeng/Desktop/STUDY/科研/基于 RGB-Thermal 双模态融合的光伏组件缺陷检测与热斑识别/平台系统_完整版/training_pipeline_v2/prepared/cell_anomaly/images/train/cell0571.png,train,1,0,0
/Users/heyanfeng/Desktop/STUDY/科研/基于 RGB-Thermal 双模态融合的光伏组件缺陷检测与热斑识别/平台系统_完整版/training_pipeline_v2/prepared/cell_anomaly/images/train/cell0631.png,train,1,0,0
/Users/heyanfeng/Desktop/STUDY/科研/基于 RGB-Thermal 双模态融合的光伏组件缺陷检测与热斑识别/平台系统_完整版/training_pipeline_v2/prepared/cell_anomaly/images/train/cell2291.png,train,1,0,0
/Users/heyanfeng/Desktop/STUDY/科研/基于 RGB-Thermal 双模态融合的光伏组件缺陷检测与热斑识别/平台系统_完整版/training_pipeline_v2/prepared/cell_anomaly/images/train/cell1984.png,train,1,0,0
/Users/heyanfeng/Desktop/STUDY/科研/基于 RGB-Thermal 双模态融合的光伏组件缺陷检测与热斑识别/平台系统_完整版/training_pipeline_v2/prepared/cell_anomaly/images/train/cell2532.png,train,1,0,0
/Users/heyanfeng/Desktop/STUDY/科研/基于 RGB-Thermal 双模态融合的光伏组件缺陷检测与热斑识别/平台系统_完整版/training_pipeline_v2/prepared/cell_anomaly/images/train/cell2587.png,train,1,0,0
/Users/heyanfeng/Desktop/STUDY/科研/基于 RGB-Thermal 双模态融合的光伏组件缺陷检测与热斑识别/平台系统_完整版/training_pipeline_v2/prepared/cell_anomaly/images/train/cell2248.png,train,1,0,0
/Users/heyanfeng/Desktop/STUDY/科研/基于 RGB-Thermal 双模态融合的光伏组件缺陷检测与热斑识别/平台系统_完整版/training_pipeline_v2/prepared/cell_anomaly/images/train/cell0752.png,train,1,0,0
/Users/heyanfeng/Desktop/STUDY/科研/基于 RGB-Thermal 双模态融合的光伏组件缺陷检测与热斑识别/平台系统_完整版/training_pipeline_v2/prepared/cell_anomaly/images/train/cell2282.png,train,1,0,0
/Users/heyanfeng/Desktop/STUDY/科研/基于 RGB-Thermal 双模态融合的光伏组件缺陷检测与热斑识别/平台系统_完整版/training_pipeline_v2/prepared/cell_anomaly/images/train/cell0583.png,train,1,0,0
/Users/heyanfeng/Desktop/STUDY/科研/基于 RGB-Thermal 双模态融合的光伏组件缺陷检测与热斑识别/平台系统_完整版/training_pipeline_v2/prepared/cell_anomaly/images/train/cell2067.png,train,1,0,0
/Users/heyanfeng/Desktop/STUDY/科研/基于 RGB-Thermal 双模态融合的光伏组件缺陷检测与热斑识别/平台系统_完整版/training_pipeline_v2/prepared/cell_anomaly/images/train/cell2287.png,train,1,0,0
/Users/heyanfeng/Desktop/STUDY/科研/基于 RGB-Thermal 双模态融合的光伏组件缺陷检测与热斑识别/平台系统_完整版/training_pipeline_v2/prepared/cell_anomaly/images/train/cell1886.png,train,1,0,0
/Users/heyanfeng/Desktop/STUDY/科研/基于 RGB-Thermal 双模态融合的光伏组件缺陷检测与热斑识别/平台系统_完整版/training_pipeline_v2/prepared/cell_anomaly/images/train/cell0325.png,train,1,0,0
/Users/heyanfeng/Desktop/STUDY/科研/基于 RGB-Thermal 双模态融合的光伏组件缺陷检测与热斑识别/平台系统_完整版/training_pipeline_v2/prepared/cell_anomaly/images/train/cell0848.png,train,1,0,0
/Users/heyanfeng/Desktop/STUDY/科研/基于 RGB-Thermal 双模态融合的光伏组件缺陷检测与热斑识别/平台系统_完整版/training_pipeline_v2/prepared/cell_anomaly/images/train/cell1766.png,train,1,0,0
/Users/heyanfeng/Desktop/STUDY/科研/基于 RGB-Thermal 双模态融合的光伏组件缺陷检测与热斑识别/平台系统_完整版/training_pipeline_v2/prepared/cell_anomaly/images/train/cell1946.png,train,1,0,0
/Users/heyanfeng/Desktop/STUDY/科研/基于 RGB-Thermal 双模态融合的光伏组件缺陷检测与热斑识别/平台系统_完整版/training_pipeline_v2/prepared/cell_anomaly/images/train/cell2336.png,train,1,0,0
/Users/heyanfeng/Desktop/STUDY/科研/基于 RGB-Thermal 双模态融合的光伏组件缺陷检测与热斑识别/平台系统_完整版/training_pipeline_v2/prepared/cell_anomaly/images/train/cell0092.png,train,1,0,0
/Users/heyanfeng/Desktop/STUDY/科研/基于 RGB-Thermal 双模态融合的光伏组件缺陷检测与热斑识别/平台系统_完整版/training_pipeline_v2/prepared/cell_anomaly/images/train/cell1867.png,train,1,0,0
/Users/heyanfeng/Desktop/STUDY/科研/基于 RGB-Thermal 双模态融合的光伏组件缺陷检测与热斑识别/平台系统_完整版/training_pipeline_v2/prepared/cell_anomaly/images/train/cell2543.png,train,1,0,0
/Users/heyanfeng/Desktop/STUDY/科研/基于 RGB-Thermal 双模态融合的光伏组件缺陷检测与热斑识别/平台系统_完整版/training_pipeline_v2/prepared/cell_anomaly/images/train/cell2613.png,train,1,0,0
/Users/heyanfeng/Desktop/STUDY/科研/基于 RGB-Thermal 双模态融合的光伏组件缺陷检测与热斑识别/平台系统_完整版/training_pipeline_v2/prepared/cell_anomaly/images/train/cell0581.png,train,1,0,0
/Users/heyanfeng/Desktop/STUDY/科研/基于 RGB-Thermal 双模态融合的光伏组件缺陷检测与热斑识别/平台系统_完整版/training_pipeline_v2/prepared/cell_anomaly/images/train/cell0145.png,train,1,0,0
/Users/heyanfeng/Desktop/STUDY/科研/基于 RGB-Thermal 双模态融合的光伏组件缺陷检测与热斑识别/平台系统_完整版/training_pipeline_v2/prepared/cell_anomaly/images/train/cell1918.png,train,1,0,0
/Users/heyanfeng/Desktop/STUDY/科研/基于 RGB-Thermal 双模态融合的光伏组件缺陷检测与热斑识别/平台系统_完整版/training_pipeline_v2/prepared/cell_anomaly/images/train/cell2471.png,train,1,0,0
/Users/heyanfeng/Desktop/STUDY/科研/基于 RGB-Thermal 双模态融合的光伏组件缺陷检测与热斑识别/平台系统_完整版/training_pipeline_v2/prepared/cell_anomaly/images/train/cell1978.png,train,1,0,0
/Users/heyanfeng/Desktop/STUDY/科研/基于 RGB-Thermal 双模态融合的光伏组件缺陷检测与热斑识别/平台系统_完整版/training_pipeline_v2/prepared/cell_anomaly/images/train/cell2476.png,train,1,0,0
/Users/heyanfeng/Desktop/STUDY/科研/基于 RGB-Thermal 双模态融合的光伏组件缺陷检测与热斑识别/平台系统_完整版/training_pipeline_v2/prepared/cell_anomaly/images/train/cell1972.png,train,1,0,0
/Users/heyanfeng/Desktop/STUDY/科研/基于 RGB-Thermal 双模态融合的光伏组件缺陷检测与热斑识别/平台系统_完整版/training_pipeline_v2/prepared/cell_anomaly/images/train/cell0174.png,train,1,0,0
/Users/heyanfeng/Desktop/STUDY/科研/基于 RGB-Thermal 双模态融合的光伏组件缺陷检测与热斑识别/平台系统_完整版/training_pipeline_v2/prepared/cell_anomaly/images/train/cell0656.png,train,1,0,0
/Users/heyanfeng/Desktop/STUDY/科研/基于 RGB-Thermal 双模态融合的光伏组件缺陷检测与热斑识别/平台系统_完整版/training_pipeline_v2/prepared/cell_anomaly/images/train/cell0832.png,train,1,0,0
/Users/heyanfeng/Desktop/STUDY/科研/基于 RGB-Thermal 双模态融合的光伏组件缺陷检测与热斑识别/平台系统_完整版/training_pipeline_v2/prepared/cell_anomaly/images/train/cell2488.png,train,1,0,0
/Users/heyanfeng/Desktop/STUDY/科研/基于 RGB-Thermal 双模态融合的光伏组件缺陷检测与热斑识别/平台系统_完整版/training_pipeline_v2/prepared/cell_anomaly/images/train/cell2267.png,train,1,0,0
/Users/heyanfeng/Desktop/STUDY/科研/基于 RGB-Thermal 双模态融合的光伏组件缺陷检测与热斑识别/平台系统_完整版/training_pipeline_v2/prepared/cell_anomaly/images/train/cell2014.png,train,1,0,0
/Users/heyanfeng/Desktop/STUDY/科研/基于 RGB-Thermal 双模态融合的光伏组件缺陷检测与热斑识别/平台系统_完整版/training_pipeline_v2/prepared/cell_anomaly/images/train/cell2566.png,train,1,0,0
/Users/heyanfeng/Desktop/STUDY/科研/基于 RGB-Thermal 双模态融合的光伏组件缺陷检测与热斑识别/平台系统_完整版/training_pipeline_v2/prepared/cell_anomaly/images/train/cell1943.png,train,1,0,0
/Users/heyanfeng/Desktop/STUDY/科研/基于 RGB-Thermal 双模态融合的光伏组件缺陷检测与热斑识别/平台系统_完整版/training_pipeline_v2/prepared/cell_anomaly/images/train/cell1753.png,train,1,0,0
/Users/heyanfeng/Desktop/STUDY/科研/基于 RGB-Thermal 双模态融合的光伏组件缺陷检测与热斑识别/平台系统_完整版/training_pipeline_v2/prepared/cell_anomaly/images/train/cell0838.png,train,1,0,0
/Users/heyanfeng/Desktop/STUDY/科研/基于 RGB-Thermal 双模态融合的光伏组件缺陷检测与热斑识别/平台系统_完整版/training_pipeline_v2/prepared/cell_anomaly/images/train/cell1717.png,train,1,0,0
/Users/heyanfeng/Desktop/STUDY/科研/基于 RGB-Thermal 双模态融合的光伏组件缺陷检测与热斑识别/平台系统_完整版/training_pipeline_v2/prepared/cell_anomaly/images/train/cell0704.png,train,1,0,0
/Users/heyanfeng/Desktop/STUDY/科研/基于 RGB-Thermal 双模态融合的光伏组件缺陷检测与热斑识别/平台系统_完整版/training_pipeline_v2/prepared/cell_anomaly/images/train/cell2265.png,train,1,0,0
/Users/heyanfeng/Desktop/STUDY/科研/基于 RGB-Thermal 双模态融合的光伏组件缺陷检测与热斑识别/平台系统_完整版/training_pipeline_v2/prepared/cell_anomaly/images/train/cell0808.png,train,1,0,0
/Users/heyanfeng/Desktop/STUDY/科研/基于 RGB-Thermal 双模态融合的光伏组件缺陷检测与热斑识别/平台系统_完整版/training_pipeline_v2/prepared/cell_anomaly/images/train/cell0107.png,train,1,0,0
/Users/heyanfeng/Desktop/STUDY/科研/基于 RGB-Thermal 双模态融合的光伏组件缺陷检测与热斑识别/平台系统_完整版/training_pipeline_v2/prepared/cell_anomaly/images/train/cell0797.png,train,1,0,0
/Users/heyanfeng/Desktop/STUDY/科研/基于 RGB-Thermal 双模态融合的光伏组件缺陷检测与热斑识别/平台系统_完整版/training_pipeline_v2/prepared/cell_anomaly/images/train/cell2395.png,train,1,0,0
/Users/heyanfeng/Desktop/STUDY/科研/基于 RGB-Thermal 双模态融合的光伏组件缺陷检测与热斑识别/平台系统_完整版/training_pipeline_v2/prepared/cell_anomaly/images/train/cell2253.png,train,1,0,0
/Users/heyanfeng/Desktop/STUDY/科研/基于 RGB-Thermal 双模态融合的光伏组件缺陷检测与热斑识别/平台系统_完整版/training_pipeline_v2/prepared/cell_anomaly/images/train/cell1698.png,train,1,0,0
/Users/heyanfeng/Desktop/STUDY/科研/基于 RGB-Thermal 双模态融合的光伏组件缺陷检测与热斑识别/平台系统_完整版/training_pipeline_v2/prepared/cell_anomaly/images/train/cell2320.png,train,1,0,0
/Users/heyanfeng/Desktop/STUDY/科研/基于 RGB-Thermal 双模态融合的光伏组件缺陷检测与热斑识别/平台系统_完整版/training_pipeline_v2/prepared/cell_anomaly/images/train/cell1713.png,train,1,0,0
/Users/heyanfeng/Desktop/STUDY/科研/基于 RGB-Thermal 双模态融合的光伏组件缺陷检测与热斑识别/平台系统_完整版/training_pipeline_v2/prepared/cell_anomaly/images/train/cell0687.png,train,1,0,0
/Users/heyanfeng/Desktop/STUDY/科研/基于 RGB-Thermal 双模态融合的光伏组件缺陷检测与热斑识别/平台系统_完整版/training_pipeline_v2/prepared/cell_anomaly/images/train/cell2355.png,train,1,0,0
/Users/heyanfeng/Desktop/STUDY/科研/基于 RGB-Thermal 双模态融合的光伏组件缺陷检测与热斑识别/平台系统_完整版/training_pipeline_v2/prepared/cell_anomaly/images/train/cell0688.png,train,1,0,0
/Users/heyanfeng/Desktop/STUDY/科研/基于 RGB-Thermal 双模态融合的光伏组件缺陷检测与热斑识别/平台系统_完整版/training_pipeline_v2/prepared/cell_anomaly/images/train/cell2387.png,train,1,0,0
/Users/heyanfeng/Desktop/STUDY/科研/基于 RGB-Thermal 双模态融合的光伏组件缺陷检测与热斑识别/平台系统_完整版/training_pipeline_v2/prepared/cell_anomaly/images/train/cell1997.png,train,1,0,0
/Users/heyanfeng/Desktop/STUDY/科研/基于 RGB-Thermal 双模态融合的光伏组件缺陷检测与热斑识别/平台系统_完整版/training_pipeline_v2/prepared/cell_anomaly/images/train/cell2603.png,train,1,0,0
/Users/heyanfeng/Desktop/STUDY/科研/基于 RGB-Thermal 双模态融合的光伏组件缺陷检测与热斑识别/平台系统_完整版/training_pipeline_v2/prepared/cell_anomaly/images/train/cell0351.png,train,1,0,0
/Users/heyanfeng/Desktop/STUDY/科研/基于 RGB-Thermal 双模态融合的光伏组件缺陷检测与热斑识别/平台系统_完整版/training_pipeline_v2/prepared/cell_anomaly/images/train/cell0895.png,train,1,0,0
/Users/heyanfeng/Desktop/STUDY/科研/基于 RGB-Thermal 双模态融合的光伏组件缺陷检测与热斑识别/平台系统_完整版/training_pipeline_v2/prepared/cell_anomaly/images/train/cell0180.png,train,1,0,0
/Users/heyanfeng/Desktop/STUDY/科研/基于 RGB-Thermal 双模态融合的光伏组件缺陷检测与热斑识别/平台系统_完整版/training_pipeline_v2/prepared/cell_anomaly/images/train/cell0547.png,train,1,0,0
/Users/heyanfeng/Desktop/STUDY/科研/基于 RGB-Thermal 双模态融合的光伏组件缺陷检测与热斑识别/平台系统_完整版/training_pipeline_v2/prepared/cell_anomaly/images/train/cell2266.png,train,1,0,0
/Users/heyanfeng/Desktop/STUDY/科研/基于 RGB-Thermal 双模态融合的光伏组件缺陷检测与热斑识别/平台系统_完整版/training_pipeline_v2/prepared/cell_anomaly/images/train/cell2234.png,train,1,0,0
/Users/heyanfeng/Desktop/STUDY/科研/基于 RGB-Thermal 双模态融合的光伏组件缺陷检测与热斑识别/平台系统_完整版/training_pipeline_v2/prepared/cell_anomaly/images/train/cell1793.png,train,1,0,0
/Users/heyanfeng/Desktop/STUDY/科研/基于 RGB-Thermal 双模态融合的光伏组件缺陷检测与热斑识别/平台系统_完整版/training_pipeline_v2/prepared/cell_anomaly/images/train/cell2034.png,train,1,0,0
/Users/heyanfeng/Desktop/STUDY/科研/基于 RGB-Thermal 双模态融合的光伏组件缺陷检测与热斑识别/平台系统_完整版/training_pipeline_v2/prepared/cell_anomaly/images/train/cell0306.png,train,1,0,0
/Users/heyanfeng/Desktop/STUDY/科研/基于 RGB-Thermal 双模态融合的光伏组件缺陷检测与热斑识别/平台系统_完整版/training_pipeline_v2/prepared/cell_anomaly/images/train/cell1804.png,train,1,0,0
/Users/heyanfeng/Desktop/STUDY/科研/基于 RGB-Thermal 双模态融合的光伏组件缺陷检测与热斑识别/平台系统_完整版/training_pipeline_v2/prepared/cell_anomaly/images/train/cell1723.png,train,1,0,0
/Users/heyanfeng/Desktop/STUDY/科研/基于 RGB-Thermal 双模态融合的光伏组件缺陷检测与热斑识别/平台系统_完整版/training_pipeline_v2/prepared/cell_anomaly/images/train/cell0665.png,train,1,0,0
/Users/heyanfeng/Desktop/STUDY/科研/基于 RGB-Thermal 双模态融合的光伏组件缺陷检测与热斑识别/平台系统_完整版/training_pipeline_v2/prepared/cell_anomaly/images/train/cell2115.png,train,1,0,0
/Users/heyanfeng/Desktop/STUDY/科研/基于 RGB-Thermal 双模态融合的光伏组件缺陷检测与热斑识别/平台系统_完整版/training_pipeline_v2/prepared/cell_anomaly/images/train/cell1980.png,train,1,0,0
/Users/heyanfeng/Desktop/STUDY/科研/基于 RGB-Thermal 双模态融合的光伏组件缺陷检测与热斑识别/平台系统_完整版/training_pipeline_v2/prepared/cell_anomaly/images/train/cell0117.png,train,1,0,0
/Users/heyanfeng/Desktop/STUDY/科研/基于 RGB-Thermal 双模态融合的光伏组件缺陷检测与热斑识别/平台系统_完整版/training_pipeline_v2/prepared/cell_anomaly/images/train/cell2006.png,train,1,0,0
/Users/heyanfeng/Desktop/STUDY/科研/基于 RGB-Thermal 双模态融合的光伏组件缺陷检测与热斑识别/平台系统_完整版/training_pipeline_v2/prepared/cell_anomaly/images/train/cell0710.png,train,1,0,0
/Users/heyanfeng/Desktop/STUDY/科研/基于 RGB-Thermal 双模态融合的光伏组件缺陷检测与热斑识别/平台系统_完整版/training_pipeline_v2/prepared/cell_anomaly/images/train/cell2114.png,train,1,0,0
/Users/heyanfeng/Desktop/STUDY/科研/基于 RGB-Thermal 双模态融合的光伏组件缺陷检测与热斑识别/平台系统_完整版/training_pipeline_v2/prepared/cell_anomaly/images/train/cell0731.png,train,1,0,0
/Users/heyanfeng/Desktop/STUDY/科研/基于 RGB-Thermal 双模态融合的光伏组件缺陷检测与热斑识别/平台系统_完整版/training_pipeline_v2/prepared/cell_anomaly/images/train/cell0097.png,train,1,0,0
/Users/heyanfeng/Desktop/STUDY/科研/基于 RGB-Thermal 双模态融合的光伏组件缺陷检测与热斑识别/平台系统_完整版/training_pipeline_v2/prepared/cell_anomaly/images/train/cell2504.png,train,1,0,0
/Users/heyanfeng/Desktop/STUDY/科研/基于 RGB-Thermal 双模态融合的光伏组件缺陷检测与热斑识别/平台系统_完整版/training_pipeline_v2/prepared/cell_anomaly/images/train/cell2357.png,train,1,0,0
/Users/heyanfeng/Desktop/STUDY/科研/基于 RGB-Thermal 双模态融合的光伏组件缺陷检测与热斑识别/平台系统_完整版/training_pipeline_v2/prepared/cell_anomaly/images/train/cell2601.png,train,1,0,0
/Users/heyanfeng/Desktop/STUDY/科研/基于 RGB-Thermal 双模态融合的光伏组件缺陷检测与热斑识别/平台系统_完整版/training_pipeline_v2/prepared/cell_anomaly/images/train/cell2514.png,train,1,0,0
/Users/heyanfeng/Desktop/STUDY/科研/基于 RGB-Thermal 双模态融合的光伏组件缺陷检测与热斑识别/平台系统_完整版/training_pipeline_v2/prepared/cell_anomaly/images/train/cell0782.png,train,1,0,0
/Users/heyanfeng/Desktop/STUDY/科研/基于 RGB-Thermal 双模态融合的光伏组件缺陷检测与热斑识别/平台系统_完整版/training_pipeline_v2/prepared/cell_anomaly/images/train/cell1728.png,train,1,0,0
/Users/heyanfeng/Desktop/STUDY/科研/基于 RGB-Thermal 双模态融合的光伏组件缺陷检测与热斑识别/平台系统_完整版/training_pipeline_v2/prepared/cell_anomaly/images/train/cell1944.png,train,1,0,0
/Users/heyanfeng/Desktop/STUDY/科研/基于 RGB-Thermal 双模态融合的光伏组件缺陷检测与热斑识别/平台系统_完整版/training_pipeline_v2/prepared/cell_anomaly/images/train/cell2095.png,train,1,0,0
/Users/heyanfeng/Desktop/STUDY/科研/基于 RGB-Thermal 双模态融合的光伏组件缺陷检测与热斑识别/平台系统_完整版/training_pipeline_v2/prepared/cell_anomaly/images/train/cell2461.png,train,1,0,0
/Users/heyanfeng/Desktop/STUDY/科研/基于 RGB-Thermal 双模态融合的光伏组件缺陷检测与热斑识别/平台系统_完整版/training_pipeline_v2/prepared/cell_anomaly/images/train/cell2087.png,train,1,0,0
/Users/heyanfeng/Desktop/STUDY/科研/基于 RGB-Thermal 双模态融合的光伏组件缺陷检测与热斑识别/平台系统_完整版/training_pipeline_v2/prepared/cell_anomaly/images/train/cell2049.png,train,1,0,0
/Users/heyanfeng/Desktop/STUDY/科研/基于 RGB-Thermal 双模态融合的光伏组件缺陷检测与热斑识别/平台系统_完整版/training_pipeline_v2/prepared/cell_anomaly/images/train/cell1869.png,train,1,0,0
/Users/heyanfeng/Desktop/STUDY/科研/基于 RGB-Thermal 双模态融合的光伏组件缺陷检测与热斑识别/平台系统_完整版/training_pipeline_v2/prepared/cell_anomaly/images/train/cell1782.png,train,1,0,0
/Users/heyanfeng/Desktop/STUDY/科研/基于 RGB-Thermal 双模态融合的光伏组件缺陷检测与热斑识别/平台系统_完整版/training_pipeline_v2/prepared/cell_anomaly/images/train/cell2258.png,train,1,0,0
/Users/heyanfeng/Desktop/STUDY/科研/基于 RGB-Thermal 双模态融合的光伏组件缺陷检测与热斑识别/平台系统_完整版/training_pipeline_v2/prepared/cell_anomaly/images/train/cell2021.png,train,1,0,0
/Users/heyanfeng/Desktop/STUDY/科研/基于 RGB-Thermal 双模态融合的光伏组件缺陷检测与热斑识别/平台系统_完整版/training_pipeline_v2/prepared/cell_anomaly/images/train/cell1934.png,train,1,0,0
/Users/heyanfeng/Desktop/STUDY/科研/基于 RGB-Thermal 双模态融合的光伏组件缺陷检测与热斑识别/平台系统_完整版/training_pipeline_v2/prepared/cell_anomaly/images/train/cell0098.png,train,1,0,0
/Users/heyanfeng/Desktop/STUDY/科研/基于 RGB-Thermal 双模态融合的光伏组件缺陷检测与热斑识别/平台系统_完整版/training_pipeline_v2/prepared/cell_anomaly/images/train/cell2257.png,train,1,0,0
/Users/heyanfeng/Desktop/STUDY/科研/基于 RGB-Thermal 双模态融合的光伏组件缺陷检测与热斑识别/平台系统_完整版/training_pipeline_v2/prepared/cell_anomaly/images/train/cell2105.png,train,1,0,0
/Users/heyanfeng/Desktop/STUDY/科研/基于 RGB-Thermal 双模态融合的光伏组件缺陷检测与热斑识别/平台系统_完整版/training_pipeline_v2/prepared/cell_anomaly/images/train/cell2359.png,train,1,0,0
/Users/heyanfeng/Desktop/STUDY/科研/基于 RGB-Thermal 双模态融合的光伏组件缺陷检测与热斑识别/平台系统_完整版/training_pipeline_v2/prepared/cell_anomaly/images/train/cell2269.png,train,1,0,0
/Users/heyanfeng/Desktop/STUDY/科研/基于 RGB-Thermal 双模态融合的光伏组件缺陷检测与热斑识别/平台系统_完整版/training_pipeline_v2/prepared/cell_anomaly/images/train/cell2084.png,train,1,0,0
/Users/heyanfeng/Desktop/STUDY/科研/基于 RGB-Thermal 双模态融合的光伏组件缺陷检测与热斑识别/平台系统_完整版/training_pipeline_v2/prepared/cell_anomaly/images/train/cell0109.png,train,1,0,0
/Users/heyanfeng/Desktop/STUDY/科研/基于 RGB-Thermal 双模态融合的光伏组件缺陷检测与热斑识别/平台系统_完整版/training_pipeline_v2/prepared/cell_anomaly/images/train/cell0750.png,train,1,0,0
/Users/heyanfeng/Desktop/STUDY/科研/基于 RGB-Thermal 双模态融合的光伏组件缺陷检测与热斑识别/平台系统_完整版/training_pipeline_v2/prepared/cell_anomaly/images/train/cell0624.png,train,1,0,0
/Users/heyanfeng/Desktop/STUDY/科研/基于 RGB-Thermal 双模态融合的光伏组件缺陷检测与热斑识别/平台系统_完整版/training_pipeline_v2/prepared/cell_anomaly/images/train/cell2541.png,train,1,0,0
/Users/heyanfeng/Desktop/STUDY/科研/基于 RGB-Thermal 双模态融合的光伏组件缺陷检测与热斑识别/平台系统_完整版/training_pipeline_v2/prepared/cell_anomaly/images/train/cell1788.png,train,1,0,0
/Users/heyanfeng/Desktop/STUDY/科研/基于 RGB-Thermal 双模态融合的光伏组件缺陷检测与热斑识别/平台系统_完整版/training_pipeline_v2/prepared/cell_anomaly/images/train/cell2094.png,train,1,0,0
/Users/heyanfeng/Desktop/STUDY/科研/基于 RGB-Thermal 双模态融合的光伏组件缺陷检测与热斑识别/平台系统_完整版/training_pipeline_v2/prepared/cell_anomaly/images/train/cell2597.png,train,1,0,0
/Users/heyanfeng/Desktop/STUDY/科研/基于 RGB-Thermal 双模态融合的光伏组件缺陷检测与热斑识别/平台系统_完整版/training_pipeline_v2/prepared/cell_anomaly/images/train/cell2310.png,train,1,0,0
/Users/heyanfeng/Desktop/STUDY/科研/基于 RGB-Thermal 双模态融合的光伏组件缺陷检测与热斑识别/平台系统_完整版/training_pipeline_v2/prepared/cell_anomaly/images/train/cell0226.png,train,1,0,0
/Users/heyanfeng/Desktop/STUDY/科研/基于 RGB-Thermal 双模态融合的光伏组件缺陷检测与热斑识别/平台系统_完整版/training_pipeline_v2/prepared/cell_anomaly/images/train/cell1973.png,train,1,0,0
/Users/heyanfeng/Desktop/STUDY/科研/基于 RGB-Thermal 双模态融合的光伏组件缺陷检测与热斑识别/平台系统_完整版/training_pipeline_v2/prepared/cell_anomaly/images/train/cell2066.png,train,1,0,0
/Users/heyanfeng/Desktop/STUDY/科研/基于 RGB-Thermal 双模态融合的光伏组件缺陷检测与热斑识别/平台系统_完整版/training_pipeline_v2/prepared/cell_anomaly/images/train/cell0653.png,train,1,0,0
/Users/heyanfeng/Desktop/STUDY/科研/基于 RGB-Thermal 双模态融合的光伏组件缺陷检测与热斑识别/平台系统_完整版/training_pipeline_v2/prepared/cell_anomaly/images/train/cell1662.png,train,1,0,0
/Users/heyanfeng/Desktop/STUDY/科研/基于 RGB-Thermal 双模态融合的光伏组件缺陷检测与热斑识别/平台系统_完整版/training_pipeline_v2/prepared/cell_anomaly/images/train/cell2499.png,train,1,0,0
/Users/heyanfeng/Desktop/STUDY/科研/基于 RGB-Thermal 双模态融合的光伏组件缺陷检测与热斑识别/平台系统_完整版/training_pipeline_v2/prepared/cell_anomaly/images/train/cell1858.png,train,1,0,0
/Users/heyanfeng/Desktop/STUDY/科研/基于 RGB-Thermal 双模态融合的光伏组件缺陷检测与热斑识别/平台系统_完整版/training_pipeline_v2/prepared/cell_anomaly/images/train/cell1910.png,train,1,0,0
/Users/heyanfeng/Desktop/STUDY/科研/基于 RGB-Thermal 双模态融合的光伏组件缺陷检测与热斑识别/平台系统_完整版/training_pipeline_v2/prepared/cell_anomaly/images/train/cell0768.png,train,1,0,0
/Users/heyanfeng/Desktop/STUDY/科研/基于 RGB-Thermal 双模态融合的光伏组件缺陷检测与热斑识别/平台系统_完整版/training_pipeline_v2/prepared/cell_anomaly/images/train/cell1969.png,train,1,0,0
/Users/heyanfeng/Desktop/STUDY/科研/基于 RGB-Thermal 双模态融合的光伏组件缺陷检测与热斑识别/平台系统_完整版/training_pipeline_v2/prepared/cell_anomaly/images/train/cell1760.png,train,1,0,0
/Users/heyanfeng/Desktop/STUDY/科研/基于 RGB-Thermal 双模态融合的光伏组件缺陷检测与热斑识别/平台系统_完整版/training_pipeline_v2/prepared/cell_anomaly/images/train/cell0276.png,train,1,0,0
/Users/heyanfeng/Desktop/STUDY/科研/基于 RGB-Thermal 双模态融合的光伏组件缺陷检测与热斑识别/平台系统_完整版/training_pipeline_v2/prepared/cell_anomaly/images/train/cell2533.png,train,1,0,0
/Users/heyanfeng/Desktop/STUDY/科研/基于 RGB-Thermal 双模态融合的光伏组件缺陷检测与热斑识别/平台系统_完整版/training_pipeline_v2/prepared/cell_anomaly/images/train/cell1811.png,train,1,0,0
/Users/heyanfeng/Desktop/STUDY/科研/基于 RGB-Thermal 双模态融合的光伏组件缺陷检测与热斑识别/平台系统_完整版/training_pipeline_v2/prepared/cell_anomaly/images/train/cell2590.png,train,1,0,0
/Users/heyanfeng/Desktop/STUDY/科研/基于 RGB-Thermal 双模态融合的光伏组件缺陷检测与热斑识别/平台系统_完整版/training_pipeline_v2/prepared/cell_anomaly/images/train/cell1940.png,train,1,0,0
/Users/heyanfeng/Desktop/STUDY/科研/基于 RGB-Thermal 双模态融合的光伏组件缺陷检测与热斑识别/平台系统_完整版/training_pipeline_v2/prepared/cell_anomaly/images/train/cell0152.png,train,1,0,0
/Users/heyanfeng/Desktop/STUDY/科研/基于 RGB-Thermal 双模态融合的光伏组件缺陷检测与热斑识别/平台系统_完整版/training_pipeline_v2/prepared/cell_anomaly/images/train/cell0108.png,train,1,0,0
/Users/heyanfeng/Desktop/STUDY/科研/基于 RGB-Thermal 双模态融合的光伏组件缺陷检测与热斑识别/平台系统_完整版/training_pipeline_v2/prepared/cell_anomaly/images/train/cell2316.png,train,1,0,0
/Users/heyanfeng/Desktop/STUDY/科研/基于 RGB-Thermal 双模态融合的光伏组件缺陷检测与热斑识别/平台系统_完整版/training_pipeline_v2/prepared/cell_anomaly/images/train/cell2555.png,train,1,0,0
/Users/heyanfeng/Desktop/STUDY/科研/基于 RGB-Thermal 双模态融合的光伏组件缺陷检测与热斑识别/平台系统_完整版/training_pipeline_v2/prepared/cell_anomaly/images/train/cell2568.png,train,1,0,0
/Users/heyanfeng/Desktop/STUDY/科研/基于 RGB-Thermal 双模态融合的光伏组件缺陷检测与热斑识别/平台系统_完整版/training_pipeline_v2/prepared/cell_anomaly/images/train/cell2273.png,train,1,0,0
/Users/heyanfeng/Desktop/STUDY/科研/基于 RGB-Thermal 双模态融合的光伏组件缺陷检测与热斑识别/平台系统_完整版/training_pipeline_v2/prepared/cell_anomaly/images/train/cell2224.png,train,1,0,0
/Users/heyanfeng/Desktop/STUDY/科研/基于 RGB-Thermal 双模态融合的光伏组件缺陷检测与热斑识别/平台系统_完整版/training_pipeline_v2/prepared/cell_anomaly/images/train/cell1786.png,train,1,0,0
/Users/heyanfeng/Desktop/STUDY/科研/基于 RGB-Thermal 双模态融合的光伏组件缺陷检测与热斑识别/平台系统_完整版/training_pipeline_v2/prepared/cell_anomaly/images/train/cell1727.png,train,1,0,0
/Users/heyanfeng/Desktop/STUDY/科研/基于 RGB-Thermal 双模态融合的光伏组件缺陷检测与热斑识别/平台系统_完整版/training_pipeline_v2/prepared/cell_anomaly/images/train/cell2575.png,train,1,0,0
/Users/heyanfeng/Desktop/STUDY/科研/基于 RGB-Thermal 双模态融合的光伏组件缺陷检测与热斑识别/平台系统_完整版/training_pipeline_v2/prepared/cell_anomaly/images/train/cell1690.png,train,1,0,0
/Users/heyanfeng/Desktop/STUDY/科研/基于 RGB-Thermal 双模态融合的光伏组件缺陷检测与热斑识别/平台系统_完整版/training_pipeline_v2/prepared/cell_anomaly/images/train/cell2384.png,train,1,0,0
/Users/heyanfeng/Desktop/STUDY/科研/基于 RGB-Thermal 双模态融合的光伏组件缺陷检测与热斑识别/平台系统_完整版/training_pipeline_v2/prepared/cell_anomaly/images/train/cell2093.png,train,1,0,0
/Users/heyanfeng/Desktop/STUDY/科研/基于 RGB-Thermal 双模态融合的光伏组件缺陷检测与热斑识别/平台系统_完整版/training_pipeline_v2/prepared/cell_anomaly/images/train/cell2455.png,train,1,0,0
/Users/heyanfeng/Desktop/STUDY/科研/基于 RGB-Thermal 双模态融合的光伏组件缺陷检测与热斑识别/平台系统_完整版/training_pipeline_v2/prepared/cell_anomaly/images/train/cell0065.png,train,1,0,0
/Users/heyanfeng/Desktop/STUDY/科研/基于 RGB-Thermal 双模态融合的光伏组件缺陷检测与热斑识别/平台系统_完整版/training_pipeline_v2/prepared/cell_anomaly/images/train/cell0197.png,train,1,0,0
/Users/heyanfeng/Desktop/STUDY/科研/基于 RGB-Thermal 双模态融合的光伏组件缺陷检测与热斑识别/平台系统_完整版/training_pipeline_v2/prepared/cell_anomaly/images/train/cell0590.png,train,1,0,0
/Users/heyanfeng/Desktop/STUDY/科研/基于 RGB-Thermal 双模态融合的光伏组件缺陷检测与热斑识别/平台系统_完整版/training_pipeline_v2/prepared/cell_anomaly/images/train/cell0698.png,train,1,0,0
/Users/heyanfeng/Desktop/STUDY/科研/基于 RGB-Thermal 双模态融合的光伏组件缺陷检测与热斑识别/平台系统_完整版/training_pipeline_v2/prepared/cell_anomaly/images/train/cell0761.png,train,1,0,0
/Users/heyanfeng/Desktop/STUDY/科研/基于 RGB-Thermal 双模态融合的光伏组件缺陷检测与热斑识别/平台系统_完整版/training_pipeline_v2/prepared/cell_anomaly/images/train/cell1790.png,train,1,0,0
/Users/heyanfeng/Desktop/STUDY/科研/基于 RGB-Thermal 双模态融合的光伏组件缺陷检测与热斑识别/平台系统_完整版/training_pipeline_v2/prepared/cell_anomaly/images/train/cell0086.png,train,1,0,0
/Users/heyanfeng/Desktop/STUDY/科研/基于 RGB-Thermal 双模态融合的光伏组件缺陷检测与热斑识别/平台系统_完整版/training_pipeline_v2/prepared/cell_anomaly/images/train/cell0202.png,train,1,0,0
/Users/heyanfeng/Desktop/STUDY/科研/基于 RGB-Thermal 双模态融合的光伏组件缺陷检测与热斑识别/平台系统_完整版/training_pipeline_v2/prepared/cell_anomaly/images/train/cell0633.png,train,1,0,0
/Users/heyanfeng/Desktop/STUDY/科研/基于 RGB-Thermal 双模态融合的光伏组件缺陷检测与热斑识别/平台系统_完整版/training_pipeline_v2/prepared/cell_anomaly/images/train/cell2572.png,train,1,0,0
/Users/heyanfeng/Desktop/STUDY/科研/基于 RGB-Thermal 双模态融合的光伏组件缺陷检测与热斑识别/平台系统_完整版/training_pipeline_v2/prepared/cell_anomaly/images/train/cell1814.png,train,1,0,0
/Users/heyanfeng/Desktop/STUDY/科研/基于 RGB-Thermal 双模态融合的光伏组件缺陷检测与热斑识别/平台系统_完整版/training_pipeline_v2/prepared/cell_anomaly/images/train/cell0784.png,train,1,0,0
/Users/heyanfeng/Desktop/STUDY/科研/基于 RGB-Thermal 双模态融合的光伏组件缺陷检测与热斑识别/平台系统_完整版/training_pipeline_v2/prepared/cell_anomaly/images/train/cell2391.png,train,1,0,0
/Users/heyanfeng/Desktop/STUDY/科研/基于 RGB-Thermal 双模态融合的光伏组件缺陷检测与热斑识别/平台系统_完整版/training_pipeline_v2/prepared/cell_anomaly/images/train/cell2311.png,train,1,0,0
/Users/heyanfeng/Desktop/STUDY/科研/基于 RGB-Thermal 双模态融合的光伏组件缺陷检测与热斑识别/平台系统_完整版/training_pipeline_v2/prepared/cell_anomaly/images/train/cell0102.png,train,1,0,0
/Users/heyanfeng/Desktop/STUDY/科研/基于 RGB-Thermal 双模态融合的光伏组件缺陷检测与热斑识别/平台系统_完整版/training_pipeline_v2/prepared/cell_anomaly/images/train/cell0217.png,train,1,0,0
/Users/heyanfeng/Desktop/STUDY/科研/基于 RGB-Thermal 双模态融合的光伏组件缺陷检测与热斑识别/平台系统_完整版/training_pipeline_v2/prepared/cell_anomaly/images/train/cell0836.png,train,1,0,0
/Users/heyanfeng/Desktop/STUDY/科研/基于 RGB-Thermal 双模态融合的光伏组件缺陷检测与热斑识别/平台系统_完整版/training_pipeline_v2/prepared/cell_anomaly/images/train/cell1937.png,train,1,0,0
/Users/heyanfeng/Desktop/STUDY/科研/基于 RGB-Thermal 双模态融合的光伏组件缺陷检测与热斑识别/平台系统_完整版/training_pipeline_v2/prepared/cell_anomaly/images/test/cell0708.png,test,1,0,1
/Users/heyanfeng/Desktop/STUDY/科研/基于 RGB-Thermal 双模态融合的光伏组件缺陷检测与热斑识别/平台系统_完整版/training_pipeline_v2/prepared/cell_anomaly/images/test/cell1623.png,test,1,0,1
/Users/heyanfeng/Desktop/STUDY/科研/基于 RGB-Thermal 双模态融合的光伏组件缺陷检测与热斑识别/平台系统_完整版/training_pipeline_v2/prepared/cell_anomaly/images/val/cell0702.png,val,1,0,1
/Users/heyanfeng/Desktop/STUDY/科研/基于 RGB-Thermal 双模态融合的光伏组件缺陷检测与热斑识别/平台系统_完整版/training_pipeline_v2/prepared/cell_anomaly/images/val/cell0798.png,val,1,0,1
/Users/heyanfeng/Desktop/STUDY/科研/基于 RGB-Thermal 双模态融合的光伏组件缺陷检测与热斑识别/平台系统_完整版/training_pipeline_v2/prepared/cell_anomaly/images/train/cell0203.png,train,1,0,1
/Users/heyanfeng/Desktop/STUDY/科研/基于 RGB-Thermal 双模态融合的光伏组件缺陷检测与热斑识别/平台系统_完整版/training_pipeline_v2/prepared/cell_anomaly/images/train/cell0786.png,train,1,0,1
/Users/heyanfeng/Desktop/STUDY/科研/基于 RGB-Thermal 双模态融合的光伏组件缺陷检测与热斑识别/平台系统_完整版/training_pipeline_v2/prepared/cell_anomaly/images/train/cell0201.png,train,1,0,1
/Users/heyanfeng/Desktop/STUDY/科研/基于 RGB-Thermal 双模态融合的光伏组件缺陷检测与热斑识别/平台系统_完整版/training_pipeline_v2/prepared/cell_anomaly/images/train/cell2599.png,train,1,0,1
/Users/heyanfeng/Desktop/STUDY/科研/基于 RGB-Thermal 双模态融合的光伏组件缺陷检测与热斑识别/平台系统_完整版/training_pipeline_v2/prepared/cell_anomaly/images/train/cell1976.png,train,1,0,1
/Users/heyanfeng/Desktop/STUDY/科研/基于 RGB-Thermal 双模态融合的光伏组件缺陷检测与热斑识别/平台系统_完整版/training_pipeline_v2/prepared/cell_anomaly/images/train/cell1616.png,train,1,0,1
/Users/heyanfeng/Desktop/STUDY/科研/基于 RGB-Thermal 双模态融合的光伏组件缺陷检测与热斑识别/平台系统_完整版/training_pipeline_v2/prepared/cell_anomaly/images/test/cell0618.png,test,1,1,0
/Users/heyanfeng/Desktop/STUDY/科研/基于 RGB-Thermal 双模态融合的光伏组件缺陷检测与热斑识别/平台系统_完整版/training_pipeline_v2/prepared/cell_anomaly/images/test/cell0281.png,test,1,1,0
/Users/heyanfeng/Desktop/STUDY/科研/基于 RGB-Thermal 双模态融合的光伏组件缺陷检测与热斑识别/平台系统_完整版/training_pipeline_v2/prepared/cell_anomaly/images/test/cell0607.png,test,1,1,0
/Users/heyanfeng/Desktop/STUDY/科研/基于 RGB-Thermal 双模态融合的光伏组件缺陷检测与热斑识别/平台系统_完整版/training_pipeline_v2/prepared/cell_anomaly/images/test/cell0759.png,test,1,1,0
/Users/heyanfeng/Desktop/STUDY/科研/基于 RGB-Thermal 双模态融合的光伏组件缺陷检测与热斑识别/平台系统_完整版/training_pipeline_v2/prepared/cell_anomaly/images/test/cell0289.png,test,1,1,0
/Users/heyanfeng/Desktop/STUDY/科研/基于 RGB-Thermal 双模态融合的光伏组件缺陷检测与热斑识别/平台系统_完整版/training_pipeline_v2/prepared/cell_anomaly/images/test/cell0876.png,test,1,1,0
/Users/heyanfeng/Desktop/STUDY/科研/基于 RGB-Thermal 双模态融合的光伏组件缺陷检测与热斑识别/平台系统_完整版/training_pipeline_v2/prepared/cell_anomaly/images/test/cell2289.png,test,1,1,0
/Users/heyanfeng/Desktop/STUDY/科研/基于 RGB-Thermal 双模态融合的光伏组件缺陷检测与热斑识别/平台系统_完整版/training_pipeline_v2/prepared/cell_anomaly/images/test/cell0246.png,test,1,1,0
/Users/heyanfeng/Desktop/STUDY/科研/基于 RGB-Thermal 双模态融合的光伏组件缺陷检测与热斑识别/平台系统_完整版/training_pipeline_v2/prepared/cell_anomaly/images/test/cell0666.png,test,1,1,0
/Users/heyanfeng/Desktop/STUDY/科研/基于 RGB-Thermal 双模态融合的光伏组件缺陷检测与热斑识别/平台系统_完整版/training_pipeline_v2/prepared/cell_anomaly/images/test/cell0251.png,test,1,1,0
/Users/heyanfeng/Desktop/STUDY/科研/基于 RGB-Thermal 双模态融合的光伏组件缺陷检测与热斑识别/平台系统_完整版/training_pipeline_v2/prepared/cell_anomaly/images/test/cell1890.png,test,1,1,0
/Users/heyanfeng/Desktop/STUDY/科研/基于 RGB-Thermal 双模态融合的光伏组件缺陷检测与热斑识别/平台系统_完整版/training_pipeline_v2/prepared/cell_anomaly/images/test/cell0073.png,test,1,1,0
/Users/heyanfeng/Desktop/STUDY/科研/基于 RGB-Thermal 双模态融合的光伏组件缺陷检测与热斑识别/平台系统_完整版/training_pipeline_v2/prepared/cell_anomaly/images/test/cell2053.png,test,1,1,0
/Users/heyanfeng/Desktop/STUDY/科研/基于 RGB-Thermal 双模态融合的光伏组件缺陷检测与热斑识别/平台系统_完整版/training_pipeline_v2/prepared/cell_anomaly/images/test/cell0284.png,test,1,1,0
/Users/heyanfeng/Desktop/STUDY/科研/基于 RGB-Thermal 双模态融合的光伏组件缺陷检测与热斑识别/平台系统_完整版/training_pipeline_v2/prepared/cell_anomaly/images/test/cell0612.png,test,1,1,0
/Users/heyanfeng/Desktop/STUDY/科研/基于 RGB-Thermal 双模态融合的光伏组件缺陷检测与热斑识别/平台系统_完整版/training_pipeline_v2/prepared/cell_anomaly/images/test/cell0875.png,test,1,1,0
/Users/heyanfeng/Desktop/STUDY/科研/基于 RGB-Thermal 双模态融合的光伏组件缺陷检测与热斑识别/平台系统_完整版/training_pipeline_v2/prepared/cell_anomaly/images/test/cell0859.png,test,1,1,0
/Users/heyanfeng/Desktop/STUDY/科研/基于 RGB-Thermal 双模态融合的光伏组件缺陷检测与热斑识别/平台系统_完整版/training_pipeline_v2/prepared/cell_anomaly/images/test/cell0884.png,test,1,1,0
/Users/heyanfeng/Desktop/STUDY/科研/基于 RGB-Thermal 双模态融合的光伏组件缺陷检测与热斑识别/平台系统_完整版/training_pipeline_v2/prepared/cell_anomaly/images/test/cell0857.png,test,1,1,0
/Users/heyanfeng/Desktop/STUDY/科研/基于 RGB-Thermal 双模态融合的光伏组件缺陷检测与热斑识别/平台系统_完整版/training_pipeline_v2/prepared/cell_anomaly/images/test/cell0885.png,test,1,1,0
/Users/heyanfeng/Desktop/STUDY/科研/基于 RGB-Thermal 双模态融合的光伏组件缺陷检测与热斑识别/平台系统_完整版/training_pipeline_v2/prepared/cell_anomaly/images/test/cell1991.png,test,1,1,0
/Users/heyanfeng/Desktop/STUDY/科研/基于 RGB-Thermal 双模态融合的光伏组件缺陷检测与热斑识别/平台系统_完整版/training_pipeline_v2/prepared/cell_anomaly/images/test/cell0613.png,test,1,1,0
/Users/heyanfeng/Desktop/STUDY/科研/基于 RGB-Thermal 双模态融合的光伏组件缺陷检测与热斑识别/平台系统_完整版/training_pipeline_v2/prepared/cell_anomaly/images/test/cell1982.png,test,1,1,0
/Users/heyanfeng/Desktop/STUDY/科研/基于 RGB-Thermal 双模态融合的光伏组件缺陷检测与热斑识别/平台系统_完整版/training_pipeline_v2/prepared/cell_anomaly/images/test/cell0083.png,test,1,1,0
/Users/heyanfeng/Desktop/STUDY/科研/基于 RGB-Thermal 双模态融合的光伏组件缺陷检测与热斑识别/平台系统_完整版/training_pipeline_v2/prepared/cell_anomaly/images/test/cell2070.png,test,1,1,0
/Users/heyanfeng/Desktop/STUDY/科研/基于 RGB-Thermal 双模态融合的光伏组件缺陷检测与热斑识别/平台系统_完整版/training_pipeline_v2/prepared/cell_anomaly/images/test/cell0275.png,test,1,1,0
/Users/heyanfeng/Desktop/STUDY/科研/基于 RGB-Thermal 双模态融合的光伏组件缺陷检测与热斑识别/平台系统_完整版/training_pipeline_v2/prepared/cell_anomaly/images/test/cell0243.png,test,1,1,0
/Users/heyanfeng/Desktop/STUDY/科研/基于 RGB-Thermal 双模态融合的光伏组件缺陷检测与热斑识别/平台系统_完整版/training_pipeline_v2/prepared/cell_anomaly/images/test/cell0579.png,test,1,1,0
/Users/heyanfeng/Desktop/STUDY/科研/基于 RGB-Thermal 双模态融合的光伏组件缺陷检测与热斑识别/平台系统_完整版/training_pipeline_v2/prepared/cell_anomaly/images/test/cell0595.png,test,1,1,0
/Users/heyanfeng/Desktop/STUDY/科研/基于 RGB-Thermal 双模态融合的光伏组件缺陷检测与热斑识别/平台系统_完整版/training_pipeline_v2/prepared/cell_anomaly/images/test/cell0165.png,test,1,1,0
/Users/heyanfeng/Desktop/STUDY/科研/基于 RGB-Thermal 双模态融合的光伏组件缺陷检测与热斑识别/平台系统_完整版/training_pipeline_v2/prepared/cell_anomaly/images/test/cell0317.png,test,1,1,0
/Users/heyanfeng/Desktop/STUDY/科研/基于 RGB-Thermal 双模态融合的光伏组件缺陷检测与热斑识别/平台系统_完整版/training_pipeline_v2/prepared/cell_anomaly/images/val/cell0192.png,val,1,1,0
/Users/heyanfeng/Desktop/STUDY/科研/基于 RGB-Thermal 双模态融合的光伏组件缺陷检测与热斑识别/平台系统_完整版/training_pipeline_v2/prepared/cell_anomaly/images/val/cell0744.png,val,1,1,0
/Users/heyanfeng/Desktop/STUDY/科研/基于 RGB-Thermal 双模态融合的光伏组件缺陷检测与热斑识别/平台系统_完整版/training_pipeline_v2/prepared/cell_anomaly/images/val/cell0296.png,val,1,1,0
/Users/heyanfeng/Desktop/STUDY/科研/基于 RGB-Thermal 双模态融合的光伏组件缺陷检测与热斑识别/平台系统_完整版/training_pipeline_v2/prepared/cell_anomaly/images/val/cell1771.png,val,1,1,0
/Users/heyanfeng/Desktop/STUDY/科研/基于 RGB-Thermal 双模态融合的光伏组件缺陷检测与热斑识别/平台系统_完整版/training_pipeline_v2/prepared/cell_anomaly/images/val/cell0806.png,val,1,1,0
/Users/heyanfeng/Desktop/STUDY/科研/基于 RGB-Thermal 双模态融合的光伏组件缺陷检测与热斑识别/平台系统_完整版/training_pipeline_v2/prepared/cell_anomaly/images/val/cell0611.png,val,1,1,0
/Users/heyanfeng/Desktop/STUDY/科研/基于 RGB-Thermal 双模态融合的光伏组件缺陷检测与热斑识别/平台系统_完整版/training_pipeline_v2/prepared/cell_anomaly/images/val/cell0271.png,val,1,1,0
/Users/heyanfeng/Desktop/STUDY/科研/基于 RGB-Thermal 双模态融合的光伏组件缺陷检测与热斑识别/平台系统_完整版/training_pipeline_v2/prepared/cell_anomaly/images/val/cell2525.png,val,1,1,0
/Users/heyanfeng/Desktop/STUDY/科研/基于 RGB-Thermal 双模态融合的光伏组件缺陷检测与热斑识别/平台系统_完整版/training_pipeline_v2/prepared/cell_anomaly/images/val/cell0701.png,val,1,1,0
/Users/heyanfeng/Desktop/STUDY/科研/基于 RGB-Thermal 双模态融合的光伏组件缺陷检测与热斑识别/平台系统_完整版/training_pipeline_v2/prepared/cell_anomaly/images/val/cell2054.png,val,1,1,0
/Users/heyanfeng/Desktop/STUDY/科研/基于 RGB-Thermal 双模态融合的光伏组件缺陷检测与热斑识别/平台系统_完整版/training_pipeline_v2/prepared/cell_anomaly/images/val/cell0854.png,val,1,1,0
/Users/heyanfeng/Desktop/STUDY/科研/基于 RGB-Thermal 双模态融合的光伏组件缺陷检测与热斑识别/平台系统_完整版/training_pipeline_v2/prepared/cell_anomaly/images/val/cell2547.png,val,1,1,0
/Users/heyanfeng/Desktop/STUDY/科研/基于 RGB-Thermal 双模态融合的光伏组件缺陷检测与热斑识别/平台系统_完整版/training_pipeline_v2/prepared/cell_anomaly/images/val/cell0293.png,val,1,1,0
/Users/heyanfeng/Desktop/STUDY/科研/基于 RGB-Thermal 双模态融合的光伏组件缺陷检测与热斑识别/平台系统_完整版/training_pipeline_v2/prepared/cell_anomaly/images/val/cell0634.png,val,1,1,0
/Users/heyanfeng/Desktop/STUDY/科研/基于 RGB-Thermal 双模态融合的光伏组件缺陷检测与热斑识别/平台系统_完整版/training_pipeline_v2/prepared/cell_anomaly/images/val/cell0605.png,val,1,1,0
/Users/heyanfeng/Desktop/STUDY/科研/基于 RGB-Thermal 双模态融合的光伏组件缺陷检测与热斑识别/平台系统_完整版/training_pipeline_v2/prepared/cell_anomaly/images/val/cell0346.png,val,1,1,0
/Users/heyanfeng/Desktop/STUDY/科研/基于 RGB-Thermal 双模态融合的光伏组件缺陷检测与热斑识别/平台系统_完整版/training_pipeline_v2/prepared/cell_anomaly/images/val/cell0787.png,val,1,1,0
/Users/heyanfeng/Desktop/STUDY/科研/基于 RGB-Thermal 双模态融合的光伏组件缺陷检测与热斑识别/平台系统_完整版/training_pipeline_v2/prepared/cell_anomaly/images/val/cell0891.png,val,1,1,0
/Users/heyanfeng/Desktop/STUDY/科研/基于 RGB-Thermal 双模态融合的光伏组件缺陷检测与热斑识别/平台系统_完整版/training_pipeline_v2/prepared/cell_anomaly/images/val/cell0286.png,val,1,1,0
/Users/heyanfeng/Desktop/STUDY/科研/基于 RGB-Thermal 双模态融合的光伏组件缺陷检测与热斑识别/平台系统_完整版/training_pipeline_v2/prepared/cell_anomaly/images/val/cell0867.png,val,1,1,0
/Users/heyanfeng/Desktop/STUDY/科研/基于 RGB-Thermal 双模态融合的光伏组件缺陷检测与热斑识别/平台系统_完整版/training_pipeline_v2/prepared/cell_anomaly/images/val/cell0800.png,val,1,1,0
/Users/heyanfeng/Desktop/STUDY/科研/基于 RGB-Thermal 双模态融合的光伏组件缺陷检测与热斑识别/平台系统_完整版/training_pipeline_v2/prepared/cell_anomaly/images/val/cell2392.png,val,1,1,0
/Users/heyanfeng/Desktop/STUDY/科研/基于 RGB-Thermal 双模态融合的光伏组件缺陷检测与热斑识别/平台系统_完整版/training_pipeline_v2/prepared/cell_anomaly/images/val/cell2548.png,val,1,1,0
/Users/heyanfeng/Desktop/STUDY/科研/基于 RGB-Thermal 双模态融合的光伏组件缺陷检测与热斑识别/平台系统_完整版/training_pipeline_v2/prepared/cell_anomaly/images/val/cell0208.png,val,1,1,0
/Users/heyanfeng/Desktop/STUDY/科研/基于 RGB-Thermal 双模态融合的光伏组件缺陷检测与热斑识别/平台系统_完整版/training_pipeline_v2/prepared/cell_anomaly/images/val/cell0206.png,val,1,1,0
/Users/heyanfeng/Desktop/STUDY/科研/基于 RGB-Thermal 双模态融合的光伏组件缺陷检测与热斑识别/平台系统_完整版/training_pipeline_v2/prepared/cell_anomaly/images/val/cell0645.png,val,1,1,0
/Users/heyanfeng/Desktop/STUDY/科研/基于 RGB-Thermal 双模态融合的光伏组件缺陷检测与热斑识别/平台系统_完整版/training_pipeline_v2/prepared/cell_anomaly/images/val/cell0834.png,val,1,1,0
/Users/heyanfeng/Desktop/STUDY/科研/基于 RGB-Thermal 双模态融合的光伏组件缺陷检测与热斑识别/平台系统_完整版/training_pipeline_v2/prepared/cell_anomaly/images/val/cell0211.png,val,1,1,0
/Users/heyanfeng/Desktop/STUDY/科研/基于 RGB-Thermal 双模态融合的光伏组件缺陷检测与热斑识别/平台系统_完整版/training_pipeline_v2/prepared/cell_anomaly/images/val/cell0837.png,val,1,1,0
/Users/heyanfeng/Desktop/STUDY/科研/基于 RGB-Thermal 双模态融合的光伏组件缺陷检测与热斑识别/平台系统_完整版/training_pipeline_v2/prepared/cell_anomaly/images/val/cell0694.png,val,1,1,0
/Users/heyanfeng/Desktop/STUDY/科研/基于 RGB-Thermal 双模态融合的光伏组件缺陷检测与热斑识别/平台系统_完整版/training_pipeline_v2/prepared/cell_anomaly/images/val/cell0794.png,val,1,1,0
/Users/heyanfeng/Desktop/STUDY/科研/基于 RGB-Thermal 双模态融合的光伏组件缺陷检测与热斑识别/平台系统_完整版/training_pipeline_v2/prepared/cell_anomaly/images/train/cell0270.png,train,1,1,0
/Users/heyanfeng/Desktop/STUDY/科研/基于 RGB-Thermal 双模态融合的光伏组件缺陷检测与热斑识别/平台系统_完整版/training_pipeline_v2/prepared/cell_anomaly/images/train/cell0869.png,train,1,1,0
/Users/heyanfeng/Desktop/STUDY/科研/基于 RGB-Thermal 双模态融合的光伏组件缺陷检测与热斑识别/平台系统_完整版/training_pipeline_v2/prepared/cell_anomaly/images/train/cell0606.png,train,1,1,0
/Users/heyanfeng/Desktop/STUDY/科研/基于 RGB-Thermal 双模态融合的光伏组件缺陷检测与热斑识别/平台系统_完整版/training_pipeline_v2/prepared/cell_anomaly/images/train/cell0821.png,train,1,1,0
/Users/heyanfeng/Desktop/STUDY/科研/基于 RGB-Thermal 双模态融合的光伏组件缺陷检测与热斑识别/平台系统_完整版/training_pipeline_v2/prepared/cell_anomaly/images/train/cell0298.png,train,1,1,0
/Users/heyanfeng/Desktop/STUDY/科研/基于 RGB-Thermal 双模态融合的光伏组件缺陷检测与热斑识别/平台系统_完整版/training_pipeline_v2/prepared/cell_anomaly/images/train/cell0608.png,train,1,1,0
/Users/heyanfeng/Desktop/STUDY/科研/基于 RGB-Thermal 双模态融合的光伏组件缺陷检测与热斑识别/平台系统_完整版/training_pipeline_v2/prepared/cell_anomaly/images/train/cell0301.png,train,1,1,0
/Users/heyanfeng/Desktop/STUDY/科研/基于 RGB-Thermal 双模态融合的光伏组件缺陷检测与热斑识别/平台系统_完整版/training_pipeline_v2/prepared/cell_anomaly/images/train/cell0277.png,train,1,1,0
/Users/heyanfeng/Desktop/STUDY/科研/基于 RGB-Thermal 双模态融合的光伏组件缺陷检测与热斑识别/平台系统_完整版/training_pipeline_v2/prepared/cell_anomaly/images/train/cell0732.png,train,1,1,0
/Users/heyanfeng/Desktop/STUDY/科研/基于 RGB-Thermal 双模态融合的光伏组件缺陷检测与热斑识别/平台系统_完整版/training_pipeline_v2/prepared/cell_anomaly/images/train/cell0740.png,train,1,1,0
/Users/heyanfeng/Desktop/STUDY/科研/基于 RGB-Thermal 双模态融合的光伏组件缺陷检测与热斑识别/平台系统_完整版/training_pipeline_v2/prepared/cell_anomaly/images/train/cell0843.png,train,1,1,0
/Users/heyanfeng/Desktop/STUDY/科研/基于 RGB-Thermal 双模态融合的光伏组件缺陷检测与热斑识别/平台系统_完整版/training_pipeline_v2/prepared/cell_anomaly/images/train/cell0639.png,train,1,1,0
/Users/heyanfeng/Desktop/STUDY/科研/基于 RGB-Thermal 双模态融合的光伏组件缺陷检测与热斑识别/平台系统_完整版/training_pipeline_v2/prepared/cell_anomaly/images/train/cell1701.png,train,1,1,0
/Users/heyanfeng/Desktop/STUDY/科研/基于 RGB-Thermal 双模态融合的光伏组件缺陷检测与热斑识别/平台系统_完整版/training_pipeline_v2/prepared/cell_anomaly/images/train/cell0295.png,train,1,1,0
/Users/heyanfeng/Desktop/STUDY/科研/基于 RGB-Thermal 双模态融合的光伏组件缺陷检测与热斑识别/平台系统_完整版/training_pipeline_v2/prepared/cell_anomaly/images/train/cell0068.png,train,1,1,0
/Users/heyanfeng/Desktop/STUDY/科研/基于 RGB-Thermal 双模态融合的光伏组件缺陷检测与热斑识别/平台系统_完整版/training_pipeline_v2/prepared/cell_anomaly/images/train/cell0614.png,train,1,1,0
/Users/heyanfeng/Desktop/STUDY/科研/基于 RGB-Thermal 双模态融合的光伏组件缺陷检测与热斑识别/平台系统_完整版/training_pipeline_v2/prepared/cell_anomaly/images/train/cell0199.png,train,1,1,0
/Users/heyanfeng/Desktop/STUDY/科研/基于 RGB-Thermal 双模态融合的光伏组件缺陷检测与热斑识别/平台系统_完整版/training_pipeline_v2/prepared/cell_anomaly/images/train/cell2042.png,train,1,1,0
/Users/heyanfeng/Desktop/STUDY/科研/基于 RGB-Thermal 双模态融合的光伏组件缺陷检测与热斑识别/平台系统_完整版/training_pipeline_v2/prepared/cell_anomaly/images/train/cell1761.png,train,1,1,0
/Users/heyanfeng/Desktop/STUDY/科研/基于 RGB-Thermal 双模态融合的光伏组件缺陷检测与热斑识别/平台系统_完整版/training_pipeline_v2/prepared/cell_anomaly/images/train/cell0335.png,train,1,1,0
/Users/heyanfeng/Desktop/STUDY/科研/基于 RGB-Thermal 双模态融合的光伏组件缺陷检测与热斑识别/平台系统_完整版/training_pipeline_v2/prepared/cell_anomaly/images/train/cell0678.png,train,1,1,0
/Users/heyanfeng/Desktop/STUDY/科研/基于 RGB-Thermal 双模态融合的光伏组件缺陷检测与热斑识别/平台系统_完整版/training_pipeline_v2/prepared/cell_anomaly/images/train/cell0642.png,train,1,1,0
/Users/heyanfeng/Desktop/STUDY/科研/基于 RGB-Thermal 双模态融合的光伏组件缺陷检测与热斑识别/平台系统_完整版/training_pipeline_v2/prepared/cell_anomaly/images/train/cell0691.png,train,1,1,0
/Users/heyanfeng/Desktop/STUDY/科研/基于 RGB-Thermal 双模态融合的光伏组件缺陷检测与热斑识别/平台系统_完整版/training_pipeline_v2/prepared/cell_anomaly/images/train/cell0287.png,train,1,1,0
/Users/heyanfeng/Desktop/STUDY/科研/基于 RGB-Thermal 双模态融合的光伏组件缺陷检测与热斑识别/平台系统_完整版/training_pipeline_v2/prepared/cell_anomaly/images/train/cell0862.png,train,1,1,0
/Users/heyanfeng/Desktop/STUDY/科研/基于 RGB-Thermal 双模态融合的光伏组件缺陷检测与热斑识别/平台系统_完整版/training_pipeline_v2/prepared/cell_anomaly/images/train/cell0248.png,train,1,1,0
/Users/heyanfeng/Desktop/STUDY/科研/基于 RGB-Thermal 双模态融合的光伏组件缺陷检测与热斑识别/平台系统_完整版/training_pipeline_v2/prepared/cell_anomaly/images/train/cell0877.png,train,1,1,0
/Users/heyanfeng/Desktop/STUDY/科研/基于 RGB-Thermal 双模态融合的光伏组件缺陷检测与热斑识别/平台系统_完整版/training_pipeline_v2/prepared/cell_anomaly/images/train/cell0307.png,train,1,1,0
/Users/heyanfeng/Desktop/STUDY/科研/基于 RGB-Thermal 双模态融合的光伏组件缺陷检测与热斑识别/平台系统_完整版/training_pipeline_v2/prepared/cell_anomaly/images/train/cell0285.png,train,1,1,0
/Users/heyanfeng/Desktop/STUDY/科研/基于 RGB-Thermal 双模态融合的光伏组件缺陷检测与热斑识别/平台系统_完整版/training_pipeline_v2/prepared/cell_anomaly/images/train/cell0263.png,train,1,1,0
/Users/heyanfeng/Desktop/STUDY/科研/基于 RGB-Thermal 双模态融合的光伏组件缺陷检测与热斑识别/平台系统_完整版/training_pipeline_v2/prepared/cell_anomaly/images/train/cell0255.png,train,1,1,0
/Users/heyanfeng/Desktop/STUDY/科研/基于 RGB-Thermal 双模态融合的光伏组件缺陷检测与热斑识别/平台系统_完整版/training_pipeline_v2/prepared/cell_anomaly/images/train/cell0274.png,train,1,1,0
/Users/heyanfeng/Desktop/STUDY/科研/基于 RGB-Thermal 双模态融合的光伏组件缺陷检测与热斑识别/平台系统_完整版/training_pipeline_v2/prepared/cell_anomaly/images/train/cell0231.png,train,1,1,0
/Users/heyanfeng/Desktop/STUDY/科研/基于 RGB-Thermal 双模态融合的光伏组件缺陷检测与热斑识别/平台系统_完整版/training_pipeline_v2/prepared/cell_anomaly/images/train/cell0714.png,train,1,1,0
/Users/heyanfeng/Desktop/STUDY/科研/基于 RGB-Thermal 双模态融合的光伏组件缺陷检测与热斑识别/平台系统_完整版/training_pipeline_v2/prepared/cell_anomaly/images/train/cell0252.png,train,1,1,0
/Users/heyanfeng/Desktop/STUDY/科研/基于 RGB-Thermal 双模态融合的光伏组件缺陷检测与热斑识别/平台系统_完整版/training_pipeline_v2/prepared/cell_anomaly/images/train/cell0853.png,train,1,1,0
/Users/heyanfeng/Desktop/STUDY/科研/基于 RGB-Thermal 双模态融合的光伏组件缺陷检测与热斑识别/平台系统_完整版/training_pipeline_v2/prepared/cell_anomaly/images/train/cell1906.png,train,1,1,0
/Users/heyanfeng/Desktop/STUDY/科研/基于 RGB-Thermal 双模态融合的光伏组件缺陷检测与热斑识别/平台系统_完整版/training_pipeline_v2/prepared/cell_anomaly/images/train/cell0228.png,train,1,1,0
/Users/heyanfeng/Desktop/STUDY/科研/基于 RGB-Thermal 双模态融合的光伏组件缺陷检测与热斑识别/平台系统_完整版/training_pipeline_v2/prepared/cell_anomaly/images/train/cell0280.png,train,1,1,0
/Users/heyanfeng/Desktop/STUDY/科研/基于 RGB-Thermal 双模态融合的光伏组件缺陷检测与热斑识别/平台系统_完整版/training_pipeline_v2/prepared/cell_anomaly/images/train/cell0261.png,train,1,1,0
/Users/heyanfeng/Desktop/STUDY/科研/基于 RGB-Thermal 双模态融合的光伏组件缺陷检测与热斑识别/平台系统_完整版/training_pipeline_v2/prepared/cell_anomaly/images/train/cell0899.png,train,1,1,0
/Users/heyanfeng/Desktop/STUDY/科研/基于 RGB-Thermal 双模态融合的光伏组件缺陷检测与热斑识别/平台系统_完整版/training_pipeline_v2/prepared/cell_anomaly/images/train/cell2446.png,train,1,1,0
/Users/heyanfeng/Desktop/STUDY/科研/基于 RGB-Thermal 双模态融合的光伏组件缺陷检测与热斑识别/平台系统_完整版/training_pipeline_v2/prepared/cell_anomaly/images/train/cell2456.png,train,1,1,0
/Users/heyanfeng/Desktop/STUDY/科研/基于 RGB-Thermal 双模态融合的光伏组件缺陷检测与热斑识别/平台系统_完整版/training_pipeline_v2/prepared/cell_anomaly/images/train/cell2036.png,train,1,1,0
/Users/heyanfeng/Desktop/STUDY/科研/基于 RGB-Thermal 双模态融合的光伏组件缺陷检测与热斑识别/平台系统_完整版/training_pipeline_v2/prepared/cell_anomaly/images/train/cell0078.png,train,1,1,0
/Users/heyanfeng/Desktop/STUDY/科研/基于 RGB-Thermal 双模态融合的光伏组件缺陷检测与热斑识别/平台系统_完整版/training_pipeline_v2/prepared/cell_anomaly/images/train/cell0673.png,train,1,1,0
/Users/heyanfeng/Desktop/STUDY/科研/基于 RGB-Thermal 双模态融合的光伏组件缺陷检测与热斑识别/平台系统_完整版/training_pipeline_v2/prepared/cell_anomaly/images/train/cell2517.png,train,1,1,0
/Users/heyanfeng/Desktop/STUDY/科研/基于 RGB-Thermal 双模态融合的光伏组件缺陷检测与热斑识别/平台系统_完整版/training_pipeline_v2/prepared/cell_anomaly/images/train/cell2017.png,train,1,1,0
/Users/heyanfeng/Desktop/STUDY/科研/基于 RGB-Thermal 双模态融合的光伏组件缺陷检测与热斑识别/平台系统_完整版/training_pipeline_v2/prepared/cell_anomaly/images/train/cell0187.png,train,1,1,0
/Users/heyanfeng/Desktop/STUDY/科研/基于 RGB-Thermal 双模态融合的光伏组件缺陷检测与热斑识别/平台系统_完整版/training_pipeline_v2/prepared/cell_anomaly/images/train/cell0883.png,train,1,1,0
/Users/heyanfeng/Desktop/STUDY/科研/基于 RGB-Thermal 双模态融合的光伏组件缺陷检测与热斑识别/平台系统_完整版/training_pipeline_v2/prepared/cell_anomaly/images/train/cell0675.png,train,1,1,0
/Users/heyanfeng/Desktop/STUDY/科研/基于 RGB-Thermal 双模态融合的光伏组件缺陷检测与热斑识别/平台系统_完整版/training_pipeline_v2/prepared/cell_anomaly/images/train/cell0783.png,train,1,1,0
/Users/heyanfeng/Desktop/STUDY/科研/基于 RGB-Thermal 双模态融合的光伏组件缺陷检测与热斑识别/平台系统_完整版/training_pipeline_v2/prepared/cell_anomaly/images/train/cell0316.png,train,1,1,0
/Users/heyanfeng/Desktop/STUDY/科研/基于 RGB-Thermal 双模态融合的光伏组件缺陷检测与热斑识别/平台系统_完整版/training_pipeline_v2/prepared/cell_anomaly/images/train/cell0164.png,train,1,1,0
/Users/heyanfeng/Desktop/STUDY/科研/基于 RGB-Thermal 双模态融合的光伏组件缺陷检测与热斑识别/平台系统_完整版/training_pipeline_v2/prepared/cell_anomaly/images/train/cell0831.png,train,1,1,0
/Users/heyanfeng/Desktop/STUDY/科研/基于 RGB-Thermal 双模态融合的光伏组件缺陷检测与热斑识别/平台系统_完整版/training_pipeline_v2/prepared/cell_anomaly/images/train/cell0817.png,train,1,1,0
/Users/heyanfeng/Desktop/STUDY/科研/基于 RGB-Thermal 双模态融合的光伏组件缺陷检测与热斑识别/平台系统_完整版/training_pipeline_v2/prepared/cell_anomaly/images/train/cell2044.png,train,1,1,0
/Users/heyanfeng/Desktop/STUDY/科研/基于 RGB-Thermal 双模态融合的光伏组件缺陷检测与热斑识别/平台系统_完整版/training_pipeline_v2/prepared/cell_anomaly/images/train/cell0841.png,train,1,1,0
/Users/heyanfeng/Desktop/STUDY/科研/基于 RGB-Thermal 双模态融合的光伏组件缺陷检测与热斑识别/平台系统_完整版/training_pipeline_v2/prepared/cell_anomaly/images/train/cell0890.png,train,1,1,0
/Users/heyanfeng/Desktop/STUDY/科研/基于 RGB-Thermal 双模态融合的光伏组件缺陷检测与热斑识别/平台系统_完整版/training_pipeline_v2/prepared/cell_anomaly/images/train/cell0601.png,train,1,1,0
/Users/heyanfeng/Desktop/STUDY/科研/基于 RGB-Thermal 双模态融合的光伏组件缺陷检测与热斑识别/平台系统_完整版/training_pipeline_v2/prepared/cell_anomaly/images/train/cell0788.png,train,1,1,0
/Users/heyanfeng/Desktop/STUDY/科研/基于 RGB-Thermal 双模态融合的光伏组件缺陷检测与热斑识别/平台系统_完整版/training_pipeline_v2/prepared/cell_anomaly/images/train/cell0322.png,train,1,1,0
/Users/heyanfeng/Desktop/STUDY/科研/基于 RGB-Thermal 双模态融合的光伏组件缺陷检测与热斑识别/平台系统_完整版/training_pipeline_v2/prepared/cell_anomaly/images/train/cell0662.png,train,1,1,0
/Users/heyanfeng/Desktop/STUDY/科研/基于 RGB-Thermal 双模态融合的光伏组件缺陷检测与热斑识别/平台系统_完整版/training_pipeline_v2/prepared/cell_anomaly/images/train/cell0323.png,train,1,1,0
/Users/heyanfeng/Desktop/STUDY/科研/基于 RGB-Thermal 双模态融合的光伏组件缺陷检测与热斑识别/平台系统_完整版/training_pipeline_v2/prepared/cell_anomaly/images/train/cell0283.png,train,1,1,0
/Users/heyanfeng/Desktop/STUDY/科研/基于 RGB-Thermal 双模态融合的光伏组件缺陷检测与热斑识别/平台系统_完整版/training_pipeline_v2/prepared/cell_anomaly/images/train/cell2350.png,train,1,1,0
/Users/heyanfeng/Desktop/STUDY/科研/基于 RGB-Thermal 双模态融合的光伏组件缺陷检测与热斑识别/平台系统_完整版/training_pipeline_v2/prepared/cell_anomaly/images/train/cell0865.png,train,1,1,0
/Users/heyanfeng/Desktop/STUDY/科研/基于 RGB-Thermal 双模态融合的光伏组件缺陷检测与热斑识别/平台系统_完整版/training_pipeline_v2/prepared/cell_anomaly/images/train/cell0881.png,train,1,1,0
/Users/heyanfeng/Desktop/STUDY/科研/基于 RGB-Thermal 双模态融合的光伏组件缺陷检测与热斑识别/平台系统_完整版/training_pipeline_v2/prepared/cell_anomaly/images/train/cell0141.png,train,1,1,0
/Users/heyanfeng/Desktop/STUDY/科研/基于 RGB-Thermal 双模态融合的光伏组件缺陷检测与热斑识别/平台系统_完整版/training_pipeline_v2/prepared/cell_anomaly/images/train/cell0886.png,train,1,1,0
/Users/heyanfeng/Desktop/STUDY/科研/基于 RGB-Thermal 双模态融合的光伏组件缺陷检测与热斑识别/平台系统_完整版/training_pipeline_v2/prepared/cell_anomaly/images/train/cell0343.png,train,1,1,0
/Users/heyanfeng/Desktop/STUDY/科研/基于 RGB-Thermal 双模态融合的光伏组件缺陷检测与热斑识别/平台系统_完整版/training_pipeline_v2/prepared/cell_anomaly/images/train/cell0299.png,train,1,1,0
/Users/heyanfeng/Desktop/STUDY/科研/基于 RGB-Thermal 双模态融合的光伏组件缺陷检测与热斑识别/平台系统_完整版/training_pipeline_v2/prepared/cell_anomaly/images/train/cell0146.png,train,1,1,0
/Users/heyanfeng/Desktop/STUDY/科研/基于 RGB-Thermal 双模态融合的光伏组件缺陷检测与热斑识别/平台系统_完整版/training_pipeline_v2/prepared/cell_anomaly/images/train/cell0860.png,train,1,1,0
/Users/heyanfeng/Desktop/STUDY/科研/基于 RGB-Thermal 双模态融合的光伏组件缺陷检测与热斑识别/平台系统_完整版/training_pipeline_v2/prepared/cell_anomaly/images/train/cell2546.png,train,1,1,0
/Users/heyanfeng/Desktop/STUDY/科研/基于 RGB-Thermal 双模态融合的光伏组件缺陷检测与热斑识别/平台系统_完整版/training_pipeline_v2/prepared/cell_anomaly/images/train/cell0861.png,train,1,1,0
/Users/heyanfeng/Desktop/STUDY/科研/基于 RGB-Thermal 双模态融合的光伏组件缺陷检测与热斑识别/平台系统_完整版/training_pipeline_v2/prepared/cell_anomaly/images/train/cell0257.png,train,1,1,0
/Users/heyanfeng/Desktop/STUDY/科研/基于 RGB-Thermal 双模态融合的光伏组件缺陷检测与热斑识别/平台系统_完整版/training_pipeline_v2/prepared/cell_anomaly/images/train/cell0347.png,train,1,1,0
/Users/heyanfeng/Desktop/STUDY/科研/基于 RGB-Thermal 双模态融合的光伏组件缺陷检测与热斑识别/平台系统_完整版/training_pipeline_v2/prepared/cell_anomaly/images/train/cell0564.png,train,1,1,0
/Users/heyanfeng/Desktop/STUDY/科研/基于 RGB-Thermal 双模态融合的光伏组件缺陷检测与热斑识别/平台系统_完整版/training_pipeline_v2/prepared/cell_anomaly/images/train/cell2509.png,train,1,1,0
/Users/heyanfeng/Desktop/STUDY/科研/基于 RGB-Thermal 双模态融合的光伏组件缺陷检测与热斑识别/平台系统_完整版/training_pipeline_v2/prepared/cell_anomaly/images/train/cell0264.png,train,1,1,0
/Users/heyanfeng/Desktop/STUDY/科研/基于 RGB-Thermal 双模态融合的光伏组件缺陷检测与热斑识别/平台系统_完整版/training_pipeline_v2/prepared/cell_anomaly/images/train/cell0076.png,train,1,1,0
/Users/heyanfeng/Desktop/STUDY/科研/基于 RGB-Thermal 双模态融合的光伏组件缺陷检测与热斑识别/平台系统_完整版/training_pipeline_v2/prepared/cell_anomaly/images/train/cell0290.png,train,1,1,0
/Users/heyanfeng/Desktop/STUDY/科研/基于 RGB-Thermal 双模态融合的光伏组件缺陷检测与热斑识别/平台系统_完整版/training_pipeline_v2/prepared/cell_anomaly/images/train/cell2122.png,train,1,1,0
/Users/heyanfeng/Desktop/STUDY/科研/基于 RGB-Thermal 双模态融合的光伏组件缺陷检测与热斑识别/平台系统_完整版/training_pipeline_v2/prepared/cell_anomaly/images/train/cell0319.png,train,1,1,0
/Users/heyanfeng/Desktop/STUDY/科研/基于 RGB-Thermal 双模态融合的光伏组件缺陷检测与热斑识别/平台系统_完整版/training_pipeline_v2/prepared/cell_anomaly/images/train/cell0155.png,train,1,1,0
/Users/heyanfeng/Desktop/STUDY/科研/基于 RGB-Thermal 双模态融合的光伏组件缺陷检测与热斑识别/平台系统_完整版/training_pipeline_v2/prepared/cell_anomaly/images/train/cell0200.png,train,1,1,0
/Users/heyanfeng/Desktop/STUDY/科研/基于 RGB-Thermal 双模态融合的光伏组件缺陷检测与热斑识别/平台系统_完整版/training_pipeline_v2/prepared/cell_anomaly/images/train/cell0713.png,train,1,1,0
/Users/heyanfeng/Desktop/STUDY/科研/基于 RGB-Thermal 双模态融合的光伏组件缺陷检测与热斑识别/平台系统_完整版/training_pipeline_v2/prepared/cell_anomaly/images/train/cell0305.png,train,1,1,0
/Users/heyanfeng/Desktop/STUDY/科研/基于 RGB-Thermal 双模态融合的光伏组件缺陷检测与热斑识别/平台系统_完整版/training_pipeline_v2/prepared/cell_anomaly/images/train/cell0115.png,train,1,1,0
/Users/heyanfeng/Desktop/STUDY/科研/基于 RGB-Thermal 双模态融合的光伏组件缺陷检测与热斑识别/平台系统_完整版/training_pipeline_v2/prepared/cell_anomaly/images/train/cell0674.png,train,1,1,0
/Users/heyanfeng/Desktop/STUDY/科研/基于 RGB-Thermal 双模态融合的光伏组件缺陷检测与热斑识别/平台系统_完整版/training_pipeline_v2/prepared/cell_anomaly/images/train/cell0873.png,train,1,1,0
/Users/heyanfeng/Desktop/STUDY/科研/基于 RGB-Thermal 双模态融合的光伏组件缺陷检测与热斑识别/平台系统_完整版/training_pipeline_v2/prepared/cell_anomaly/images/train/cell0091.png,train,1,1,0
/Users/heyanfeng/Desktop/STUDY/科研/基于 RGB-Thermal 双模态融合的光伏组件缺陷检测与热斑识别/平台系统_完整版/training_pipeline_v2/prepared/cell_anomaly/images/train/cell0213.png,train,1,1,0
/Users/heyanfeng/Desktop/STUDY/科研/基于 RGB-Thermal 双模态融合的光伏组件缺陷检测与热斑识别/平台系统_完整版/training_pipeline_v2/prepared/cell_anomaly/images/train/cell0292.png,train,1,1,0
/Users/heyanfeng/Desktop/STUDY/科研/基于 RGB-Thermal 双模态融合的光伏组件缺陷检测与热斑识别/平台系统_完整版/training_pipeline_v2/prepared/cell_anomaly/images/train/cell2526.png,train,1,1,0
/Users/heyanfeng/Desktop/STUDY/科研/基于 RGB-Thermal 双模态融合的光伏组件缺陷检测与热斑识别/平台系统_完整版/training_pipeline_v2/prepared/cell_anomaly/images/train/cell0640.png,train,1,1,0
/Users/heyanfeng/Desktop/STUDY/科研/基于 RGB-Thermal 双模态融合的光伏组件缺陷检测与热斑识别/平台系统_完整版/training_pipeline_v2/prepared/cell_anomaly/images/train/cell2055.png,train,1,1,0
/Users/heyanfeng/Desktop/STUDY/科研/基于 RGB-Thermal 双模态融合的光伏组件缺陷检测与热斑识别/平台系统_完整版/training_pipeline_v2/prepared/cell_anomaly/images/train/cell0887.png,train,1,1,0
/Users/heyanfeng/Desktop/STUDY/科研/基于 RGB-Thermal 双模态融合的光伏组件缺陷检测与热斑识别/平台系统_完整版/training_pipeline_v2/prepared/cell_anomaly/images/train/cell0863.png,train,1,1,0
/Users/heyanfeng/Desktop/STUDY/科研/基于 RGB-Thermal 双模态融合的光伏组件缺陷检测与热斑识别/平台系统_完整版/training_pipeline_v2/prepared/cell_anomaly/images/train/cell0741.png,train,1,1,0
/Users/heyanfeng/Desktop/STUDY/科研/基于 RGB-Thermal 双模态融合的光伏组件缺陷检测与热斑识别/平台系统_完整版/training_pipeline_v2/prepared/cell_anomaly/images/train/cell2516.png,train,1,1,0
/Users/heyanfeng/Desktop/STUDY/科研/基于 RGB-Thermal 双模态融合的光伏组件缺陷检测与热斑识别/平台系统_完整版/training_pipeline_v2/prepared/cell_anomaly/images/train/cell0852.png,train,1,1,0
/Users/heyanfeng/Desktop/STUDY/科研/基于 RGB-Thermal 双模态融合的光伏组件缺陷检测与热斑识别/平台系统_完整版/training_pipeline_v2/prepared/cell_anomaly/images/train/cell0235.png,train,1,1,0
/Users/heyanfeng/Desktop/STUDY/科研/基于 RGB-Thermal 双模态融合的光伏组件缺陷检测与热斑识别/平台系统_完整版/training_pipeline_v2/prepared/cell_anomaly/images/train/cell0636.png,train,1,1,0
/Users/heyanfeng/Desktop/STUDY/科研/基于 RGB-Thermal 双模态融合的光伏组件缺陷检测与热斑识别/平台系统_完整版/training_pipeline_v2/prepared/cell_anomaly/images/train/cell0171.png,train,1,1,0
/Users/heyanfeng/Desktop/STUDY/科研/基于 RGB-Thermal 双模态融合的光伏组件缺陷检测与热斑识别/平台系统_完整版/training_pipeline_v2/prepared/cell_anomaly/images/train/cell0268.png,train,1,1,0
/Users/heyanfeng/Desktop/STUDY/科研/基于 RGB-Thermal 双模态融合的光伏组件缺陷检测与热斑识别/平台系统_完整版/training_pipeline_v2/prepared/cell_anomaly/images/train/cell0654.png,train,1,1,0
/Users/heyanfeng/Desktop/STUDY/科研/基于 RGB-Thermal 双模态融合的光伏组件缺陷检测与热斑识别/平台系统_完整版/training_pipeline_v2/prepared/cell_anomaly/images/train/cell0878.png,train,1,1,0
/Users/heyanfeng/Desktop/STUDY/科研/基于 RGB-Thermal 双模态融合的光伏组件缺陷检测与热斑识别/平台系统_完整版/training_pipeline_v2/prepared/cell_anomaly/images/train/cell0578.png,train,1,1,0
/Users/heyanfeng/Desktop/STUDY/科研/基于 RGB-Thermal 双模态融合的光伏组件缺陷检测与热斑识别/平台系统_完整版/training_pipeline_v2/prepared/cell_anomaly/images/train/cell0693.png,train,1,1,0
/Users/heyanfeng/Desktop/STUDY/科研/基于 RGB-Thermal 双模态融合的光伏组件缺陷检测与热斑识别/平台系统_完整版/training_pipeline_v2/prepared/cell_anomaly/images/train/cell0616.png,train,1,1,0
/Users/heyanfeng/Desktop/STUDY/科研/基于 RGB-Thermal 双模态融合的光伏组件缺陷检测与热斑识别/平台系统_完整版/training_pipeline_v2/prepared/cell_anomaly/images/train/cell0851.png,train,1,1,0
/Users/heyanfeng/Desktop/STUDY/科研/基于 RGB-Thermal 双模态融合的光伏组件缺陷检测与热斑识别/平台系统_完整版/training_pipeline_v2/prepared/cell_anomaly/images/train/cell0758.png,train,1,1,0
/Users/heyanfeng/Desktop/STUDY/科研/基于 RGB-Thermal 双模态融合的光伏组件缺陷检测与热斑识别/平台系统_完整版/training_pipeline_v2/prepared/cell_anomaly/images/train/cell2081.png,train,1,1,0
/Users/heyanfeng/Desktop/STUDY/科研/基于 RGB-Thermal 双模态融合的光伏组件缺陷检测与热斑识别/平台系统_完整版/training_pipeline_v2/prepared/cell_anomaly/images/train/cell0196.png,train,1,1,0
/Users/heyanfeng/Desktop/STUDY/科研/基于 RGB-Thermal 双模态融合的光伏组件缺陷检测与热斑识别/平台系统_完整版/training_pipeline_v2/prepared/cell_anomaly/images/train/cell0743.png,train,1,1,0
/Users/heyanfeng/Desktop/STUDY/科研/基于 RGB-Thermal 双模态融合的光伏组件缺陷检测与热斑识别/平台系统_完整版/training_pipeline_v2/prepared/cell_anomaly/images/train/cell0672.png,train,1,1,0
/Users/heyanfeng/Desktop/STUDY/科研/基于 RGB-Thermal 双模态融合的光伏组件缺陷检测与热斑识别/平台系统_完整版/training_pipeline_v2/prepared/cell_anomaly/images/train/cell0212.png,train,1,1,0
/Users/heyanfeng/Desktop/STUDY/科研/基于 RGB-Thermal 双模态融合的光伏组件缺陷检测与热斑识别/平台系统_完整版/training_pipeline_v2/prepared/cell_anomaly/images/train/cell1712.png,train,1,1,0
/Users/heyanfeng/Desktop/STUDY/科研/基于 RGB-Thermal 双模态融合的光伏组件缺陷检测与热斑识别/平台系统_完整版/training_pipeline_v2/prepared/cell_anomaly/images/train/cell0842.png,train,1,1,0
/Users/heyanfeng/Desktop/STUDY/科研/基于 RGB-Thermal 双模态融合的光伏组件缺陷检测与热斑识别/平台系统_完整版/training_pipeline_v2/prepared/cell_anomaly/images/train/cell0888.png,train,1,1,0
/Users/heyanfeng/Desktop/STUDY/科研/基于 RGB-Thermal 双模态融合的光伏组件缺陷检测与热斑识别/平台系统_完整版/training_pipeline_v2/prepared/cell_anomaly/images/train/cell0696.png,train,1,1,0
/Users/heyanfeng/Desktop/STUDY/科研/基于 RGB-Thermal 双模态融合的光伏组件缺陷检测与热斑识别/平台系统_完整版/training_pipeline_v2/prepared/cell_anomaly/images/train/cell0790.png,train,1,1,0
/Users/heyanfeng/Desktop/STUDY/科研/基于 RGB-Thermal 双模态融合的光伏组件缺陷检测与热斑识别/平台系统_完整版/training_pipeline_v2/prepared/cell_anomaly/images/train/cell0147.png,train,1,1,0
/Users/heyanfeng/Desktop/STUDY/科研/基于 RGB-Thermal 双模态融合的光伏组件缺陷检测与热斑识别/平台系统_完整版/training_pipeline_v2/prepared/cell_anomaly/images/train/cell2038.png,train,1,1,0
/Users/heyanfeng/Desktop/STUDY/科研/基于 RGB-Thermal 双模态融合的光伏组件缺陷检测与热斑识别/平台系统_完整版/training_pipeline_v2/prepared/cell_anomaly/images/train/cell0342.png,train,1,1,0
/Users/heyanfeng/Desktop/STUDY/科研/基于 RGB-Thermal 双模态融合的光伏组件缺陷检测与热斑识别/平台系统_完整版/training_pipeline_v2/prepared/cell_anomaly/images/train/cell0699.png,train,1,1,0
/Users/heyanfeng/Desktop/STUDY/科研/基于 RGB-Thermal 双模态融合的光伏组件缺陷检测与热斑识别/平台系统_完整版/training_pipeline_v2/prepared/cell_anomaly/images/train/cell0223.png,train,1,1,0
/Users/heyanfeng/Desktop/STUDY/科研/基于 RGB-Thermal 双模态融合的光伏组件缺陷检测与热斑识别/平台系统_完整版/training_pipeline_v2/prepared/cell_anomaly/images/train/cell0644.png,train,1,1,0
/Users/heyanfeng/Desktop/STUDY/科研/基于 RGB-Thermal 双模态融合的光伏组件缺陷检测与热斑识别/平台系统_完整版/training_pipeline_v2/prepared/cell_anomaly/images/train/cell0077.png,train,1,1,0
/Users/heyanfeng/Desktop/STUDY/科研/基于 RGB-Thermal 双模态融合的光伏组件缺陷检测与热斑识别/平台系统_完整版/training_pipeline_v2/prepared/cell_anomaly/images/train/cell0695.png,train,1,1,0
/Users/heyanfeng/Desktop/STUDY/科研/基于 RGB-Thermal 双模态融合的光伏组件缺陷检测与热斑识别/平台系统_完整版/training_pipeline_v2/prepared/cell_anomaly/images/train/cell2538.png,train,1,1,0
/Users/heyanfeng/Desktop/STUDY/科研/基于 RGB-Thermal 双模态融合的光伏组件缺陷检测与热斑识别/平台系统_完整版/training_pipeline_v2/prepared/cell_anomaly/images/train/cell0680.png,train,1,1,0
/Users/heyanfeng/Desktop/STUDY/科研/基于 RGB-Thermal 双模态融合的光伏组件缺陷检测与热斑识别/平台系统_完整版/training_pipeline_v2/prepared/cell_anomaly/images/train/cell0870.png,train,1,1,0
/Users/heyanfeng/Desktop/STUDY/科研/基于 RGB-Thermal 双模态融合的光伏组件缺陷检测与热斑识别/平台系统_完整版/training_pipeline_v2/prepared/cell_anomaly/images/train/cell0792.png,train,1,1,0
/Users/heyanfeng/Desktop/STUDY/科研/基于 RGB-Thermal 双模态融合的光伏组件缺陷检测与热斑识别/平台系统_完整版/training_pipeline_v2/prepared/cell_anomaly/images/train/cell2074.png,train,1,1,0
/Users/heyanfeng/Desktop/STUDY/科研/基于 RGB-Thermal 双模态融合的光伏组件缺陷检测与热斑识别/平台系统_完整版/training_pipeline_v2/prepared/cell_anomaly/images/train/cell1989.png,train,1,1,0
/Users/heyanfeng/Desktop/STUDY/科研/基于 RGB-Thermal 双模态融合的光伏组件缺陷检测与热斑识别/平台系统_完整版/training_pipeline_v2/prepared/cell_anomaly/images/train/cell0297.png,train,1,1,0
/Users/heyanfeng/Desktop/STUDY/科研/基于 RGB-Thermal 双模态融合的光伏组件缺陷检测与热斑识别/平台系统_完整版/training_pipeline_v2/prepared/cell_anomaly/images/train/cell0742.png,train,1,1,0
/Users/heyanfeng/Desktop/STUDY/科研/基于 RGB-Thermal 双模态融合的光伏组件缺陷检测与热斑识别/平台系统_完整版/training_pipeline_v2/prepared/cell_anomaly/images/train/cell0626.png,train,1,1,0
/Users/heyanfeng/Desktop/STUDY/科研/基于 RGB-Thermal 双模态融合的光伏组件缺陷检测与热斑识别/平台系统_完整版/training_pipeline_v2/prepared/cell_anomaly/images/train/cell0229.png,train,1,1,0
/Users/heyanfeng/Desktop/STUDY/科研/基于 RGB-Thermal 双模态融合的光伏组件缺陷检测与热斑识别/平台系统_完整版/training_pipeline_v2/prepared/cell_anomaly/images/test/cell1624.png,test,1,1,1
/Users/heyanfeng/Desktop/STUDY/科研/基于 RGB-Thermal 双模态融合的光伏组件缺陷检测与热斑识别/平台系统_完整版/training_pipeline_v2/prepared/cell_anomaly/images/test/cell1629.png,test,1,1,1
/Users/heyanfeng/Desktop/STUDY/科研/基于 RGB-Thermal 双模态融合的光伏组件缺陷检测与热斑识别/平台系统_完整版/training_pipeline_v2/prepared/cell_anomaly/images/test/cell0320.png,test,1,1,1
/Users/heyanfeng/Desktop/STUDY/科研/基于 RGB-Thermal 双模态融合的光伏组件缺陷检测与热斑识别/平台系统_完整版/training_pipeline_v2/prepared/cell_anomaly/images/test/cell1671.png,test,1,1,1
/Users/heyanfeng/Desktop/STUDY/科研/基于 RGB-Thermal 双模态融合的光伏组件缺陷检测与热斑识别/平台系统_完整版/training_pipeline_v2/prepared/cell_anomaly/images/test/cell1674.png,test,1,1,1
/Users/heyanfeng/Desktop/STUDY/科研/基于 RGB-Thermal 双模态融合的光伏组件缺陷检测与热斑识别/平台系统_完整版/training_pipeline_v2/prepared/cell_anomaly/images/test/cell1672.png,test,1,1,1
/Users/heyanfeng/Desktop/STUDY/科研/基于 RGB-Thermal 双模态融合的光伏组件缺陷检测与热斑识别/平台系统_完整版/training_pipeline_v2/prepared/cell_anomaly/images/test/cell1655.png,test,1,1,1
/Users/heyanfeng/Desktop/STUDY/科研/基于 RGB-Thermal 双模态融合的光伏组件缺陷检测与热斑识别/平台系统_完整版/training_pipeline_v2/prepared/cell_anomaly/images/test/cell1626.png,test,1,1,1
/Users/heyanfeng/Desktop/STUDY/科研/基于 RGB-Thermal 双模态融合的光伏组件缺陷检测与热斑识别/平台系统_完整版/training_pipeline_v2/prepared/cell_anomaly/images/val/cell0266.png,val,1,1,1
/Users/heyanfeng/Desktop/STUDY/科研/基于 RGB-Thermal 双模态融合的光伏组件缺陷检测与热斑识别/平台系统_完整版/training_pipeline_v2/prepared/cell_anomaly/images/val/cell1631.png,val,1,1,1
/Users/heyanfeng/Desktop/STUDY/科研/基于 RGB-Thermal 双模态融合的光伏组件缺陷检测与热斑识别/平台系统_完整版/training_pipeline_v2/prepared/cell_anomaly/images/val/cell0249.png,val,1,1,1
/Users/heyanfeng/Desktop/STUDY/科研/基于 RGB-Thermal 双模态融合的光伏组件缺陷检测与热斑识别/平台系统_完整版/training_pipeline_v2/prepared/cell_anomaly/images/val/cell1627.png,val,1,1,1
/Users/heyanfeng/Desktop/STUDY/科研/基于 RGB-Thermal 双模态融合的光伏组件缺陷检测与热斑识别/平台系统_完整版/training_pipeline_v2/prepared/cell_anomaly/images/val/cell1668.png,val,1,1,1
/Users/heyanfeng/Desktop/STUDY/科研/基于 RGB-Thermal 双模态融合的光伏组件缺陷检测与热斑识别/平台系统_完整版/training_pipeline_v2/prepared/cell_anomaly/images/val/cell1665.png,val,1,1,1
/Users/heyanfeng/Desktop/STUDY/科研/基于 RGB-Thermal 双模态融合的光伏组件缺陷检测与热斑识别/平台系统_完整版/training_pipeline_v2/prepared/cell_anomaly/images/val/cell1637.png,val,1,1,1
/Users/heyanfeng/Desktop/STUDY/科研/基于 RGB-Thermal 双模态融合的光伏组件缺陷检测与热斑识别/平台系统_完整版/training_pipeline_v2/prepared/cell_anomaly/images/val/cell1647.png,val,1,1,1
/Users/heyanfeng/Desktop/STUDY/科研/基于 RGB-Thermal 双模态融合的光伏组件缺陷检测与热斑识别/平台系统_完整版/training_pipeline_v2/prepared/cell_anomaly/images/train/cell1628.png,train,1,1,1
/Users/heyanfeng/Desktop/STUDY/科研/基于 RGB-Thermal 双模态融合的光伏组件缺陷检测与热斑识别/平台系统_完整版/training_pipeline_v2/prepared/cell_anomaly/images/train/cell1618.png,train,1,1,1
/Users/heyanfeng/Desktop/STUDY/科研/基于 RGB-Thermal 双模态融合的光伏组件缺陷检测与热斑识别/平台系统_完整版/training_pipeline_v2/prepared/cell_anomaly/images/train/cell0244.png,train,1,1,1
/Users/heyanfeng/Desktop/STUDY/科研/基于 RGB-Thermal 双模态融合的光伏组件缺陷检测与热斑识别/平台系统_完整版/training_pipeline_v2/prepared/cell_anomaly/images/train/cell2544.png,train,1,1,1
/Users/heyanfeng/Desktop/STUDY/科研/基于 RGB-Thermal 双模态融合的光伏组件缺陷检测与热斑识别/平台系统_完整版/training_pipeline_v2/prepared/cell_anomaly/images/train/cell1625.png,train,1,1,1
/Users/heyanfeng/Desktop/STUDY/科研/基于 RGB-Thermal 双模态融合的光伏组件缺陷检测与热斑识别/平台系统_完整版/training_pipeline_v2/prepared/cell_anomaly/images/train/cell0603.png,train,1,1,1
/Users/heyanfeng/Desktop/STUDY/科研/基于 RGB-Thermal 双模态融合的光伏组件缺陷检测与热斑识别/平台系统_完整版/training_pipeline_v2/prepared/cell_anomaly/images/train/cell1638.png,train,1,1,1
/Users/heyanfeng/Desktop/STUDY/科研/基于 RGB-Thermal 双模态融合的光伏组件缺陷检测与热斑识别/平台系统_完整版/training_pipeline_v2/prepared/cell_anomaly/images/train/cell1667.png,train,1,1,1
/Users/heyanfeng/Desktop/STUDY/科研/基于 RGB-Thermal 双模态融合的光伏组件缺陷检测与热斑识别/平台系统_完整版/training_pipeline_v2/prepared/cell_anomaly/images/train/cell0882.png,train,1,1,1
/Users/heyanfeng/Desktop/STUDY/科研/基于 RGB-Thermal 双模态融合的光伏组件缺陷检测与热斑识别/平台系统_完整版/training_pipeline_v2/prepared/cell_anomaly/images/train/cell1635.png,train,1,1,1
/Users/heyanfeng/Desktop/STUDY/科研/基于 RGB-Thermal 双模态融合的光伏组件缺陷检测与热斑识别/平台系统_完整版/training_pipeline_v2/prepared/cell_anomaly/images/train/cell2052.png,train,1,1,1
/Users/heyanfeng/Desktop/STUDY/科研/基于 RGB-Thermal 双模态融合的光伏组件缺陷检测与热斑识别/平台系统_完整版/training_pipeline_v2/prepared/cell_anomaly/images/train/cell1666.png,train,1,1,1
/Users/heyanfeng/Desktop/STUDY/科研/基于 RGB-Thermal 双模态融合的光伏组件缺陷检测与热斑识别/平台系统_完整版/training_pipeline_v2/prepared/cell_anomaly/images/train/cell2057.png,train,1,1,1
/Users/heyanfeng/Desktop/STUDY/科研/基于 RGB-Thermal 双模态融合的光伏组件缺陷检测与热斑识别/平台系统_完整版/training_pipeline_v2/prepared/cell_anomaly/images/train/cell1670.png,train,1,1,1
/Users/heyanfeng/Desktop/STUDY/科研/基于 RGB-Thermal 双模态融合的光伏组件缺陷检测与热斑识别/平台系统_完整版/training_pipeline_v2/prepared/cell_anomaly/images/train/cell1657.png,train,1,1,1
/Users/heyanfeng/Desktop/STUDY/科研/基于 RGB-Thermal 双模态融合的光伏组件缺陷检测与热斑识别/平台系统_完整版/training_pipeline_v2/prepared/cell_anomaly/images/train/cell0835.png,train,1,1,1
/Users/heyanfeng/Desktop/STUDY/科研/基于 RGB-Thermal 双模态融合的光伏组件缺陷检测与热斑识别/平台系统_完整版/training_pipeline_v2/prepared/cell_anomaly/images/train/cell1651.png,train,1,1,1
/Users/heyanfeng/Desktop/STUDY/科研/基于 RGB-Thermal 双模态融合的光伏组件缺陷检测与热斑识别/平台系统_完整版/training_pipeline_v2/prepared/cell_anomaly/images/train/cell1650.png,train,1,1,1
/Users/heyanfeng/Desktop/STUDY/科研/基于 RGB-Thermal 双模态融合的光伏组件缺陷检测与热斑识别/平台系统_完整版/training_pipeline_v2/prepared/cell_anomaly/images/train/cell0660.png,train,1,1,1
/Users/heyanfeng/Desktop/STUDY/科研/基于 RGB-Thermal 双模态融合的光伏组件缺陷检测与热斑识别/平台系统_完整版/training_pipeline_v2/prepared/cell_anomaly/images/train/cell1653.png,train,1,1,1
/Users/heyanfeng/Desktop/STUDY/科研/基于 RGB-Thermal 双模态融合的光伏组件缺陷检测与热斑识别/平台系统_完整版/training_pipeline_v2/prepared/cell_anomaly/images/train/cell1632.png,train,1,1,1
/Users/heyanfeng/Desktop/STUDY/科研/基于 RGB-Thermal 双模态融合的光伏组件缺陷检测与热斑识别/平台系统_完整版/training_pipeline_v2/prepared/cell_anomaly/images/train/cell0686.png,train,1,1,1
/Users/heyanfeng/Desktop/STUDY/科研/基于 RGB-Thermal 双模态融合的光伏组件缺陷检测与热斑识别/平台系统_完整版/training_pipeline_v2/prepared/cell_anomaly/images/train/cell1633.png,train,1,1,1
/Users/heyanfeng/Desktop/STUDY/科研/基于 RGB-Thermal 双模态融合的光伏组件缺陷检测与热斑识别/平台系统_完整版/training_pipeline_v2/prepared/cell_anomaly/images/train/cell0889.png,train,1,1,1
/Users/heyanfeng/Desktop/STUDY/科研/基于 RGB-Thermal 双模态融合的光伏组件缺陷检测与热斑识别/平台系统_完整版/training_pipeline_v2/prepared/cell_anomaly/images/train/cell1621.png,train,1,1,1
/Users/heyanfeng/Desktop/STUDY/科研/基于 RGB-Thermal 双模态融合的光伏组件缺陷检测与热斑识别/平台系统_完整版/training_pipeline_v2/prepared/cell_anomaly/images/train/cell1615.png,train,1,1,1
/Users/heyanfeng/Desktop/STUDY/科研/基于 RGB-Thermal 双模态融合的光伏组件缺陷检测与热斑识别/平台系统_完整版/training_pipeline_v2/prepared/cell_anomaly/images/train/cell1673.png,train,1,1,1
/Users/heyanfeng/Desktop/STUDY/科研/基于 RGB-Thermal 双模态融合的光伏组件缺陷检测与热斑识别/平台系统_完整版/training_pipeline_v2/prepared/cell_anomaly/images/train/cell1639.png,train,1,1,1
/Users/heyanfeng/Desktop/STUDY/科研/基于 RGB-Thermal 双模态融合的光伏组件缺陷检测与热斑识别/平台系统_完整版/training_pipeline_v2/prepared/cell_anomaly/images/train/cell1643.png,train,1,1,1
/Users/heyanfeng/Desktop/STUDY/科研/基于 RGB-Thermal 双模态融合的光伏组件缺陷检测与热斑识别/平台系统_完整版/training_pipeline_v2/prepared/cell_anomaly/images/train/cell1645.png,train,1,1,1
/Users/heyanfeng/Desktop/STUDY/科研/基于 RGB-Thermal 双模态融合的光伏组件缺陷检测与热斑识别/平台系统_完整版/training_pipeline_v2/prepared/cell_anomaly/images/train/cell0897.png,train,1,1,1
/Users/heyanfeng/Desktop/STUDY/科研/基于 RGB-Thermal 双模态融合的光伏组件缺陷检测与热斑识别/平台系统_完整版/training_pipeline_v2/prepared/cell_anomaly/images/train/cell2071.png,train,1,1,1
/Users/heyanfeng/Desktop/STUDY/科研/基于 RGB-Thermal 双模态融合的光伏组件缺陷检测与热斑识别/平台系统_完整版/training_pipeline_v2/prepared/cell_anomaly/images/train/cell0668.png,train,1,1,1
/Users/heyanfeng/Desktop/STUDY/科研/基于 RGB-Thermal 双模态融合的光伏组件缺陷检测与热斑识别/平台系统_完整版/training_pipeline_v2/prepared/cell_anomaly/images/train/cell1622.png,train,1,1,1
/Users/heyanfeng/Desktop/STUDY/科研/基于 RGB-Thermal 双模态融合的光伏组件缺陷检测与热斑识别/平台系统_完整版/training_pipeline_v2/prepared/cell_anomaly/images/train/cell0312.png,train,1,1,1
/Users/heyanfeng/Desktop/STUDY/科研/基于 RGB-Thermal 双模态融合的光伏组件缺陷检测与热斑识别/平台系统_完整版/training_pipeline_v2/prepared/cell_anomaly/images/train/cell0602.png,train,1,1,1
